	Date	Time	Icethick	Slush	Load	Tair
0	2017-12-06	00:00:00	0.0	0.0	-2.5	-11.054
1	2017-12-06	01:00:00	0.0	0.0	-2.5	-11.754
2	2017-12-06	02:00:00	0.0	0.0	-2.5	-11.654
3	2017-12-06	03:00:00	0.0	0.0	-2.5	-12.654
4	2017-12-06	04:00:00	0.0	0.0	-2.5	-12.554
5	2017-12-06	05:00:00	0.0	0.0	-2.5	-13.254
6	2017-12-06	06:00:00	0.0	0.0	-2.5	-13.054
7	2017-12-06	07:00:00	0.0	0.0	-2.5	-12.954
8	2017-12-06	08:00:00	0.0	0.0	-2.5	-12.554
9	2017-12-06	09:00:00	0.0	0.0	-2.5	-10.854
10	2017-12-06	10:00:00	0.0	0.0	-2.5	-8.054
11	2017-12-06	11:00:00	0.0	0.0	-2.5	-5.454
12	2017-12-06	12:00:00	0.0	0.0	-2.5	-3.854
13	2017-12-06	13:00:00	0.0	0.0	-2.5	-1.754
14	2017-12-06	14:00:00	0.0	0.0	-2.5	-1.254
15	2017-12-06	15:00:00	0.0	0.0	-2.5	-3.054
16	2017-12-06	16:00:00	0.0	0.0	-2.5	-6.854
17	2017-12-06	17:00:00	0.0	0.0	-2.5	-7.054
18	2017-12-06	18:00:00	0.0	0.0	-2.5	-9.254
19	2017-12-06	19:00:00	0.0	0.0	-2.5	-10.054
20	2017-12-06	20:00:00	0.0	0.0	-2.5	-10.454
21	2017-12-06	21:00:00	0.0	0.0	-2.5	-11.854
22	2017-12-06	22:00:00	0.0	0.0	-2.5	-12.054
23	2017-12-06	23:00:00	0.0	0.0	-2.5	-12.054
24	2017-12-07	00:00:00	0.0	0.0	-2.5	-12.954
25	2017-12-07	01:00:00	0.0	0.0	-2.5	-12.554
26	2017-12-07	02:00:00	0.0	0.0	-2.5	-12.954
27	2017-12-07	03:00:00	0.0	0.0	-2.5	-13.754
28	2017-12-07	04:00:00	1.0	0.0	-2.5	-13.754
29	2017-12-07	05:00:00	1.0	0.0	-2.5	-13.654
30	2017-12-07	06:00:00	1.0	0.0	-2.5	-13.754
31	2017-12-07	07:00:00	1.0	0.0	-2.5	-13.854
32	2017-12-07	08:00:00	1.0	0.0	-2.5	-13.454
33	2017-12-07	09:00:00	1.0	0.0	-2.5	-10.454
34	2017-12-07	10:00:00	1.0	0.0	-2.5	-7.954
35	2017-12-07	11:00:00	1.0	0.0	-2.5	-4.254
36	2017-12-07	12:00:00	1.0	0.0	-2.5	-0.054
37	2017-12-07	13:00:00	1.0	0.0	-2.5	0.746
38	2017-12-07	14:00:00	1.0	0.0	-2.5	0.046
39	2017-12-07	15:00:00	1.0	0.0	-2.5	-1.954
40	2017-12-07	16:00:00	1.0	0.0	-2.5	-2.954
41	2017-12-07	17:00:00	1.0	0.0	-2.5	-3.754
42	2017-12-07	18:00:00	1.0	0.0	-2.5	-4.054
43	2017-12-07	19:00:00	1.0	0.0	-2.5	-4.054
44	2017-12-07	20:00:00	1.0	0.0	-2.5	-4.754
45	2017-12-07	21:00:00	1.0	0.0	-2.5	-6.854
46	2017-12-07	22:00:00	1.0	0.0	-2.5	-5.554
47	2017-12-07	23:00:00	1.0	0.0	-2.5	-4.154
48	2017-12-08	00:00:00	1.0	0.0	-2.5	-3.454
49	2017-12-08	01:00:00	1.0	0.0	-2.5	-4.954
50	2017-12-08	02:00:00	1.0	0.0	-2.5	-6.154
51	2017-12-08	03:00:00	1.0	0.0	-2.5	-3.654
52	2017-12-08	04:00:00	1.0	0.0	-2.5	-2.554
53	2017-12-08	05:00:00	1.0	0.0	-2.5	-1.854
54	2017-12-08	06:00:00	1.0	0.0	-2.5	-1.954
55	2017-12-08	07:00:00	1.0	0.0	-2.5	-1.554
56	2017-12-08	08:00:00	1.0	0.0	-2.5	-1.154
57	2017-12-08	09:00:00	1.0	0.0	-2.5	-0.954
58	2017-12-08	10:00:00	1.0	0.0	-2.5	-0.854
59	2017-12-08	11:00:00	1.0	0.0	-2.5	-1.354
60	2017-12-08	12:00:00	1.0	0.0	-2.5	-1.254
61	2017-12-08	13:00:00	1.0	0.0	-2.5	-1.254
62	2017-12-08	14:00:00	1.0	0.0	-2.5	-1.454
63	2017-12-08	15:00:00	1.0	0.0	-2.5	-1.554
64	2017-12-08	16:00:00	1.0	0.0	-2.5	-2.954
65	2017-12-08	17:00:00	1.0	0.0	-2.5	-3.954
66	2017-12-08	18:00:00	1.0	0.0	-2.5	-4.654
67	2017-12-08	19:00:00	1.0	0.0	-2.5	-5.454
68	2017-12-08	20:00:00	1.0	0.0	-2.5	-5.754
69	2017-12-08	21:00:00	1.0	0.0	-2.5	-5.854
70	2017-12-08	22:00:00	1.0	0.0	-2.5	-6.454
71	2017-12-08	23:00:00	1.0	0.0	-2.5	-6.754
72	2017-12-09	00:00:00	1.0	0.0	-2.5	-7.054
73	2017-12-09	01:00:00	1.0	0.0	-2.5	-7.454
74	2017-12-09	02:00:00	1.0	0.0	-2.5	-7.754
75	2017-12-09	03:00:00	1.0	0.0	-2.5	-8.854
76	2017-12-09	04:00:00	1.0	0.0	-2.5	-8.754
77	2017-12-09	05:00:00	1.0	0.0	-2.5	-9.554
78	2017-12-09	06:00:00	1.0	0.0	-2.5	-9.954
79	2017-12-09	07:00:00	1.0	0.0	-2.5	-9.954
80	2017-12-09	08:00:00	1.0	0.0	-2.5	-10.554
81	2017-12-09	09:00:00	1.0	0.0	-2.5	-10.654
82	2017-12-09	10:00:00	1.0	0.0	-2.5	-9.654
83	2017-12-09	11:00:00	1.0	0.0	-2.5	-9.154
84	2017-12-09	12:00:00	1.0	0.0	-2.5	-8.754
85	2017-12-09	13:00:00	1.5	0.0	-2.5	-9.054
86	2017-12-09	14:00:00	1.5	0.0	-2.5	-9.354
87	2017-12-09	15:00:00	1.5	0.0	-2.5	-10.554
88	2017-12-09	16:00:00	1.5	0.0	-2.5	-12.254
89	2017-12-09	17:00:00	1.5	0.0	-2.5	-13.654
90	2017-12-09	18:00:00	1.5	0.0	-2.5	-15.354
91	2017-12-09	19:00:00	1.5	0.0	-2.5	-16.654
92	2017-12-09	20:00:00	1.5	0.0	-2.5	-17.854
93	2017-12-09	21:00:00	1.5	0.0	-2.5	-18.554
94	2017-12-09	22:00:00	1.5	0.0	-2.5	-18.754
95	2017-12-09	23:00:00	2.0	0.0	-2.5	-18.754
96	2017-12-10	00:00:00	2.0	0.0	-2.5	-19.154
97	2017-12-10	01:00:00	2.0	0.0	-2.5	-18.154
98	2017-12-10	02:00:00	2.0	0.0	-2.5	-16.354
99	2017-12-10	03:00:00	2.0	0.0	-2.5	-16.054
100	2017-12-10	04:00:00	2.0	0.0	-2.5	-15.854
101	2017-12-10	05:00:00	2.0	0.0	-2.5	-14.254
102	2017-12-10	06:00:00	2.0	0.0	-2.5	-9.054
103	2017-12-10	07:00:00	2.0	0.0	-2.5	-8.354
104	2017-12-10	08:00:00	2.0	0.0	-2.5	-8.354
105	2017-12-10	09:00:00	2.0	0.0	-2.5	-8.054
106	2017-12-10	10:00:00	2.5	0.0	-2.5	-7.654
107	2017-12-10	11:00:00	2.5	0.0	-2.5	-6.854
108	2017-12-10	12:00:00	2.5	0.0	-2.5	-6.554
109	2017-12-10	13:00:00	2.5	0.0	-2.5	-6.254
110	2017-12-10	14:00:00	2.5	0.0	-2.5	-6.354
111	2017-12-10	15:00:00	2.5	0.0	-2.5	-5.554
112	2017-12-10	16:00:00	2.5	0.0	-2.5	-4.854
113	2017-12-10	17:00:00	2.5	0.0	-2.5	-4.454
114	2017-12-10	18:00:00	2.5	0.0	-2.5	-4.354
115	2017-12-10	19:00:00	2.5	0.0	-2.5	-4.354
116	2017-12-10	20:00:00	2.5	0.0	-2.5	-4.054
117	2017-12-10	21:00:00	2.5	0.0	-2.5	-3.654
118	2017-12-10	22:00:00	2.5	0.0	-2.5	-3.154
119	2017-12-10	23:00:00	2.5	0.0	-2.5	-2.754
120	2017-12-11	00:00:00	2.5	0.0	-2.5	-2.254
121	2017-12-11	01:00:00	2.5	0.0	-2.5	-1.954
122	2017-12-11	02:00:00	2.5	0.0	-2.5	-1.154
123	2017-12-11	03:00:00	2.5	0.0	-2.5	-0.954
124	2017-12-11	04:00:00	2.5	0.0	-2.5	-1.354
125	2017-12-11	05:00:00	2.5	0.0	-2.5	-1.254
126	2017-12-11	06:00:00	2.5	0.0	2.5	-0.154
127	2017-12-11	07:00:00	2.5	0.0	2.58	1.046
128	2017-12-11	08:00:00	2.5	0.0	2.938	1.446
129	2017-12-11	09:00:00	2.5	0.0	3.612	1.746
130	2017-12-11	10:00:00	2.5	0.0	4.15	2.046
131	2017-12-11	11:00:00	2.5	0.0	4.749	1.746
132	2017-12-11	12:00:00	2.5	0.0	5.202	1.546
133	2017-12-11	13:00:00	2.5	0.0	5.556	1.646
134	2017-12-11	14:00:00	2.5	0.0	5.556	1.646
135	2017-12-11	15:00:00	2.5	0.0	5.556	1.446
136	2017-12-11	16:00:00	2.5	0.0	10.543	1.446
137	2017-12-11	17:00:00	2.5	0.0	11.041	1.246
138	2017-12-11	18:00:00	2.5	0.0	14.815	1.046
139	2017-12-11	19:00:00	2.5	0.0	18.777	0.946
140	2017-12-11	20:00:00	2.5	0.0	21.697	1.846
141	2017-12-11	21:00:00	2.5	0.0	27.548	1.646
142	2017-12-11	22:00:00	2.5	0.0	27.778	1.746
143	2017-12-11	23:00:00	2.5	0.0	27.778	1.746
144	2017-12-12	00:00:00	2.5	0.382	33.333	1.146
145	2017-12-12	01:00:00	2.5	0.382	33.333	0.746
146	2017-12-12	02:00:00	2.5	0.764	33.333	0.846
147	2017-12-12	03:00:00	2.5	0.764	33.333	0.646
148	2017-12-12	04:00:00	2.5	0.764	33.333	0.246
149	2017-12-12	05:00:00	2.5	0.764	33.333	-0.054
150	2017-12-12	06:00:00	2.5	0.764	33.333	-0.254
151	2017-12-12	07:00:00	2.5	0.764	33.333	-0.554
152	2017-12-12	08:00:00	2.5	0.764	33.333	-0.654
153	2017-12-12	09:00:00	2.5	0.764	33.333	-0.354
154	2017-12-12	10:00:00	2.5	0.764	33.333	-0.154
155	2017-12-12	11:00:00	2.5	0.764	33.333	-0.054
156	2017-12-12	12:00:00	2.5	1.146	33.333	-0.454
157	2017-12-12	13:00:00	2.5	1.528	33.333	-0.854
158	2017-12-12	14:00:00	2.5	2.292	33.333	-0.954
159	2017-12-12	15:00:00	2.5	2.292	33.333	-1.354
160	2017-12-12	16:00:00	2.5	2.292	33.333	-1.654
161	2017-12-12	17:00:00	2.5	2.292	33.333	-2.454
162	2017-12-12	18:00:00	2.5	2.292	33.333	-2.954
163	2017-12-12	19:00:00	2.5	2.292	33.333	-3.554
164	2017-12-12	20:00:00	2.5	2.292	33.333	-4.154
165	2017-12-12	21:00:00	2.5	2.292	33.333	-4.054
166	2017-12-12	22:00:00	2.5	2.292	33.333	-5.554
167	2017-12-12	23:00:00	2.5	2.292	33.333	-7.554
168	2017-12-13	00:00:00	2.5	2.292	33.333	-10.454
169	2017-12-13	01:00:00	2.5	2.292	33.333	-11.154
170	2017-12-13	02:00:00	2.5	2.292	33.333	-11.754
171	2017-12-13	03:00:00	2.5	2.292	33.333	-13.054
172	2017-12-13	04:00:00	2.5	2.292	33.333	-14.354
173	2017-12-13	05:00:00	2.5	2.292	33.333	-14.954
174	2017-12-13	06:00:00	2.5	2.292	33.333	-15.154
175	2017-12-13	07:00:00	2.5	2.292	33.333	-15.554
176	2017-12-13	08:00:00	2.5	2.292	33.333	-15.854
177	2017-12-13	09:00:00	2.5	2.292	33.333	-14.554
178	2017-12-13	10:00:00	2.5	2.292	33.333	-12.354
179	2017-12-13	11:00:00	2.5	2.292	33.333	-10.754
180	2017-12-13	12:00:00	2.5	2.292	33.333	-9.654
181	2017-12-13	13:00:00	2.5	2.292	33.333	-8.354
182	2017-12-13	14:00:00	3.0	2.292	33.333	-7.854
183	2017-12-13	15:00:00	3.0	2.292	33.333	-8.254
184	2017-12-13	16:00:00	3.0	2.292	33.333	-8.654
185	2017-12-13	17:00:00	3.0	2.292	33.333	-8.454
186	2017-12-13	18:00:00	3.0	2.292	33.333	-10.054
187	2017-12-13	19:00:00	3.0	2.292	33.333	-9.154
188	2017-12-13	20:00:00	3.0	2.292	33.333	-9.154
189	2017-12-13	21:00:00	3.0	2.292	33.333	-8.154
190	2017-12-13	22:00:00	3.0	2.292	33.333	-5.454
191	2017-12-13	23:00:00	3.0	2.292	33.333	-5.754
192	2017-12-14	00:00:00	3.0	2.292	33.333	-5.354
193	2017-12-14	01:00:00	3.0	2.292	33.333	-5.754
194	2017-12-14	02:00:00	3.0	2.292	33.333	-5.954
195	2017-12-14	03:00:00	3.5	2.292	33.333	-5.954
196	2017-12-14	04:00:00	3.5	2.292	33.333	-7.054
197	2017-12-14	05:00:00	3.5	2.292	33.333	-5.054
198	2017-12-14	06:00:00	3.5	2.292	33.333	-4.354
199	2017-12-14	07:00:00	3.5	2.292	33.333	-4.454
200	2017-12-14	08:00:00	3.5	2.292	33.333	-4.454
201	2017-12-14	09:00:00	3.5	2.292	33.333	-3.554
202	2017-12-14	10:00:00	3.5	2.292	33.333	-1.554
203	2017-12-14	11:00:00	3.5	2.292	33.333	-0.354
204	2017-12-14	12:00:00	3.5	2.292	33.333	-0.254
205	2017-12-14	13:00:00	3.5	2.292	33.333	-1.054
206	2017-12-14	14:00:00	3.5	2.292	33.333	-0.554
207	2017-12-14	15:00:00	3.5	2.292	33.333	-0.754
208	2017-12-14	16:00:00	3.5	2.292	33.333	-1.054
209	2017-12-14	17:00:00	3.5	2.292	33.333	-2.054
210	2017-12-14	18:00:00	3.5	2.292	33.333	-1.754
211	2017-12-14	19:00:00	3.5	2.292	33.333	-1.354
212	2017-12-14	20:00:00	3.5	2.292	33.333	-1.654
213	2017-12-14	21:00:00	3.5	2.292	33.333	-1.454
214	2017-12-14	22:00:00	3.5	2.292	33.333	-1.754
215	2017-12-14	23:00:00	3.5	2.292	33.333	-1.554
216	2017-12-15	00:00:00	3.5	2.292	33.333	-1.754
217	2017-12-15	01:00:00	3.5	2.292	33.333	-1.654
218	2017-12-15	02:00:00	3.5	2.292	33.333	-1.754
219	2017-12-15	03:00:00	3.5	2.292	33.333	-1.754
220	2017-12-15	04:00:00	3.5	2.292	35.833	-2.754
221	2017-12-15	05:00:00	3.5	2.292	35.833	-2.854
222	2017-12-15	06:00:00	3.5	2.292	35.833	-3.654
223	2017-12-15	07:00:00	3.5	2.292	35.833	-4.254
224	2017-12-15	08:00:00	3.5	2.292	35.833	-5.354
225	2017-12-15	09:00:00	3.5	2.292	35.833	-4.054
226	2017-12-15	10:00:00	3.5	2.292	35.833	-3.654
227	2017-12-15	11:00:00	3.5	2.292	35.833	-2.854
228	2017-12-15	12:00:00	3.5	2.292	35.833	-3.354
229	2017-12-15	13:00:00	3.5	2.292	35.833	-3.154
230	2017-12-15	14:00:00	3.5	2.292	35.833	-4.154
231	2017-12-15	15:00:00	3.5	2.292	35.833	-6.354
232	2017-12-15	16:00:00	3.5	2.292	35.833	-8.554
233	2017-12-15	17:00:00	3.5	2.292	35.833	-11.254
234	2017-12-15	18:00:00	3.5	2.292	35.833	-13.454
235	2017-12-15	19:00:00	4.0	2.292	35.833	-15.154
236	2017-12-15	20:00:00	4.0	2.292	35.833	-14.854
237	2017-12-15	21:00:00	4.0	2.292	35.833	-16.154
238	2017-12-15	22:00:00	4.0	2.292	35.833	-16.754
239	2017-12-15	23:00:00	4.0	2.292	35.833	-17.954
240	2017-12-16	00:00:00	4.0	2.292	35.833	-17.054
241	2017-12-16	01:00:00	4.0	2.292	35.833	-16.854
242	2017-12-16	02:00:00	4.5	2.292	35.833	-17.654
243	2017-12-16	03:00:00	4.5	2.292	35.833	-15.954
244	2017-12-16	04:00:00	4.5	2.292	35.833	-14.454
245	2017-12-16	05:00:00	4.5	2.292	35.833	-13.754
246	2017-12-16	06:00:00	4.5	2.292	35.833	-13.054
247	2017-12-16	07:00:00	4.5	2.292	35.833	-12.554
248	2017-12-16	08:00:00	4.5	2.292	35.833	-11.554
249	2017-12-16	09:00:00	5.0	2.292	35.833	-10.754
250	2017-12-16	10:00:00	5.0	2.292	35.833	-9.354
251	2017-12-16	11:00:00	5.0	2.292	35.833	-8.154
252	2017-12-16	12:00:00	5.0	2.292	35.833	-6.954
253	2017-12-16	13:00:00	5.0	2.292	35.833	-5.654
254	2017-12-16	14:00:00	5.0	2.292	35.833	-4.954
255	2017-12-16	15:00:00	5.0	2.292	35.833	-5.954
256	2017-12-16	16:00:00	5.0	2.292	35.833	-6.554
257	2017-12-16	17:00:00	5.0	2.292	35.833	-6.954
258	2017-12-16	18:00:00	5.0	2.292	35.833	-7.454
259	2017-12-16	19:00:00	5.5	2.292	35.833	-7.154
260	2017-12-16	20:00:00	5.5	2.292	35.833	-7.254
261	2017-12-16	21:00:00	5.5	2.292	35.833	-8.654
262	2017-12-16	22:00:00	5.5	2.292	35.833	-8.854
263	2017-12-16	23:00:00	5.5	2.292	35.833	-9.554
264	2017-12-17	00:00:00	5.5	2.292	35.833	-9.254
265	2017-12-17	01:00:00	5.5	2.292	35.833	-9.154
266	2017-12-17	02:00:00	5.5	2.292	38.333	-8.954
267	2017-12-17	03:00:00	5.5	2.292	38.333	-8.954
268	2017-12-17	04:00:00	5.5	2.292	38.333	-9.054
269	2017-12-17	05:00:00	5.5	2.292	38.333	-8.854
270	2017-12-17	06:00:00	6.0	2.292	38.333	-9.254
271	2017-12-17	07:00:00	6.0	2.292	38.333	-9.654
272	2017-12-17	08:00:00	6.0	2.292	38.333	-9.354
273	2017-12-17	09:00:00	6.0	2.292	38.333	-8.454
274	2017-12-17	10:00:00	6.0	2.292	38.333	-7.454
275	2017-12-17	11:00:00	6.0	2.292	38.333	-6.654
276	2017-12-17	12:00:00	6.0	2.292	38.333	-6.354
277	2017-12-17	13:00:00	6.0	2.292	38.333	-6.554
278	2017-12-17	14:00:00	6.0	2.292	38.333	-8.154
279	2017-12-17	15:00:00	6.0	2.292	38.333	-9.554
280	2017-12-17	16:00:00	6.0	2.292	38.333	-10.254
281	2017-12-17	17:00:00	6.0	2.292	38.333	-10.354
282	2017-12-17	18:00:00	6.5	2.292	38.333	-10.154
283	2017-12-17	19:00:00	6.5	2.292	38.333	-11.254
284	2017-12-17	20:00:00	6.5	2.292	38.333	-11.354
285	2017-12-17	21:00:00	6.5	2.292	38.333	-12.654
286	2017-12-17	22:00:00	6.5	2.292	38.333	-14.054
287	2017-12-17	23:00:00	6.5	2.292	38.333	-15.054
288	2017-12-18	00:00:00	6.5	2.292	38.333	-17.054
289	2017-12-18	01:00:00	6.5	2.292	38.333	-17.854
290	2017-12-18	02:00:00	7.0	2.292	38.333	-18.854
291	2017-12-18	03:00:00	7.0	2.292	38.333	-19.554
292	2017-12-18	04:00:00	7.0	2.292	38.333	-18.754
293	2017-12-18	05:00:00	7.0	2.292	38.333	-18.554
294	2017-12-18	06:00:00	7.0	2.292	38.333	-17.754
295	2017-12-18	07:00:00	7.0	2.292	38.333	-16.154
296	2017-12-18	08:00:00	7.0	2.292	38.333	-15.154
297	2017-12-18	09:00:00	7.5	2.292	38.333	-13.854
298	2017-12-18	10:00:00	7.5	2.292	38.333	-12.754
299	2017-12-18	11:00:00	7.5	2.292	38.333	-11.654
300	2017-12-18	12:00:00	7.5	2.292	38.333	-10.454
301	2017-12-18	13:00:00	7.5	2.292	38.333	-8.554
302	2017-12-18	14:00:00	7.5	2.292	38.333	-7.554
303	2017-12-18	15:00:00	7.5	2.292	38.333	-7.954
304	2017-12-18	16:00:00	7.5	2.292	38.333	-7.754
305	2017-12-18	17:00:00	8.0	2.292	38.333	-7.754
306	2017-12-18	18:00:00	8.0	2.292	38.333	-7.754
307	2017-12-18	19:00:00	8.0	2.292	38.333	-7.954
308	2017-12-18	20:00:00	8.0	2.292	38.333	-9.254
309	2017-12-18	21:00:00	8.0	2.292	38.333	-9.954
310	2017-12-18	22:00:00	8.0	2.292	38.333	-10.154
311	2017-12-18	23:00:00	8.0	2.292	38.333	-10.454
312	2017-12-19	00:00:00	8.0	2.292	38.333	-11.354
313	2017-12-19	01:00:00	8.5	2.292	38.333	-12.854
314	2017-12-19	02:00:00	8.5	2.292	38.333	-13.354
315	2017-12-19	03:00:00	8.5	2.292	38.333	-14.054
316	2017-12-19	04:00:00	8.5	2.292	38.333	-14.054
317	2017-12-19	05:00:00	8.5	2.292	38.333	-14.854
318	2017-12-19	06:00:00	8.5	2.292	38.333	-14.754
319	2017-12-19	07:00:00	8.5	2.292	38.333	-14.054
320	2017-12-19	08:00:00	8.5	2.292	38.333	-12.554
321	2017-12-19	09:00:00	9.0	2.292	38.333	-10.754
322	2017-12-19	10:00:00	9.0	2.292	38.333	-8.954
323	2017-12-19	11:00:00	9.0	2.292	38.333	-7.454
324	2017-12-19	12:00:00	9.0	2.292	38.333	-7.054
325	2017-12-19	13:00:00	9.0	2.292	38.333	-6.254
326	2017-12-19	14:00:00	9.0	2.292	38.333	-5.554
327	2017-12-19	15:00:00	9.0	2.292	38.333	-7.254
328	2017-12-19	16:00:00	9.0	2.292	38.333	-11.254
329	2017-12-19	17:00:00	9.5	2.292	38.333	-12.354
330	2017-12-19	18:00:00	9.5	2.292	38.333	-12.954
331	2017-12-19	19:00:00	9.5	2.292	38.333	-13.654
332	2017-12-19	20:00:00	9.5	2.292	38.333	-12.454
333	2017-12-19	21:00:00	9.5	2.292	38.333	-10.754
334	2017-12-19	22:00:00	9.5	2.292	38.333	-10.254
335	2017-12-19	23:00:00	9.5	2.292	38.333	-9.254
336	2017-12-20	00:00:00	9.5	2.292	38.333	-8.554
337	2017-12-20	01:00:00	9.5	2.292	38.333	-7.954
338	2017-12-20	02:00:00	10.0	2.292	38.333	-7.654
339	2017-12-20	03:00:00	10.0	2.292	38.333	-7.754
340	2017-12-20	04:00:00	10.0	2.292	38.333	-7.454
341	2017-12-20	05:00:00	10.0	2.292	38.333	-7.154
342	2017-12-20	06:00:00	10.0	2.292	38.333	-7.054
343	2017-12-20	07:00:00	10.0	2.292	38.333	-7.754
344	2017-12-20	08:00:00	10.0	2.292	38.333	-9.354
345	2017-12-20	09:00:00	10.0	2.292	38.333	-8.654
346	2017-12-20	10:00:00	10.0	2.292	38.333	-7.354
347	2017-12-20	11:00:00	10.5	2.292	38.333	-6.654
348	2017-12-20	12:00:00	10.5	2.292	38.333	-4.754
349	2017-12-20	13:00:00	10.5	2.292	38.333	-4.554
350	2017-12-20	14:00:00	10.5	2.292	38.333	-5.354
351	2017-12-20	15:00:00	10.5	2.292	38.333	-6.654
352	2017-12-20	16:00:00	10.5	2.292	38.333	-11.654
353	2017-12-20	17:00:00	10.5	2.292	38.333	-13.654
354	2017-12-20	18:00:00	10.5	2.292	38.333	-14.054
355	2017-12-20	19:00:00	10.5	2.292	38.333	-15.654
356	2017-12-20	20:00:00	10.5	2.292	38.333	-16.154
357	2017-12-20	21:00:00	10.5	2.292	38.333	-16.554
358	2017-12-20	22:00:00	11.0	2.292	38.333	-17.954
359	2017-12-20	23:00:00	11.0	2.292	38.333	-18.554
360	2017-12-21	00:00:00	11.0	2.292	38.333	-18.454
361	2017-12-21	01:00:00	11.0	2.292	38.333	-18.254
362	2017-12-21	02:00:00	11.0	2.292	38.333	-16.154
363	2017-12-21	03:00:00	11.0	2.292	38.333	-16.454
364	2017-12-21	04:00:00	11.0	2.292	38.333	-14.254
365	2017-12-21	05:00:00	11.5	2.292	38.333	-12.754
366	2017-12-21	06:00:00	11.5	2.292	38.333	-13.254
367	2017-12-21	07:00:00	11.5	2.292	38.333	-14.254
368	2017-12-21	08:00:00	11.5	2.292	38.333	-13.954
369	2017-12-21	09:00:00	11.5	2.292	38.333	-12.254
370	2017-12-21	10:00:00	11.5	2.292	38.333	-10.254
371	2017-12-21	11:00:00	11.5	2.292	38.333	-8.554
372	2017-12-21	12:00:00	12.0	2.292	38.333	-5.554
373	2017-12-21	13:00:00	12.0	2.292	38.333	-4.754
374	2017-12-21	14:00:00	12.0	2.292	38.333	-4.754
375	2017-12-21	15:00:00	12.0	2.292	38.333	-6.254
376	2017-12-21	16:00:00	12.0	2.292	38.333	-7.054
377	2017-12-21	17:00:00	12.0	2.292	38.333	-6.154
378	2017-12-21	18:00:00	12.0	2.292	38.333	-5.454
379	2017-12-21	19:00:00	12.0	2.292	38.333	-4.954
380	2017-12-21	20:00:00	12.0	2.292	38.333	-4.354
381	2017-12-21	21:00:00	12.0	2.292	38.333	-3.654
382	2017-12-21	22:00:00	12.5	2.292	38.333	-3.154
383	2017-12-21	23:00:00	12.5	2.292	38.333	-3.054
384	2017-12-22	00:00:00	12.5	2.292	38.333	-3.254
385	2017-12-22	01:00:00	12.5	2.292	38.333	-3.954
386	2017-12-22	02:00:00	12.5	2.292	38.333	-5.454
387	2017-12-22	03:00:00	12.5	2.292	38.333	-6.754
388	2017-12-22	04:00:00	12.5	2.292	38.333	-8.454
389	2017-12-22	05:00:00	12.5	2.292	38.333	-8.354
390	2017-12-22	06:00:00	12.5	2.292	38.333	-9.654
391	2017-12-22	07:00:00	12.5	2.292	38.333	-9.254
392	2017-12-22	08:00:00	12.5	2.292	38.333	-7.654
393	2017-12-22	09:00:00	12.5	2.292	38.333	-5.954
394	2017-12-22	10:00:00	13.0	2.292	38.333	-5.154
395	2017-12-22	11:00:00	13.0	2.292	38.333	-4.054
396	2017-12-22	12:00:00	13.0	2.292	38.333	-2.454
397	2017-12-22	13:00:00	13.0	2.292	38.333	-1.554
398	2017-12-22	14:00:00	13.0	2.292	38.333	-1.254
399	2017-12-22	15:00:00	13.0	2.292	38.333	-1.454
400	2017-12-22	16:00:00	13.0	2.292	38.333	-1.454
401	2017-12-22	17:00:00	13.0	2.292	38.333	-1.454
402	2017-12-22	18:00:00	13.0	2.292	38.333	-1.554
403	2017-12-22	19:00:00	13.0	2.292	38.333	-2.654
404	2017-12-22	20:00:00	13.0	2.292	38.333	-2.954
405	2017-12-22	21:00:00	13.0	2.292	38.333	-5.054
406	2017-12-22	22:00:00	13.0	2.292	38.333	-6.154
407	2017-12-22	23:00:00	13.5	2.292	38.333	-7.754
408	2017-12-23	00:00:00	13.5	2.292	38.333	-8.754
409	2017-12-23	01:00:00	13.5	2.292	38.333	-9.354
410	2017-12-23	02:00:00	13.5	2.292	38.333	-10.354
411	2017-12-23	03:00:00	13.5	2.292	38.333	-10.254
412	2017-12-23	04:00:00	13.5	2.292	38.333	-11.654
413	2017-12-23	05:00:00	13.5	2.292	38.333	-12.254
414	2017-12-23	06:00:00	13.5	2.292	38.333	-12.354
415	2017-12-23	07:00:00	13.5	2.292	38.333	-13.054
416	2017-12-23	08:00:00	14.0	2.292	38.333	-12.354
417	2017-12-23	09:00:00	14.0	2.292	38.333	-11.754
418	2017-12-23	10:00:00	14.0	2.292	38.333	-8.254
419	2017-12-23	11:00:00	14.0	2.292	38.333	-5.954
420	2017-12-23	12:00:00	14.0	2.292	38.333	-4.254
421	2017-12-23	13:00:00	14.0	2.292	38.333	-2.654
422	2017-12-23	14:00:00	14.0	2.292	38.333	-3.754
423	2017-12-23	15:00:00	14.0	2.292	38.333	-4.454
424	2017-12-23	16:00:00	14.0	2.292	38.333	-6.754
425	2017-12-23	17:00:00	14.5	2.292	38.333	-8.654
426	2017-12-23	18:00:00	14.5	2.292	38.333	-9.454
427	2017-12-23	19:00:00	14.5	2.292	38.333	-9.754
428	2017-12-23	20:00:00	14.5	2.292	38.333	-10.554
429	2017-12-23	21:00:00	14.5	2.292	38.333	-11.554
430	2017-12-23	22:00:00	14.5	2.292	38.333	-12.454
431	2017-12-23	23:00:00	14.5	2.292	38.333	-12.354
432	2017-12-24	00:00:00	14.5	2.292	38.333	-13.654
433	2017-12-24	01:00:00	14.5	2.292	38.333	-14.054
434	2017-12-24	02:00:00	15.0	2.292	38.333	-13.454
435	2017-12-24	03:00:00	15.0	2.292	38.333	-14.454
436	2017-12-24	04:00:00	15.0	2.292	38.333	-14.754
437	2017-12-24	05:00:00	15.0	2.292	38.333	-14.554
438	2017-12-24	06:00:00	15.0	2.292	38.333	-15.754
439	2017-12-24	07:00:00	15.0	2.292	38.333	-14.754
440	2017-12-24	08:00:00	15.0	2.292	38.333	-15.054
441	2017-12-24	09:00:00	15.5	2.292	38.333	-12.854
442	2017-12-24	10:00:00	15.5	2.292	38.333	-9.454
443	2017-12-24	11:00:00	15.5	2.292	38.333	-6.054
444	2017-12-24	12:00:00	15.5	2.292	38.333	-4.654
445	2017-12-24	13:00:00	15.5	2.292	38.333	-2.754
446	2017-12-24	14:00:00	15.5	2.292	38.333	-3.054
447	2017-12-24	15:00:00	15.5	2.292	38.333	-4.954
448	2017-12-24	16:00:00	16.0	2.292	38.333	-6.354
449	2017-12-24	17:00:00	16.0	2.292	38.333	-7.754
450	2017-12-24	18:00:00	16.0	2.292	38.333	-10.054
451	2017-12-24	19:00:00	16.0	2.292	38.333	-10.154
452	2017-12-24	20:00:00	16.0	2.292	38.333	-11.354
453	2017-12-24	21:00:00	16.0	2.292	38.333	-11.754
454	2017-12-24	22:00:00	16.0	2.292	38.333	-12.754
455	2017-12-24	23:00:00	16.0	2.292	38.333	-12.854
456	2017-12-25	00:00:00	16.0	2.292	38.333	-13.754
457	2017-12-25	01:00:00	16.5	2.292	38.333	-13.854
458	2017-12-25	02:00:00	16.5	2.292	38.333	-13.854
459	2017-12-25	03:00:00	16.5	2.292	38.333	-13.754
460	2017-12-25	04:00:00	16.5	2.292	38.333	-13.854
461	2017-12-25	05:00:00	16.5	2.292	38.333	-14.254
462	2017-12-25	06:00:00	16.5	2.292	38.333	-14.054
463	2017-12-25	07:00:00	16.5	2.292	38.333	-13.954
464	2017-12-25	08:00:00	17.0	2.292	38.333	-14.554
465	2017-12-25	09:00:00	17.0	2.292	38.333	-11.454
466	2017-12-25	10:00:00	17.0	2.292	38.333	-8.654
467	2017-12-25	11:00:00	17.0	2.292	38.333	-5.854
468	2017-12-25	12:00:00	17.0	2.292	38.333	-3.454
469	2017-12-25	13:00:00	17.0	2.292	38.333	-1.554
470	2017-12-25	14:00:00	17.0	2.292	38.333	-1.354
471	2017-12-25	15:00:00	17.0	2.292	38.333	-2.154
472	2017-12-25	16:00:00	17.0	2.292	38.333	-4.054
473	2017-12-25	17:00:00	17.5	2.292	38.333	-7.454
474	2017-12-25	18:00:00	17.5	2.292	38.333	-7.954
475	2017-12-25	19:00:00	17.5	2.292	38.333	-6.054
476	2017-12-25	20:00:00	17.5	2.292	38.333	-3.254
477	2017-12-25	21:00:00	17.5	2.292	38.333	-2.554
478	2017-12-25	22:00:00	17.5	2.292	38.333	-3.454
479	2017-12-25	23:00:00	17.5	2.292	38.333	-5.154
480	2017-12-26	00:00:00	17.5	2.292	38.333	-4.854
481	2017-12-26	01:00:00	17.5	2.292	38.333	-2.754
482	2017-12-26	02:00:00	17.5	2.292	38.333	-4.354
483	2017-12-26	03:00:00	17.5	2.292	38.333	-8.054
484	2017-12-26	04:00:00	17.5	2.292	38.333	-8.054
485	2017-12-26	05:00:00	17.5	2.292	38.333	-8.654
486	2017-12-26	06:00:00	17.5	2.292	38.333	-8.954
487	2017-12-26	07:00:00	17.5	2.292	38.333	-8.854
488	2017-12-26	08:00:00	17.5	2.292	38.333	-7.854
489	2017-12-26	09:00:00	17.5	2.292	38.333	-5.454
490	2017-12-26	10:00:00	18.0	2.292	38.333	-1.354
491	2017-12-26	11:00:00	18.0	2.292	38.333	-0.054
492	2017-12-26	12:00:00	18.0	2.292	38.333	-0.054
493	2017-12-26	13:00:00	18.0	2.292	38.333	0.046
494	2017-12-26	14:00:00	18.0	2.292	38.333	-0.554
495	2017-12-26	15:00:00	18.0	2.292	38.333	-1.154
496	2017-12-26	16:00:00	18.0	2.292	38.333	-1.354
497	2017-12-26	17:00:00	18.0	2.292	38.333	-1.754
498	2017-12-26	18:00:00	18.0	2.292	40.833	-2.054
499	2017-12-26	19:00:00	18.0	2.292	40.833	-2.154
500	2017-12-26	20:00:00	18.0	2.292	40.833	-1.954
501	2017-12-26	21:00:00	18.0	2.292	40.833	-1.654
502	2017-12-26	22:00:00	18.0	2.292	40.833	-1.754
503	2017-12-26	23:00:00	18.0	2.292	40.833	-1.854
504	2017-12-27	00:00:00	18.0	2.292	40.833	-1.954
505	2017-12-27	01:00:00	18.0	2.292	40.833	-1.954
506	2017-12-27	02:00:00	18.0	2.292	40.833	-1.954
507	2017-12-27	03:00:00	18.0	2.292	40.833	-2.354
508	2017-12-27	04:00:00	18.0	2.292	40.833	-2.454
509	2017-12-27	05:00:00	18.0	2.292	40.833	-2.254
510	2017-12-27	06:00:00	18.0	2.292	40.833	-2.254
511	2017-12-27	07:00:00	18.0	2.292	40.833	-1.954
512	2017-12-27	08:00:00	18.0	2.292	40.833	-2.154
513	2017-12-27	09:00:00	18.0	2.292	40.833	-2.754
514	2017-12-27	10:00:00	18.0	2.292	40.833	-2.654
515	2017-12-27	11:00:00	18.0	2.292	43.333	-2.454
516	2017-12-27	12:00:00	18.5	2.292	43.333	-2.154
517	2017-12-27	13:00:00	18.5	2.292	45.833	-2.154
518	2017-12-27	14:00:00	18.5	2.292	45.833	-2.054
519	2017-12-27	15:00:00	18.5	2.292	48.333	-2.054
520	2017-12-27	16:00:00	18.5	2.292	50.833	-2.154
521	2017-12-27	17:00:00	18.5	2.292	50.833	-2.254
522	2017-12-27	18:00:00	18.5	2.292	50.833	-2.254
523	2017-12-27	19:00:00	18.5	2.292	50.833	-2.154
524	2017-12-27	20:00:00	18.5	2.292	50.833	-2.154
525	2017-12-27	21:00:00	18.5	2.292	50.833	-3.054
526	2017-12-27	22:00:00	18.5	2.292	50.833	-4.454
527	2017-12-27	23:00:00	18.5	2.292	50.833	-4.954
528	2017-12-28	00:00:00	18.5	2.292	50.833	-5.254
529	2017-12-28	01:00:00	18.5	2.292	50.833	-5.854
530	2017-12-28	02:00:00	18.5	2.292	50.833	-6.454
531	2017-12-28	03:00:00	18.5	2.292	50.833	-6.454
532	2017-12-28	04:00:00	18.5	2.292	50.833	-6.654
533	2017-12-28	05:00:00	18.5	2.292	50.833	-6.954
534	2017-12-28	06:00:00	18.5	2.292	50.833	-7.654
535	2017-12-28	07:00:00	19.0	2.292	50.833	-7.454
536	2017-12-28	08:00:00	19.0	2.292	50.833	-6.954
537	2017-12-28	09:00:00	19.0	2.292	50.833	-6.154
538	2017-12-28	10:00:00	19.0	2.292	50.833	-6.354
539	2017-12-28	11:00:00	19.0	2.292	50.833	-6.554
540	2017-12-28	12:00:00	19.0	2.292	50.833	-6.954
541	2017-12-28	13:00:00	19.0	2.292	50.833	-7.354
542	2017-12-28	14:00:00	19.0	2.292	50.833	-7.554
543	2017-12-28	15:00:00	19.0	2.292	50.833	-7.754
544	2017-12-28	16:00:00	19.0	2.292	50.833	-8.054
545	2017-12-28	17:00:00	19.0	2.292	50.833	-8.454
546	2017-12-28	18:00:00	19.0	2.292	50.833	-8.954
547	2017-12-28	19:00:00	19.5	2.292	50.833	-9.554
548	2017-12-28	20:00:00	19.5	2.292	50.833	-10.354
549	2017-12-28	21:00:00	19.5	2.292	50.833	-10.854
550	2017-12-28	22:00:00	19.5	2.292	50.833	-11.054
551	2017-12-28	23:00:00	19.5	2.292	50.833	-11.354
552	2017-12-29	00:00:00	19.5	2.292	50.833	-11.854
553	2017-12-29	01:00:00	19.5	2.292	50.833	-12.654
554	2017-12-29	02:00:00	19.5	2.292	50.833	-13.354
555	2017-12-29	03:00:00	19.5	2.292	50.833	-13.354
556	2017-12-29	04:00:00	20.0	2.292	50.833	-14.654
557	2017-12-29	05:00:00	20.0	2.292	50.833	-17.054
558	2017-12-29	06:00:00	20.0	2.292	50.833	-18.054
559	2017-12-29	07:00:00	20.0	2.292	50.833	-19.554
560	2017-12-29	08:00:00	20.0	2.292	50.833	-19.954
561	2017-12-29	09:00:00	20.0	2.292	50.833	-18.554
562	2017-12-29	10:00:00	20.5	2.292	50.833	-16.554
563	2017-12-29	11:00:00	20.5	2.292	50.833	-15.854
564	2017-12-29	12:00:00	20.5	2.292	50.833	-13.354
565	2017-12-29	13:00:00	20.5	2.292	50.833	-12.254
566	2017-12-29	14:00:00	20.5	2.292	50.833	-12.054
567	2017-12-29	15:00:00	20.5	2.292	50.833	-12.254
568	2017-12-29	16:00:00	20.5	2.292	50.833	-11.954
569	2017-12-29	17:00:00	21.0	2.292	50.833	-12.054
570	2017-12-29	18:00:00	21.0	2.292	50.833	-12.554
571	2017-12-29	19:00:00	21.0	2.292	50.833	-11.954
572	2017-12-29	20:00:00	21.0	2.292	50.833	-11.254
573	2017-12-29	21:00:00	21.0	2.292	50.833	-11.154
574	2017-12-29	22:00:00	21.0	2.292	53.333	-10.054
575	2017-12-29	23:00:00	21.0	2.292	53.333	-10.254
576	2017-12-30	00:00:00	21.0	2.292	53.333	-10.254
577	2017-12-30	01:00:00	21.5	2.292	53.333	-10.054
578	2017-12-30	02:00:00	21.5	2.292	53.333	-9.954
579	2017-12-30	03:00:00	21.5	2.292	53.333	-9.654
580	2017-12-30	04:00:00	21.5	2.292	55.833	-8.854
581	2017-12-30	05:00:00	21.5	2.292	55.833	-8.154
582	2017-12-30	06:00:00	21.5	2.292	55.833	-7.754
583	2017-12-30	07:00:00	21.5	2.292	55.833	-7.554
584	2017-12-30	08:00:00	21.5	2.292	55.833	-7.254
585	2017-12-30	09:00:00	22.0	2.292	58.333	-7.054
586	2017-12-30	10:00:00	22.0	2.292	58.333	-6.454
587	2017-12-30	11:00:00	22.0	2.292	58.333	-5.554
588	2017-12-30	12:00:00	22.0	2.292	58.333	-4.954
589	2017-12-30	13:00:00	22.0	2.292	58.333	-4.254
590	2017-12-30	14:00:00	22.0	2.292	58.333	-4.454
591	2017-12-30	15:00:00	22.0	2.292	58.333	-3.954
592	2017-12-30	16:00:00	22.0	2.292	58.333	-3.854
593	2017-12-30	17:00:00	22.0	2.292	58.333	-3.154
594	2017-12-30	18:00:00	22.0	2.292	58.333	-2.454
595	2017-12-30	19:00:00	22.0	2.292	58.333	-1.154
596	2017-12-30	20:00:00	22.5	2.292	58.333	-0.754
597	2017-12-30	21:00:00	22.5	2.292	58.333	-0.854
598	2017-12-30	22:00:00	22.5	2.292	58.333	-1.854
599	2017-12-30	23:00:00	22.5	2.292	58.333	-2.154
600	2017-12-31	00:00:00	22.5	2.292	58.333	-2.054
601	2017-12-31	01:00:00	22.5	2.292	58.333	-4.154
602	2017-12-31	02:00:00	22.5	2.292	58.333	-6.054
603	2017-12-31	03:00:00	22.5	2.292	58.333	-6.654
604	2017-12-31	04:00:00	22.5	2.292	58.333	-8.454
605	2017-12-31	05:00:00	22.5	2.292	58.333	-9.254
606	2017-12-31	06:00:00	22.5	2.292	58.333	-10.754
607	2017-12-31	07:00:00	22.5	2.292	58.333	-9.254
608	2017-12-31	08:00:00	23.0	2.292	58.333	-11.554
609	2017-12-31	09:00:00	23.0	2.292	58.333	-8.454
610	2017-12-31	10:00:00	23.0	2.292	58.333	-7.754
611	2017-12-31	11:00:00	23.0	2.292	58.333	-5.254
612	2017-12-31	12:00:00	23.0	2.292	58.333	-3.254
613	2017-12-31	13:00:00	23.0	2.292	58.333	-2.754
614	2017-12-31	14:00:00	23.0	2.292	58.333	0.246
615	2017-12-31	15:00:00	23.0	2.292	58.333	0.746
616	2017-12-31	16:00:00	23.0	2.292	58.333	-1.054
617	2017-12-31	17:00:00	23.0	2.292	58.333	-0.754
618	2017-12-31	18:00:00	23.0	2.292	58.333	-0.554
619	2017-12-31	19:00:00	23.5	2.292	58.333	-0.054
620	2017-12-31	20:00:00	23.5	2.292	58.333	-0.154
621	2017-12-31	21:00:00	23.5	2.292	58.333	-0.854
622	2017-12-31	22:00:00	23.5	2.292	58.333	-1.554
623	2017-12-31	23:00:00	23.5	2.292	58.333	-1.954
624	2018-01-01	00:00:00	23.5	2.292	58.333	-2.154
625	2018-01-01	01:00:00	23.5	2.292	58.333	-1.554
626	2018-01-01	02:00:00	23.5	2.292	58.333	-2.554
627	2018-01-01	03:00:00	23.5	2.292	58.333	-2.854
628	2018-01-01	04:00:00	23.5	2.292	58.333	-3.354
629	2018-01-01	05:00:00	23.5	2.292	58.333	-3.054
630	2018-01-01	06:00:00	23.5	2.292	58.333	-3.154
631	2018-01-01	07:00:00	23.5	2.292	60.833	-1.754
632	2018-01-01	08:00:00	23.5	2.292	60.833	-1.954
633	2018-01-01	09:00:00	23.5	2.292	60.833	-3.154
634	2018-01-01	10:00:00	23.5	2.292	60.833	-3.354
635	2018-01-01	11:00:00	23.5	2.292	60.833	-3.154
636	2018-01-01	12:00:00	23.5	2.292	60.833	-2.554
637	2018-01-01	13:00:00	23.5	2.292	60.833	-2.254
638	2018-01-01	14:00:00	23.5	2.292	60.833	-2.154
639	2018-01-01	15:00:00	24.0	2.292	60.833	-3.954
640	2018-01-01	16:00:00	24.0	2.292	60.833	-6.454
641	2018-01-01	17:00:00	24.0	2.292	60.833	-9.254
642	2018-01-01	18:00:00	24.0	2.292	60.833	-9.754
643	2018-01-01	19:00:00	24.0	2.292	60.833	-10.154
644	2018-01-01	20:00:00	24.0	2.292	60.833	-11.254
645	2018-01-01	21:00:00	24.0	2.292	60.833	-10.754
646	2018-01-01	22:00:00	24.0	2.292	60.833	-9.454
647	2018-01-01	23:00:00	24.0	2.292	60.833	-9.354
648	2018-01-02	00:00:00	24.0	2.292	60.833	-7.654
649	2018-01-02	01:00:00	24.0	2.292	60.833	-3.954
650	2018-01-02	02:00:00	24.0	2.292	60.833	-3.354
651	2018-01-02	03:00:00	24.5	2.292	60.833	-5.154
652	2018-01-02	04:00:00	24.5	2.292	60.833	-4.654
653	2018-01-02	05:00:00	24.5	2.292	60.833	-6.454
654	2018-01-02	06:00:00	24.5	2.292	60.833	-5.854
655	2018-01-02	07:00:00	24.5	2.292	60.833	-4.754
656	2018-01-02	08:00:00	24.5	2.292	60.833	-4.954
657	2018-01-02	09:00:00	24.5	2.292	60.833	-5.154
658	2018-01-02	10:00:00	24.5	2.292	60.833	-4.554
659	2018-01-02	11:00:00	24.5	2.292	60.833	-4.454
660	2018-01-02	12:00:00	24.5	2.292	60.833	-3.554
661	2018-01-02	13:00:00	24.5	2.292	60.833	-3.554
662	2018-01-02	14:00:00	24.5	2.292	60.833	-2.854
663	2018-01-02	15:00:00	24.5	2.292	60.833	-3.054
664	2018-01-02	16:00:00	24.5	2.292	60.833	-4.154
665	2018-01-02	17:00:00	24.5	2.292	60.833	-7.554
666	2018-01-02	18:00:00	24.5	2.292	60.833	-9.754
667	2018-01-02	19:00:00	25.0	2.292	60.833	-10.954
668	2018-01-02	20:00:00	25.0	2.292	60.833	-9.554
669	2018-01-02	21:00:00	25.0	2.292	60.833	-8.954
670	2018-01-02	22:00:00	25.0	2.292	60.833	-8.554
671	2018-01-02	23:00:00	25.0	2.292	60.833	-8.554
672	2018-01-03	00:00:00	25.0	0.0	63.833	-8.454
673	2018-01-03	01:00:00	25.0	0.0	80.833	-7.354
674	2018-01-03	02:00:00	25.0	0.0	90.833	-7.054
675	2018-01-03	03:00:00	25.0	0.382	90.833	-6.654
676	2018-01-03	04:00:00	25.0	0.382	90.833	-7.154
677	2018-01-03	05:00:00	25.0	0.694	90.833	-6.754
678	2018-01-03	06:00:00	25.0	1.458	90.833	-6.454
679	2018-01-03	07:00:00	25.0	2.222	90.833	-6.154
680	2018-01-03	08:00:00	25.0	2.604	90.833	-1.554
681	2018-01-03	09:00:00	25.0	2.604	90.833	-1.154
682	2018-01-03	10:00:00	25.0	2.986	90.833	-0.954
683	2018-01-03	11:00:00	25.0	2.986	90.833	-0.954
684	2018-01-03	12:00:00	25.0	2.986	90.833	-1.554
685	2018-01-03	13:00:00	25.0	2.986	90.833	0.546
686	2018-01-03	14:00:00	25.0	2.986	93.333	-0.354
687	2018-01-03	15:00:00	25.0	3.368	93.333	-1.754
688	2018-01-03	16:00:00	25.0	3.368	93.333	-2.354
689	2018-01-03	17:00:00	25.0	3.368	93.333	-2.254
690	2018-01-03	18:00:00	25.0	3.75	93.333	-3.254
691	2018-01-03	19:00:00	25.0	3.75	93.333	-3.854
692	2018-01-03	20:00:00	25.0	4.132	93.333	-3.954
693	2018-01-03	21:00:00	25.0	4.514	93.333	-3.554
694	2018-01-03	22:00:00	25.0	4.514	93.333	-2.654
695	2018-01-03	23:00:00	25.0	4.896	93.333	-3.954
696	2018-01-04	00:00:00	25.0	4.896	93.333	-4.254
697	2018-01-04	01:00:00	25.0	5.278	93.333	-4.454
698	2018-01-04	02:00:00	25.0	5.66	95.833	-4.654
699	2018-01-04	03:00:00	25.0	6.042	95.833	-4.654
700	2018-01-04	04:00:00	25.0	6.042	95.833	-4.354
701	2018-01-04	05:00:00	25.0	6.042	95.833	-3.854
702	2018-01-04	06:00:00	25.0	6.042	98.333	-4.054
703	2018-01-04	07:00:00	25.0	6.042	98.333	-4.154
704	2018-01-04	08:00:00	25.0	6.042	98.333	-3.854
705	2018-01-04	09:00:00	25.0	6.042	98.333	-3.754
706	2018-01-04	10:00:00	25.0	6.042	100.833	-3.354
707	2018-01-04	11:00:00	25.0	6.042	100.833	-2.854
708	2018-01-04	12:00:00	25.0	6.042	103.333	-2.554
709	2018-01-04	13:00:00	25.0	6.042	105.833	-1.954
710	2018-01-04	14:00:00	25.0	6.042	108.333	-0.354
711	2018-01-04	15:00:00	25.0	6.042	108.333	0.546
712	2018-01-04	16:00:00	25.0	6.042	108.333	0.446
713	2018-01-04	17:00:00	25.0	6.042	110.833	0.246
714	2018-01-04	18:00:00	25.0	6.042	110.833	0.346
715	2018-01-04	19:00:00	25.0	6.042	110.833	0.346
716	2018-01-04	20:00:00	25.0	6.042	110.833	0.646
717	2018-01-04	21:00:00	25.0	6.042	110.833	1.346
718	2018-01-04	22:00:00	25.5	6.042	110.833	1.146
719	2018-01-04	23:00:00	25.5	6.042	110.833	1.046
720	2018-01-05	00:00:00	25.5	6.042	110.833	0.946
721	2018-01-05	01:00:00	25.5	6.042	110.833	0.946
722	2018-01-05	02:00:00	25.5	6.042	110.833	-0.354
723	2018-01-05	03:00:00	25.5	6.042	110.833	-0.554
724	2018-01-05	04:00:00	25.5	6.042	110.833	-1.754
725	2018-01-05	05:00:00	25.5	6.042	110.833	-2.654
726	2018-01-05	06:00:00	25.5	6.042	110.833	-4.554
727	2018-01-05	07:00:00	25.5	6.042	110.833	-4.554
728	2018-01-05	08:00:00	25.5	6.042	110.833	-5.654
729	2018-01-05	09:00:00	25.5	6.042	110.833	-5.354
730	2018-01-05	10:00:00	25.5	6.042	110.833	-4.554
731	2018-01-05	11:00:00	25.5	6.042	110.833	-1.654
732	2018-01-05	12:00:00	25.5	6.042	110.833	0.046
733	2018-01-05	13:00:00	25.5	6.042	110.833	2.146
734	2018-01-05	14:00:00	25.5	6.042	110.833	3.546
735	2018-01-05	15:00:00	25.5	6.042	110.833	3.046
736	2018-01-05	16:00:00	25.5	6.042	110.833	2.246
737	2018-01-05	17:00:00	25.5	6.042	110.833	1.246
738	2018-01-05	18:00:00	25.5	6.042	110.833	0.146
739	2018-01-05	19:00:00	25.5	6.042	110.833	0.746
740	2018-01-05	20:00:00	26.0	6.042	110.833	0.446
741	2018-01-05	21:00:00	26.0	6.042	110.833	-1.454
742	2018-01-05	22:00:00	26.0	6.042	110.833	-0.854
743	2018-01-05	23:00:00	26.0	6.042	110.833	-0.154
744	2018-01-06	00:00:00	26.0	6.042	110.833	-1.554
745	2018-01-06	01:00:00	26.0	6.042	110.833	-2.954
746	2018-01-06	02:00:00	26.0	6.042	110.833	-2.854
747	2018-01-06	03:00:00	26.0	6.042	110.833	-2.854
748	2018-01-06	04:00:00	26.0	6.042	110.833	-3.054
749	2018-01-06	05:00:00	26.0	6.042	110.833	-3.054
750	2018-01-06	06:00:00	26.0	6.042	110.833	-4.354
751	2018-01-06	07:00:00	26.0	6.042	110.833	-4.054
752	2018-01-06	08:00:00	26.0	6.042	110.833	0.446
753	2018-01-06	09:00:00	26.0	6.042	110.833	1.346
754	2018-01-06	10:00:00	26.0	6.042	110.833	1.746
755	2018-01-06	11:00:00	26.0	6.042	110.833	1.646
756	2018-01-06	12:00:00	26.0	6.042	110.833	2.146
757	2018-01-06	13:00:00	26.0	6.042	110.833	2.346
758	2018-01-06	14:00:00	26.0	6.042	110.833	1.846
759	2018-01-06	15:00:00	26.0	6.042	110.833	1.446
760	2018-01-06	16:00:00	26.0	6.042	110.833	1.046
761	2018-01-06	17:00:00	26.5	6.042	110.833	0.546
762	2018-01-06	18:00:00	26.5	6.042	110.833	0.346
763	2018-01-06	19:00:00	26.5	6.042	110.833	-0.054
764	2018-01-06	20:00:00	26.5	6.042	110.833	-1.654
765	2018-01-06	21:00:00	26.5	6.042	110.833	-1.654
766	2018-01-06	22:00:00	26.5	6.042	110.833	-2.354
767	2018-01-06	23:00:00	26.5	6.042	110.833	-3.454
768	2018-01-07	00:00:00	26.5	6.042	110.833	-3.154
769	2018-01-07	01:00:00	26.5	6.042	110.833	-3.154
770	2018-01-07	02:00:00	26.5	6.042	110.833	-2.554
771	2018-01-07	03:00:00	26.5	6.042	110.833	-3.354
772	2018-01-07	04:00:00	26.5	6.042	110.833	-2.954
773	2018-01-07	05:00:00	26.5	6.042	110.833	-3.554
774	2018-01-07	06:00:00	26.5	6.042	110.833	-4.254
775	2018-01-07	07:00:00	26.5	6.042	110.833	-4.854
776	2018-01-07	08:00:00	26.5	6.042	110.833	-4.354
777	2018-01-07	09:00:00	26.5	6.042	110.833	-3.354
778	2018-01-07	10:00:00	27.0	6.042	110.833	-2.554
779	2018-01-07	11:00:00	27.0	6.042	110.833	-1.754
780	2018-01-07	12:00:00	27.0	6.042	110.833	-0.354
781	2018-01-07	13:00:00	27.0	6.042	110.833	0.846
782	2018-01-07	14:00:00	27.0	6.042	110.833	3.446
783	2018-01-07	15:00:00	27.0	6.042	110.833	3.646
784	2018-01-07	16:00:00	27.0	6.042	110.833	3.346
785	2018-01-07	17:00:00	27.0	6.042	110.833	2.946
786	2018-01-07	18:00:00	27.0	6.042	110.833	2.346
787	2018-01-07	19:00:00	27.0	6.042	110.833	0.846
788	2018-01-07	20:00:00	27.0	6.042	110.833	-0.954
789	2018-01-07	21:00:00	27.0	6.042	110.833	-2.454
790	2018-01-07	22:00:00	27.0	6.042	110.833	-3.154
791	2018-01-07	23:00:00	27.0	6.042	110.833	-3.654
792	2018-01-08	00:00:00	27.0	6.042	110.833	-3.754
793	2018-01-08	01:00:00	27.0	6.042	110.833	-4.654
794	2018-01-08	02:00:00	27.0	6.042	110.833	-4.154
795	2018-01-08	03:00:00	27.5	6.042	110.833	-3.754
796	2018-01-08	04:00:00	27.5	6.042	110.833	-3.454
797	2018-01-08	05:00:00	27.5	6.042	110.833	-3.154
798	2018-01-08	06:00:00	27.5	6.042	110.833	-3.554
799	2018-01-08	07:00:00	27.5	6.042	110.833	-4.754
800	2018-01-08	08:00:00	27.5	6.042	110.833	-5.954
801	2018-01-08	09:00:00	27.5	6.042	110.833	-5.154
802	2018-01-08	10:00:00	27.5	6.042	110.833	-5.454
803	2018-01-08	11:00:00	27.5	6.042	110.833	-4.454
804	2018-01-08	12:00:00	27.5	6.042	110.833	-2.054
805	2018-01-08	13:00:00	27.5	6.042	110.833	1.046
806	2018-01-08	14:00:00	27.5	6.042	110.833	3.146
807	2018-01-08	15:00:00	27.5	6.042	110.833	2.946
808	2018-01-08	16:00:00	27.5	6.042	110.833	2.346
809	2018-01-08	17:00:00	27.5	6.042	110.833	1.046
810	2018-01-08	18:00:00	28.0	6.042	110.833	-0.654
811	2018-01-08	19:00:00	28.0	6.042	110.833	-1.254
812	2018-01-08	20:00:00	28.0	6.042	110.833	2.646
813	2018-01-08	21:00:00	28.0	6.042	110.833	4.846
814	2018-01-08	22:00:00	28.0	6.042	110.833	2.646
815	2018-01-08	23:00:00	28.0	6.042	110.833	0.946
816	2018-01-09	00:00:00	28.0	6.042	75.833	1.1
817	2018-01-09	01:00:00	28.0	4.201	61.111	1.1
818	2018-01-09	02:00:00	28.0	4.201	61.111	1.1
819	2018-01-09	03:00:00	28.0	4.201	63.611	0.0
820	2018-01-09	04:00:00	28.0	4.201	66.111	0.0
821	2018-01-09	05:00:00	28.0	4.201	68.611	0.0
822	2018-01-09	06:00:00	28.0	4.201	68.611	0.2
823	2018-01-09	07:00:00	28.0	4.201	71.111	0.2
824	2018-01-09	08:00:00	28.0	4.201	73.611	0.2
825	2018-01-09	09:00:00	28.0	4.201	73.611	0.5
826	2018-01-09	10:00:00	28.0	4.201	73.611	0.5
827	2018-01-09	11:00:00	28.0	4.201	73.611	0.5
828	2018-01-09	12:00:00	28.0	4.201	73.611	1.2
829	2018-01-09	13:00:00	28.0	4.201	73.611	1.2
830	2018-01-09	14:00:00	28.0	4.201	73.611	1.2
831	2018-01-09	15:00:00	28.0	4.201	73.611	1.1
832	2018-01-09	16:00:00	28.0	4.201	73.611	1.1
833	2018-01-09	17:00:00	28.0	4.201	73.611	1.1
834	2018-01-09	18:00:00	28.0	4.201	73.611	0.9
835	2018-01-09	19:00:00	28.0	4.201	76.111	0.9
836	2018-01-09	20:00:00	28.0	4.201	76.111	0.9
837	2018-01-09	21:00:00	28.0	4.201	76.111	0.7
838	2018-01-09	22:00:00	28.0	4.201	76.111	0.7
839	2018-01-09	23:00:00	28.5	4.201	76.111	0.7
840	2018-01-10	00:00:00	28.5	4.201	76.111	-1.0
841	2018-01-10	01:00:00	28.5	4.201	76.111	-1.0
842	2018-01-10	02:00:00	28.5	4.201	76.111	-1.0
843	2018-01-10	03:00:00	28.5	4.201	76.111	-3.3
844	2018-01-10	04:00:00	28.5	4.201	76.111	-3.3
845	2018-01-10	05:00:00	28.5	4.201	76.111	-3.3
846	2018-01-10	06:00:00	28.5	4.201	76.111	-5.3
847	2018-01-10	07:00:00	28.5	4.201	76.111	-5.3
848	2018-01-10	08:00:00	28.5	4.201	76.111	-5.3
849	2018-01-10	09:00:00	28.5	4.201	76.111	-5.9
850	2018-01-10	10:00:00	28.5	4.201	76.111	-5.9
851	2018-01-10	11:00:00	28.5	4.201	76.111	-5.9
852	2018-01-10	12:00:00	28.5	4.201	76.111	-5.2
853	2018-01-10	13:00:00	29.0	4.201	76.111	-5.2
854	2018-01-10	14:00:00	29.0	4.201	76.111	-5.2
855	2018-01-10	15:00:00	29.0	4.201	76.111	-5.8
856	2018-01-10	16:00:00	29.0	4.201	76.111	-5.8
857	2018-01-10	17:00:00	29.0	4.201	76.111	-5.8
858	2018-01-10	18:00:00	29.0	4.201	76.111	-7.7
859	2018-01-10	19:00:00	29.0	4.201	76.111	-7.7
860	2018-01-10	20:00:00	29.0	4.201	76.111	-7.7
861	2018-01-10	21:00:00	29.0	4.201	76.111	-9.4
862	2018-01-10	22:00:00	29.0	4.201	76.111	-9.4
863	2018-01-10	23:00:00	29.5	4.201	76.111	-9.4
864	2018-01-11	00:00:00	29.5	4.201	76.111	-10.2
865	2018-01-11	01:00:00	29.5	4.201	76.111	-10.2
866	2018-01-11	02:00:00	29.5	4.201	76.111	-10.2
867	2018-01-11	03:00:00	29.5	4.201	76.111	-11.6
868	2018-01-11	04:00:00	29.5	4.201	76.111	-11.6
869	2018-01-11	05:00:00	29.5	4.201	76.111	-11.6
870	2018-01-11	06:00:00	29.5	4.201	76.111	-12.7
871	2018-01-11	07:00:00	30.0	4.201	76.111	-12.7
872	2018-01-11	08:00:00	30.0	4.201	76.111	-12.7
873	2018-01-11	09:00:00	30.0	4.201	76.111	-9.3
874	2018-01-11	10:00:00	30.0	4.201	76.111	-9.3
875	2018-01-11	11:00:00	30.0	4.201	76.111	-9.3
876	2018-01-11	12:00:00	30.0	4.201	76.111	-2.9
877	2018-01-11	13:00:00	30.0	4.201	76.111	-2.9
878	2018-01-11	14:00:00	30.5	4.201	76.111	-2.9
879	2018-01-11	15:00:00	30.5	4.201	76.111	-3.6
880	2018-01-11	16:00:00	30.5	4.201	76.111	-3.6
881	2018-01-11	17:00:00	30.5	4.201	76.111	-3.6
882	2018-01-11	18:00:00	30.5	4.201	76.111	-11.4
883	2018-01-11	19:00:00	30.5	4.201	76.111	-11.4
884	2018-01-11	20:00:00	30.5	4.201	76.111	-11.4
885	2018-01-11	21:00:00	30.5	4.201	76.111	-16.0
886	2018-01-11	22:00:00	31.0	4.201	76.111	-16.0
887	2018-01-11	23:00:00	31.0	4.201	76.111	-16.0
888	2018-01-12	00:00:00	31.0	4.201	76.111	-15.2
889	2018-01-12	01:00:00	31.0	4.201	76.111	-15.2
890	2018-01-12	02:00:00	31.0	4.201	76.111	-15.2
891	2018-01-12	03:00:00	31.0	4.201	76.111	-13.2
892	2018-01-12	04:00:00	31.0	4.201	76.111	-13.2
893	2018-01-12	05:00:00	31.5	4.201	76.111	-13.2
894	2018-01-12	06:00:00	31.5	4.201	76.111	-13.6
895	2018-01-12	07:00:00	31.5	4.201	76.111	-13.6
896	2018-01-12	08:00:00	31.5	4.201	76.111	-13.6
897	2018-01-12	09:00:00	31.5	4.201	76.111	-9.6
898	2018-01-12	10:00:00	31.5	4.201	76.111	-9.6
899	2018-01-12	11:00:00	31.5	4.201	76.111	-9.6
900	2018-01-12	12:00:00	32.0	4.201	76.111	-3.6
901	2018-01-12	13:00:00	32.0	4.201	76.111	-3.6
902	2018-01-12	14:00:00	32.0	4.201	76.111	-3.6
903	2018-01-12	15:00:00	32.0	4.201	76.111	-2.2
904	2018-01-12	16:00:00	32.0	4.201	76.111	-2.2
905	2018-01-12	17:00:00	32.0	4.201	76.111	-2.2
906	2018-01-12	18:00:00	32.0	4.201	76.111	-4.8
907	2018-01-12	19:00:00	32.0	4.201	76.111	-4.8
908	2018-01-12	20:00:00	32.0	4.201	76.111	-4.8
909	2018-01-12	21:00:00	32.5	4.201	76.111	-7.0
910	2018-01-12	22:00:00	32.5	4.201	76.111	-7.0
911	2018-01-12	23:00:00	32.5	4.201	76.111	-7.0
912	2018-01-13	00:00:00	32.5	4.201	76.111	-6.9
913	2018-01-13	01:00:00	32.5	4.201	76.111	-6.9
914	2018-01-13	02:00:00	32.5	4.201	76.111	-6.9
915	2018-01-13	03:00:00	32.5	4.201	76.111	-7.9
916	2018-01-13	04:00:00	32.5	4.201	76.111	-7.9
917	2018-01-13	05:00:00	33.0	4.201	76.111	-7.9
918	2018-01-13	06:00:00	33.0	4.201	76.111	-10.0
919	2018-01-13	07:00:00	33.0	4.201	76.111	-10.0
920	2018-01-13	08:00:00	33.0	4.201	76.111	-10.0
921	2018-01-13	09:00:00	33.0	4.201	76.111	-7.7
922	2018-01-13	10:00:00	33.0	4.201	76.111	-7.7
923	2018-01-13	11:00:00	33.0	4.201	76.111	-7.7
924	2018-01-13	12:00:00	33.0	4.201	76.111	-2.8
925	2018-01-13	13:00:00	33.5	4.201	76.111	-2.8
926	2018-01-13	14:00:00	33.5	4.201	76.111	-2.8
927	2018-01-13	15:00:00	33.5	4.201	76.111	-3.1
928	2018-01-13	16:00:00	33.5	4.201	76.111	-3.1
929	2018-01-13	17:00:00	33.5	4.201	76.111	-3.1
930	2018-01-13	18:00:00	33.5	4.201	76.111	-10.0
931	2018-01-13	19:00:00	33.5	4.201	76.111	-10.0
932	2018-01-13	20:00:00	33.5	4.201	76.111	-10.0
933	2018-01-13	21:00:00	33.5	4.201	76.111	-15.5
934	2018-01-13	22:00:00	33.5	4.201	76.111	-15.5
935	2018-01-13	23:00:00	34.0	4.201	76.111	-15.5
936	2018-01-14	00:00:00	34.0	4.201	76.111	-15.0
937	2018-01-14	01:00:00	34.0	4.201	76.111	-15.0
938	2018-01-14	02:00:00	34.0	4.201	76.111	-15.0
939	2018-01-14	03:00:00	34.0	4.201	76.111	-14.5
940	2018-01-14	04:00:00	34.0	4.201	76.111	-14.5
941	2018-01-14	05:00:00	34.0	4.201	76.111	-14.5
942	2018-01-14	06:00:00	34.5	4.201	76.111	-12.5
943	2018-01-14	07:00:00	34.5	4.201	76.111	-12.5
944	2018-01-14	08:00:00	34.5	4.201	76.111	-12.5
945	2018-01-14	09:00:00	34.5	4.201	76.111	-6.4
946	2018-01-14	10:00:00	34.5	4.201	76.111	-6.4
947	2018-01-14	11:00:00	34.5	4.201	76.111	-6.4
948	2018-01-14	12:00:00	34.5	4.201	76.111	-2.0
949	2018-01-14	13:00:00	35.0	4.201	76.111	-2.0
950	2018-01-14	14:00:00	35.0	4.201	76.111	-2.0
951	2018-01-14	15:00:00	35.0	4.201	76.111	-4.7
952	2018-01-14	16:00:00	35.0	4.201	76.111	-4.7
953	2018-01-14	17:00:00	35.0	4.201	76.111	-4.7
954	2018-01-14	18:00:00	35.0	4.201	76.111	-10.0
955	2018-01-14	19:00:00	35.0	4.201	76.111	-10.0
956	2018-01-14	20:00:00	35.0	4.201	76.111	-10.0
957	2018-01-14	21:00:00	35.0	4.201	76.111	-12.5
958	2018-01-14	22:00:00	35.5	4.201	76.111	-12.5
959	2018-01-14	23:00:00	35.5	4.201	76.111	-12.5
960	2018-01-15	00:00:00	35.5	4.201	76.111	-13.0
961	2018-01-15	01:00:00	35.5	4.201	76.111	-13.0
962	2018-01-15	02:00:00	35.5	4.201	76.111	-13.0
963	2018-01-15	03:00:00	35.5	4.201	76.111	-14.0
964	2018-01-15	04:00:00	35.5	4.201	76.111	-14.0
965	2018-01-15	05:00:00	36.0	4.201	76.111	-14.0
966	2018-01-15	06:00:00	36.0	4.201	76.111	-13.0
967	2018-01-15	07:00:00	36.0	4.201	76.111	-13.0
968	2018-01-15	08:00:00	36.0	4.201	76.111	-13.0
969	2018-01-15	09:00:00	36.0	4.201	76.111	-8.0
970	2018-01-15	10:00:00	36.0	4.201	76.111	-8.0
971	2018-01-15	11:00:00	36.0	4.201	76.111	-8.0
972	2018-01-15	12:00:00	36.0	4.201	76.111	-5.0
973	2018-01-15	13:00:00	36.0	4.201	76.111	-5.0
974	2018-01-15	14:00:00	36.0	4.201	76.111	-5.0
975	2018-01-15	15:00:00	36.0	4.201	76.111	-11.0
976	2018-01-15	16:00:00	36.0	4.201	76.111	-11.0
977	2018-01-15	17:00:00	36.0	4.201	76.111	-11.0
978	2018-01-15	18:00:00	36.5	4.201	76.111	-11.0
979	2018-01-15	19:00:00	36.5	4.201	76.111	-11.0
980	2018-01-15	20:00:00	36.5	4.201	76.111	-11.0
981	2018-01-15	21:00:00	36.5	4.201	76.111	-14.0
982	2018-01-15	22:00:00	36.5	4.201	76.111	-14.0
983	2018-01-15	23:00:00	36.5	4.201	76.111	-14.0
984	2018-01-16	00:00:00	36.5	4.201	76.111	-12.8
985	2018-01-16	01:00:00	36.5	4.201	76.111	-12.8
986	2018-01-16	02:00:00	36.5	4.201	78.611	-12.8
987	2018-01-16	03:00:00	36.5	4.201	78.611	-15.0
988	2018-01-16	04:00:00	36.5	4.201	78.611	-15.0
989	2018-01-16	05:00:00	37.0	4.201	78.611	-15.0
990	2018-01-16	06:00:00	37.0	4.201	78.611	-13.9
991	2018-01-16	07:00:00	37.0	4.201	78.611	-13.9
992	2018-01-16	08:00:00	37.0	4.201	81.111	-13.9
993	2018-01-16	09:00:00	37.0	4.201	81.111	-10.6
994	2018-01-16	10:00:00	37.0	4.201	81.111	-10.6
995	2018-01-16	11:00:00	37.0	4.201	81.111	-10.6
996	2018-01-16	12:00:00	37.0	4.201	81.111	-6.2
997	2018-01-16	13:00:00	37.0	4.201	83.611	-6.2
998	2018-01-16	14:00:00	37.0	4.201	83.611	-6.2
999	2018-01-16	15:00:00	37.0	4.201	83.611	-4.0
1000	2018-01-16	16:00:00	37.0	4.201	83.611	-4.0
1001	2018-01-16	17:00:00	37.0	4.201	83.611	-4.0
1002	2018-01-16	18:00:00	37.0	4.201	83.611	-7.3
1003	2018-01-16	19:00:00	37.5	4.201	86.111	-7.3
1004	2018-01-16	20:00:00	37.5	4.201	86.111	-7.3
1005	2018-01-16	21:00:00	37.5	4.201	86.111	-10.6
1006	2018-01-16	22:00:00	37.5	4.201	86.111	-10.6
1007	2018-01-16	23:00:00	37.5	4.201	86.111	-10.6
1008	2018-01-17	00:00:00	37.5	4.201	86.111	-10.8
1009	2018-01-17	01:00:00	37.5	4.201	88.611	-10.8
1010	2018-01-17	02:00:00	37.5	4.201	88.611	-10.8
1011	2018-01-17	03:00:00	37.5	4.201	88.611	-12.0
1012	2018-01-17	04:00:00	37.5	4.201	88.611	-12.0
1013	2018-01-17	05:00:00	37.5	4.201	88.611	-12.0
1014	2018-01-17	06:00:00	37.5	4.201	88.611	-11.4
1015	2018-01-17	07:00:00	37.5	4.201	91.111	-11.4
1016	2018-01-17	08:00:00	37.5	4.201	91.111	-11.4
1017	2018-01-17	09:00:00	38.0	4.201	91.111	-9.6
1018	2018-01-17	10:00:00	38.0	4.201	91.111	-9.6
1019	2018-01-17	11:00:00	38.0	4.201	91.111	-9.6
1020	2018-01-17	12:00:00	38.0	4.201	91.111	-7.2
1021	2018-01-17	13:00:00	38.0	4.201	93.611	-7.2
1022	2018-01-17	14:00:00	38.0	4.201	93.611	-7.2
1023	2018-01-17	15:00:00	38.0	4.201	93.611	-6.0
1024	2018-01-17	16:00:00	38.0	4.201	93.611	-6.0
1025	2018-01-17	17:00:00	38.0	4.201	93.611	-6.0
1026	2018-01-17	18:00:00	38.0	4.201	93.611	-7.8
1027	2018-01-17	19:00:00	38.0	4.201	96.111	-7.8
1028	2018-01-17	20:00:00	38.5	4.201	96.111	-7.8
1029	2018-01-17	21:00:00	38.5	4.201	96.111	-9.6
1030	2018-01-17	22:00:00	38.5	4.201	96.111	-9.6
1031	2018-01-17	23:00:00	38.5	4.201	96.111	-9.6
1032	2018-01-18	00:00:00	38.5	4.201	96.111	-10.6
1033	2018-01-18	01:00:00	38.5	4.201	98.611	-10.6
1034	2018-01-18	02:00:00	38.5	4.201	98.611	-10.6
1035	2018-01-18	03:00:00	38.5	4.201	98.611	-12.0
1036	2018-01-18	04:00:00	38.5	4.201	98.611	-12.0
1037	2018-01-18	05:00:00	38.5	4.201	98.611	-12.0
1038	2018-01-18	06:00:00	38.5	4.201	98.611	-11.3
1039	2018-01-18	07:00:00	39.0	4.201	98.611	-11.3
1040	2018-01-18	08:00:00	39.0	4.201	98.611	-11.3
1041	2018-01-18	09:00:00	39.0	4.201	98.611	-9.2
1042	2018-01-18	10:00:00	39.0	4.201	101.111	-9.2
1043	2018-01-18	11:00:00	39.0	4.201	101.111	-9.2
1044	2018-01-18	12:00:00	39.0	4.201	101.111	-6.4
1045	2018-01-18	13:00:00	39.0	4.201	101.111	-6.4
1046	2018-01-18	14:00:00	39.0	4.201	101.111	-6.4
1047	2018-01-18	15:00:00	39.0	4.201	101.111	-5.0
1048	2018-01-18	16:00:00	39.0	4.201	101.111	-5.0
1049	2018-01-18	17:00:00	39.0	4.201	101.111	-5.0
1050	2018-01-18	18:00:00	39.0	4.201	101.111	-7.1
1051	2018-01-18	19:00:00	39.0	4.201	103.611	-7.1
1052	2018-01-18	20:00:00	39.0	4.201	103.611	-7.1
1053	2018-01-18	21:00:00	39.0	4.201	103.611	-9.2
1054	2018-01-18	22:00:00	39.0	4.201	103.611	-9.2
1055	2018-01-18	23:00:00	39.5	4.201	103.611	-9.2
1056	2018-01-19	00:00:00	39.5	4.201	103.611	-9.0
1057	2018-01-19	01:00:00	39.5	4.201	103.611	-9.0
1058	2018-01-19	02:00:00	39.5	4.201	103.611	-9.0
1059	2018-01-19	03:00:00	39.5	4.201	103.611	-10.0
1060	2018-01-19	04:00:00	39.5	4.201	106.111	-10.0
1061	2018-01-19	05:00:00	39.5	4.201	106.111	-10.0
1062	2018-01-19	06:00:00	39.5	4.201	106.111	-9.5
1063	2018-01-19	07:00:00	39.5	4.201	106.111	-9.5
1064	2018-01-19	08:00:00	39.5	4.201	106.111	-9.5
1065	2018-01-19	09:00:00	39.5	4.201	106.111	-8.0
1066	2018-01-19	10:00:00	39.5	4.201	106.111	-8.0
1067	2018-01-19	11:00:00	39.5	4.201	106.111	-8.0
1068	2018-01-19	12:00:00	39.5	4.201	106.111	-6.0
1069	2018-01-19	13:00:00	39.5	4.201	106.111	-6.0
1070	2018-01-19	14:00:00	39.5	4.201	106.111	-6.0
1071	2018-01-19	15:00:00	39.5	4.201	108.611	-5.0
1072	2018-01-19	16:00:00	39.5	4.201	108.611	-5.0
1073	2018-01-19	17:00:00	40.0	4.201	108.611	-5.0
1074	2018-01-19	18:00:00	40.0	4.201	108.611	-6.5
1075	2018-01-19	19:00:00	40.0	4.201	108.611	-6.5
1076	2018-01-19	20:00:00	40.0	4.201	108.611	-6.5
1077	2018-01-19	21:00:00	40.0	4.201	108.611	-8.0
1078	2018-01-19	22:00:00	40.0	4.201	108.611	-8.0
1079	2018-01-19	23:00:00	40.0	4.201	108.611	-8.0
1080	2018-01-20	00:00:00	40.0	4.201	108.611	-10.6
1081	2018-01-20	01:00:00	40.0	4.201	111.111	-10.6
1082	2018-01-20	02:00:00	40.0	4.201	111.111	-10.6
1083	2018-01-20	03:00:00	40.0	4.201	111.111	-12.0
1084	2018-01-20	04:00:00	40.0	4.201	111.111	-12.0
1085	2018-01-20	05:00:00	40.0	4.201	111.111	-12.0
1086	2018-01-20	06:00:00	40.0	4.201	111.111	-11.3
1087	2018-01-20	07:00:00	40.0	4.201	111.111	-11.3
1088	2018-01-20	08:00:00	40.0	4.201	111.111	-11.3
1089	2018-01-20	09:00:00	40.0	4.201	111.111	-9.2
1090	2018-01-20	10:00:00	40.0	4.201	111.111	-9.2
1091	2018-01-20	11:00:00	40.0	4.201	111.111	-9.2
1092	2018-01-20	12:00:00	40.5	4.201	111.111	-6.4
1093	2018-01-20	13:00:00	40.5	4.201	111.111	-6.4
1094	2018-01-20	14:00:00	40.5	4.201	111.111	-6.4
1095	2018-01-20	15:00:00	40.5	4.201	113.611	-5.0
1096	2018-01-20	16:00:00	40.5	4.201	113.611	-5.0
1097	2018-01-20	17:00:00	40.5	4.201	113.611	-5.0
1098	2018-01-20	18:00:00	40.5	4.201	113.611	-7.1
1099	2018-01-20	19:00:00	40.5	4.201	113.611	-7.1
1100	2018-01-20	20:00:00	40.5	4.201	113.611	-7.1
1101	2018-01-20	21:00:00	40.5	4.201	113.611	-9.2
1102	2018-01-20	22:00:00	40.5	4.201	113.611	-9.2
1103	2018-01-20	23:00:00	40.5	4.201	113.611	-9.2
1104	2018-01-21	00:00:00	40.5	4.201	113.611	-10.6
1105	2018-01-21	01:00:00	40.5	4.201	113.611	-10.6
1106	2018-01-21	02:00:00	40.5	4.201	113.611	-10.6
1107	2018-01-21	03:00:00	40.5	4.201	113.611	-12.0
1108	2018-01-21	04:00:00	40.5	4.201	113.611	-12.0
1109	2018-01-21	05:00:00	40.5	4.201	113.611	-12.0
1110	2018-01-21	06:00:00	41.0	4.201	116.111	-11.3
1111	2018-01-21	07:00:00	41.0	4.201	116.111	-11.3
1112	2018-01-21	08:00:00	41.0	4.201	116.111	-11.3
1113	2018-01-21	09:00:00	41.0	4.201	116.111	-9.2
1114	2018-01-21	10:00:00	41.0	4.201	116.111	-9.2
1115	2018-01-21	11:00:00	41.0	4.201	116.111	-9.2
1116	2018-01-21	12:00:00	41.0	4.201	116.111	-6.4
1117	2018-01-21	13:00:00	41.0	4.201	116.111	-6.4
1118	2018-01-21	14:00:00	41.0	4.201	116.111	-6.4
1119	2018-01-21	15:00:00	41.0	4.201	116.111	-5.0
1120	2018-01-21	16:00:00	41.0	4.201	116.111	-5.0
1121	2018-01-21	17:00:00	41.0	4.201	116.111	-5.0
1122	2018-01-21	18:00:00	41.0	4.201	116.111	-7.1
1123	2018-01-21	19:00:00	41.0	4.201	116.111	-7.1
1124	2018-01-21	20:00:00	41.0	4.201	116.111	-7.1
1125	2018-01-21	21:00:00	41.5	4.201	116.111	-9.2
1126	2018-01-21	22:00:00	41.5	4.201	116.111	-9.2
1127	2018-01-21	23:00:00	41.5	4.201	116.111	-9.2
1128	2018-01-22	00:00:00	41.5	4.201	116.111	-11.4
1129	2018-01-22	01:00:00	41.5	4.201	116.111	-11.4
1130	2018-01-22	02:00:00	41.5	4.201	118.611	-11.4
1131	2018-01-22	03:00:00	41.5	4.201	118.611	-13.0
1132	2018-01-22	04:00:00	41.5	4.201	118.611	-13.0
1133	2018-01-22	05:00:00	41.5	4.201	118.611	-13.0
1134	2018-01-22	06:00:00	41.5	4.201	118.611	-12.2
1135	2018-01-22	07:00:00	41.5	4.201	118.611	-12.2
1136	2018-01-22	08:00:00	41.5	4.201	118.611	-12.2
1137	2018-01-22	09:00:00	41.5	4.201	118.611	-9.8
1138	2018-01-22	10:00:00	41.5	4.201	118.611	-9.8
1139	2018-01-22	11:00:00	41.5	4.201	118.611	-9.8
1140	2018-01-22	12:00:00	41.5	4.201	118.611	-6.6
1141	2018-01-22	13:00:00	42.0	4.201	118.611	-6.6
1142	2018-01-22	14:00:00	42.0	4.201	118.611	-6.6
1143	2018-01-22	15:00:00	42.0	4.201	118.611	-5.0
1144	2018-01-22	16:00:00	42.0	4.201	118.611	-5.0
1145	2018-01-22	17:00:00	42.0	4.201	118.611	-5.0
1146	2018-01-22	18:00:00	42.0	4.201	121.111	-7.4
1147	2018-01-22	19:00:00	42.0	4.201	121.111	-7.4
1148	2018-01-22	20:00:00	42.0	4.201	121.111	-7.4
1149	2018-01-22	21:00:00	42.0	4.201	121.111	-9.8
1150	2018-01-22	22:00:00	42.0	4.201	121.111	-9.8
1151	2018-01-22	23:00:00	42.0	4.201	121.111	-9.8
