	When	Rad	Tair	RH	Wind	Pressure	Prec	Cl	ew	rho_air	huma	DoY
0	2014-12-01 00:00:00	0.0	2.246	97.1	0.5	81850.0	0.0	0.0	697.1189389	1.03536	0.0053431	335
1	2014-12-01 01:00:00	0.0	2.146	98.0	0.5	81780.0	0.0003	0.0	698.5868755	1.0348503	0.0053591	335
2	2014-12-01 02:00:00	0.0	2.246	97.0	0.8	81720.0	0.0012	0.0	696.4009997	1.0337156	0.0053461	335
3	2014-12-01 03:00:00	0.0	2.446	95.4	1.2	81620.0	0.0005	0.0	694.7284373	1.0317014	0.0053398	335
4	2014-12-01 04:00:00	0.0	2.446	95.3	0.8	81550.0	0.0007	0.0	694.0002104	1.0308166	0.0053387	335
5	2014-12-01 05:00:00	0.0	2.346	95.6	0.5	81500.0	0.0003	0.0	691.2518838	1.0305585	0.0053207	335
6	2014-12-01 06:00:00	0.0	2.446	93.8	1.4	81510.0	0.0016	0.0	683.0768073	1.030311	0.0052566	335
7	2014-12-01 07:00:00	11.0	1.546	94.1	1.6	81560.0	0.0015	0.6007407	642.6448347	1.0343207	0.0049399	335
8	2014-12-01 08:00:00	62.0	2.046	92.1	1.1	81530.0	0.0	0.5949333	651.8657261	1.0320617	0.0050132	335
9	2014-12-01 09:00:00	75.0	2.546	91.2	1.9	81540.0	0.0001	0.7991803	668.8785834	1.0303163	0.0051445	335
10	2014-12-01 10:00:00	131.0	3.146	86.9	0.9	81580.0	0.0001	0.6352841	665.0190561	1.0285833	0.0051121	335
11	2014-12-01 11:00:00	141.0	3.546	88.3	1.0	81560.0	0.0	0.643866	695.0771499	1.0268445	0.0053464	335
12	2014-12-01 12:00:00	193.0	4.246	86.4	0.7	81520.0	0.0001	0.4285801	714.401106	1.023751	0.0054991	335
13	2014-12-01 13:00:00	203.0	4.946	84.8	1.1	81490.0	0.0	0.1425	736.3083582	1.0207983	0.0056714	335
14	2014-12-01 14:00:00	112.0	5.046	84.7	1.3	81480.0	0.0	0.3096855	740.5785842	1.0203061	0.0057053	335
15	2014-12-01 15:00:00	32.0	4.146	88.7	1.3	81530.0	0.0	0.02	728.2970221	1.0242458	0.0056063	335
16	2014-12-01 16:00:00	0.0	2.646	95.0	1.1	81560.0	0.0	0.3633193	701.7126351	1.0301954	0.0053979	335
17	2014-12-01 17:00:00	0.0	1.646	96.3	0.7	81610.0	0.0	0.3633193	662.393683	1.0345782	0.0050898	335
18	2014-12-01 18:00:00	0.0	1.946	95.8	0.5	81640.0	0.0	0.3633193	673.2334242	1.0338298	0.0051719	335
19	2014-12-01 19:00:00	0.0	2.146	96.1	0.5	81650.0	0.0	0.3633193	685.0428442	1.0332053	0.0052627	335
20	2014-12-01 20:00:00	0.0	2.246	96.5	0.5	81680.0	0.0007	0.3633193	692.8113038	1.0332096	0.0053209	335
21	2014-12-01 21:00:00	0.0	1.946	97.4	0.5	81690.0	0.0002	0.3633193	684.4774063	1.034463	0.0052558	335
22	2014-12-01 22:00:00	0.0	1.946	97.1	0.5	81690.0	0.0001	0.3633193	682.3691596	1.034463	0.0052394	335
23	2014-12-01 23:00:00	0.0	1.946	97.2	0.2	81690.0	0.0	0.3633193	683.0719085	1.034463	0.0052449	335
24	2014-12-02 00:00:00	0.0	1.946	94.8	0.6	81680.0	0.0	0.0	666.2059355	1.0343364	0.0051149	336
25	2014-12-02 01:00:00	0.0	1.146	95.3	0.5	81660.0	0.0	0.0	632.4334755	1.0370991	0.0048548	336
26	2014-12-02 02:00:00	0.0	-0.154	96.4	0.6	81640.0	0.0	0.0	582.4013266	1.0417825	0.0044691	336
27	2014-12-02 03:00:00	0.0	-0.254	95.2	0.8	81610.0	0.0	0.0	570.9887073	1.0417813	0.0043825	336
28	2014-12-02 04:00:00	0.0	-0.654	96.7	0.4	81590.0	0.0	0.0	563.3418433	1.0430549	0.0043245	336
29	2014-12-02 05:00:00	0.0	-0.854	98.3	0.4	81590.0	0.0	0.0	564.3660409	1.043821	0.0043324	336
30	2014-12-02 06:00:00	0.0	-0.454	96.7	0.3	81630.0	0.0	0.0	571.6098978	1.0428008	0.0043862	336
31	2014-12-02 07:00:00	12.0	-0.254	97.1	0.3	81680.0	0.0002	0.5476923	582.3844904	1.0426749	0.0044668	336
32	2014-12-02 08:00:00	56.0	0.046	96.7	0.6	81700.0	0.0003	0.6291892	592.7526588	1.0417849	0.0045457	336
33	2014-12-02 09:00:00	167.0	0.646	95.1	0.4	81720.0	0.0	0.5528415	608.79438	1.0397564	0.0046685	336
34	2014-12-02 10:00:00	208.0	1.846	91.3	0.2	81700.0	0.0	0.4209091	637.0449109	1.0349659	0.0048881	336
35	2014-12-02 11:00:00	269.0	3.446	83.4	0.3	81660.0	0.0	0.320567	651.8949098	1.0284752	0.0050054	336
36	2014-12-02 12:00:00	206.0	4.146	79.7	0.9	81630.0	0.0	0.3900906	654.3999173	1.0255021	0.0050267	336
37	2014-12-02 13:00:00	160.0	4.146	78.5	0.9	81620.0	0.0	0.4498246	644.54697	1.0253764	0.004951	336
38	2014-12-02 14:00:00	65.0	3.746	83.5	2.2	81640.0	0.0	0.5993711	666.6116197	1.0271093	0.0051206	336
39	2014-12-02 15:00:00	11.0	3.146	86.6	1.9	81670.0	0.0	0.663125	662.7232481	1.029718	0.0050886	336
40	2014-12-02 16:00:00	0.0	2.546	91.0	1.5	81710.0	0.0002	0.4739812	667.4117444	1.0324644	0.0051224	336
41	2014-12-02 17:00:00	0.0	1.846	93.3	0.9	81750.0	0.0012	0.4739812	650.9998925	1.0355993	0.0049929	336
42	2014-12-02 18:00:00	0.0	1.446	95.9	0.4	81780.0	0.0002	0.4739812	650.2628825	1.0374884	0.0049854	336
43	2014-12-02 19:00:00	0.0	1.346	96.3	0.2	81820.0	0.0001	0.4739812	648.3105049	1.038374	0.0049679	336
44	2014-12-02 20:00:00	0.0	1.146	97.0	0.2	81840.0	0.0001	0.4739812	643.71508	1.0393851	0.0049311	336
45	2014-12-02 21:00:00	0.0	1.146	96.4	0.4	81870.0	0.0	0.4739812	639.7333372	1.0397661	0.0048986	336
46	2014-12-02 22:00:00	0.0	1.246	95.9	0.5	81910.0	0.0003	0.4739812	641.0017919	1.039895	0.004906	336
47	2014-12-02 23:00:00	0.0	1.046	97.4	1.0	81920.0	0.0002	0.4739812	641.7408172	1.0407806	0.0049111	336
48	2014-12-03 00:00:00	0.0	0.746	96.7	1.3	81930.0	0.0001	0.0166667	623.5166969	1.0420477	0.0047699	337
49	2014-12-03 01:00:00	0.0	0.646	96.8	1.1	81960.0	0.0	0.0166667	619.6771397	1.04281	0.0047386	337
50	2014-12-03 02:00:00	0.0	0.446	97.5	0.9	81980.0	0.0	0.0166667	615.2109048	1.043827	0.004703	337
51	2014-12-03 03:00:00	0.0	0.246	98.0	0.4	82000.0	0.0001	0.0166667	609.4870274	1.0448454	0.0046578	337
52	2014-12-03 04:00:00	0.0	0.246	98.2	0.7	82030.0	0.0	0.0166667	610.7308785	1.0452277	0.0046657	337
53	2014-12-03 05:00:00	0.0	0.346	97.3	0.4	82050.0	0.0	0.0166667	609.5271156	1.0451003	0.0046553	337
54	2014-12-03 06:00:00	0.0	0.246	97.3	1.1	82090.0	0.0	0.0166667	605.1335486	1.0459922	0.0046192	337
55	2014-12-03 07:00:00	11.0	0.146	97.6	0.7	82140.0	0.0	0.5853846	602.6203937	1.0470123	0.004597	337
56	2014-12-03 08:00:00	90.0	0.746	95.5	0.5	82200.0	0.0	0.4040541	615.7791577	1.0454818	0.0046947	337
57	2014-12-03 09:00:00	115.0	1.146	91.0	0.5	82240.0	0.0	0.6920765	603.8976523	1.0444652	0.0046012	337
58	2014-12-03 10:00:00	142.0	1.746	83.7	0.3	82240.0	0.0	0.6046591	579.8575421	1.0421855	0.0044167	337
59	2014-12-03 11:00:00	201.0	2.446	81.6	0.5	82220.0	0.0	0.4923196	594.2331287	1.0392856	0.0045281	337
60	2014-12-03 12:00:00	252.0	3.346	74.7	0.7	82200.0	0.0	0.265	579.7875533	1.0356507	0.0044184	337
61	2014-12-03 13:00:00	144.0	3.246	75.6	1.2	82180.0	0.0	0.5048421	582.645425	1.0357733	0.0044414	337
62	2014-12-03 14:00:00	104.0	2.946	79.1	1.3	82180.0	0.0	0.3589937	596.8247852	1.0368988	0.0045503	337
63	2014-12-03 15:00:00	23.0	1.146	82.2	1.0	82210.0	0.0	0.295625	545.4987585	1.0440842	0.0041548	337
64	2014-12-03 16:00:00	0.0	-0.854	93.8	0.2	82250.0	0.0	0.4202399	538.5303625	1.0522647	0.0040994	337
65	2014-12-03 17:00:00	0.0	-1.754	97.6	0.3	82280.0	0.0	0.4202399	524.5722728	1.0561393	0.003991	337
66	2014-12-03 18:00:00	0.0	-2.054	93.6	0.5	82310.0	0.0	0.4202399	492.0771412	1.0576935	0.0037409	337
67	2014-12-03 19:00:00	0.0	-3.054	94.2	0.3	82320.0	0.0	0.4202399	459.8763006	1.0617385	0.0034943	337
68	2014-12-03 20:00:00	0.0	-3.154	92.5	0.4	82330.0	0.0	0.4202399	448.2294496	1.0622607	0.0034049	337
69	2014-12-03 21:00:00	0.0	-3.854	93.9	0.5	82330.0	0.0	0.4202399	431.845388	1.0650219	0.0032798	337
70	2014-12-03 22:00:00	0.0	-3.754	94.8	0.4	82330.0	0.0	0.4202399	439.2597812	1.0646266	0.0033364	337
71	2014-12-03 23:00:00	0.0	-3.054	93.4	0.6	82290.0	0.0	0.4202399	455.9707694	1.0613515	0.0034657	337
72	2014-12-04 00:00:00	0.0	-2.654	93.7	0.4	82280.0	0.0	0.0	471.2254297	1.0596533	0.0035828	338
73	2014-12-04 01:00:00	0.0	-2.354	92.9	0.6	82260.0	0.0	0.0	477.6952881	1.058222	0.0036331	338
74	2014-12-04 02:00:00	0.0	-2.154	93.2	0.4	82260.0	0.0	0.0	486.3719846	1.0574411	0.0036995	338
75	2014-12-04 03:00:00	0.0	-1.654	92.6	0.7	82270.0	0.0	0.0	501.3725922	1.0556219	0.0038139	338
76	2014-12-04 04:00:00	0.0	-1.654	93.8	0.3	82270.0	0.0002	0.0	507.8698612	1.0556219	0.0038636	338
77	2014-12-04 05:00:00	0.0	-1.754	96.0	0.3	82280.0	0.0001	0.0	515.9727273	1.0561393	0.0039251	338
78	2014-12-04 06:00:00	0.0	-1.754	96.6	0.1	82300.0	0.0004	0.0	519.1975569	1.056396	0.0039489	338
79	2014-12-04 07:00:00	24.0	-1.354	95.7	0.3	82320.0	0.0002	0.02	529.6975301	1.0550976	0.0040283	338
80	2014-12-04 08:00:00	68.0	-1.254	95.9	0.1	82350.0	0.0002	0.5497297	534.7098007	1.0550939	0.0040651	338
81	2014-12-04 09:00:00	119.0	-0.554	94.0	0.4	82380.0	0.0	0.6813661	551.6181655	1.0527679	0.004193	338
82	2014-12-04 10:00:00	157.0	0.146	93.5	0.6	82380.0	0.0001	0.6054872	577.3053976	1.0500715	0.0043896	338
83	2014-12-04 11:00:00	176.0	1.446	87.3	1.9	82370.0	0.0	0.5554639	591.9494228	1.0449733	0.0045023	338
84	2014-12-04 12:00:00	190.0	2.246	85.7	2.6	82340.0	0.0	0.4458333	615.2738729	1.0415583	0.0046828	338
85	2014-12-04 13:00:00	161.0	2.646	83.4	3.2	82330.0	0.0	0.446386	616.0298291	1.0399214	0.0046892	338
86	2014-12-04 14:00:00	88.0	2.646	82.9	2.5	82340.0	0.0	0.4576101	612.3366047	1.0400477	0.0046603	338
87	2014-12-04 15:00:00	17.0	1.946	83.8	2.6	82370.0	0.0	0.479375	588.903559	1.043074	0.004479	338
88	2014-12-04 16:00:00	0.0	1.246	88.9	2.4	82400.0	0.0	0.4983592	594.21334	1.0461158	0.004518	338
89	2014-12-04 17:00:00	0.0	0.546	91.1	1.6	82430.0	0.0	0.4983592	578.9944858	1.0491732	0.0043999	338
90	2014-12-04 18:00:00	0.0	0.546	91.6	1.2	82450.0	0.0	0.4983592	582.1722821	1.0494278	0.0044231	338
91	2014-12-04 19:00:00	0.0	0.546	90.6	1.6	82460.0	0.0	0.4983592	575.8166895	1.0495551	0.004374	338
92	2014-12-04 20:00:00	0.0	0.346	91.0	0.9	82500.0	0.0	0.4983592	570.0613311	1.0508321	0.0043278	338
93	2014-12-04 21:00:00	0.0	0.046	94.1	0.4	82520.0	0.0	0.4983592	576.815152	1.052241	0.0043784	338
94	2014-12-04 22:00:00	0.0	-0.054	94.7	0.3	82530.0	0.0	0.4983592	576.2984544	1.0527539	0.0043739	338
95	2014-12-04 23:00:00	0.0	-0.254	95.6	0.5	82530.0	0.0	0.4983592	573.3878195	1.0535254	0.0043517	338
96	2014-12-05 00:00:00	0.0	-0.154	93.4	1.1	82540.0	0.0	0.0	564.2768039	1.0532671	0.0042815	339
97	2014-12-05 01:00:00	0.0	-0.554	90.6	0.7	82540.0	0.0	0.0	531.6660191	1.0548127	0.0040325	339
98	2014-12-05 02:00:00	0.0	-0.754	92.5	0.9	82540.0	0.0	0.0	534.9577539	1.0555871	0.0040576	339
99	2014-12-05 03:00:00	0.0	-1.554	94.1	0.6	82520.0	0.0	0.0	513.2520226	1.0584399	0.0038929	339
100	2014-12-05 04:00:00	0.0	-2.554	93.6	0.3	82520.0	0.0	0.0	474.2234468	1.0623514	0.0035952	339
101	2014-12-05 05:00:00	0.0	-2.954	98.4	0.4	82550.0	0.0	0.0	483.9650555	1.0643109	0.0036681	339
102	2014-12-05 06:00:00	0.0	-2.854	91.4	0.9	82580.0	0.0	0.0	452.8883962	1.0643038	0.00343	339
103	2014-12-05 07:00:00	4.0	-2.554	91.0	1.2	82590.0	0.0	0.0	461.0505733	1.0632526	0.0034917	339
104	2014-12-05 08:00:00	58.0	-2.254	90.7	1.2	82620.0	0.0	0.6159459	469.8427836	1.0624609	0.0035574	339
105	2014-12-05 09:00:00	203.0	-2.154	91.7	0.6	82620.0	0.0	0.4564481	478.5441093	1.0620688	0.0036237	339
106	2014-12-05 10:00:00	352.0	-0.554	84.5	0.7	82590.0	0.0	0.1154872	495.8695211	1.0554516	0.003757	339
107	2014-12-05 11:00:00	388.0	0.946	73.2	0.8	82540.0	0.0	0.02	478.8373137	1.0490402	0.0036294	339
108	2014-12-05 12:00:00	331.0	2.146	65.4	0.5	82490.0	0.0	0.0345833	466.1998128	1.0438347	0.0035353	339
109	2014-12-05 13:00:00	113.0	1.646	72.8	0.7	82460.0	0.0	0.6114386	500.7503647	1.0453537	0.0038003	339
110	2014-12-05 14:00:00	92.0	1.946	73.4	0.5	82460.0	0.0	0.432956	515.8176758	1.0442137	0.0039153	339
111	2014-12-05 15:00:00	21.0	0.446	85.6	0.4	82470.0	0.0	0.356875	540.1236252	1.050066	0.0041005	339
112	2014-12-05 16:00:00	0.0	-0.954	90.8	0.6	82480.0	0.0	0.26189	517.5117163	1.0555948	0.0039273	339
113	2014-12-05 17:00:00	0.0	-1.554	90.2	0.6	82480.0	0.0	0.26189	491.9801535	1.0579268	0.0037324	339
114	2014-12-05 18:00:00	0.0	-1.954	92.4	0.4	82490.0	0.0	0.26189	489.3632571	1.0596157	0.003712	339
115	2014-12-05 19:00:00	0.0	-1.754	91.7	0.7	82490.0	0.0	0.26189	492.8614489	1.0588348	0.0037387	339
116	2014-12-05 20:00:00	0.0	-2.454	92.6	0.8	82480.0	0.0	0.26189	472.6433277	1.0614442	0.0035849	339
117	2014-12-05 21:00:00	0.0	-3.054	92.0	0.8	82480.0	0.0	0.26189	449.1360898	1.0638021	0.0034056	339
118	2014-12-05 22:00:00	0.0	-3.054	92.2	0.6	82490.0	0.0	0.26189	450.1124726	1.0639311	0.0034126	339
119	2014-12-05 23:00:00	0.0	-2.854	93.1	0.3	82480.0	0.0	0.26189	461.3119222	1.063015	0.0034984	339
120	2014-12-06 00:00:00	0.0	-2.354	92.5	0.2	82460.0	0.0	0.0	475.6384731	1.0607949	0.0036086	340
121	2014-12-06 01:00:00	0.0	-2.354	92.7	0.3	82430.0	0.0	0.0	476.6668806	1.060409	0.0036178	340
122	2014-12-06 02:00:00	0.0	-2.554	92.1	0.8	82410.0	0.0	0.0	466.6237121	1.0609353	0.003542	340
123	2014-12-06 03:00:00	0.0	-2.754	94.2	0.5	82380.0	0.0	0.0	470.2397163	1.0613335	0.0035709	340
124	2014-12-06 04:00:00	0.0	-2.954	93.6	0.7	82370.0	0.0	0.0	460.357004	1.0619902	0.0034958	340
125	2014-12-06 05:00:00	0.0	-3.154	95.1	0.3	82370.0	0.0	0.0	460.8283314	1.0627768	0.0034994	340
126	2014-12-06 06:00:00	0.0	-3.254	93.8	0.8	82400.0	0.0	0.0	451.1566109	1.0635578	0.0034243	340
127	2014-12-06 07:00:00	8.0	-2.754	94.3	0.4	82440.0	0.0	0.0	470.7389092	1.0621065	0.0035721	340
128	2014-12-06 08:00:00	64.0	-2.054	93.0	0.4	82460.0	0.0	0.3031111	488.9228005	1.059621	0.00371	340
129	2014-12-06 09:00:00	159.0	-1.354	91.9	1.5	82490.0	0.0	0.2435922	508.6646083	1.0572765	0.0038593	340
130	2014-12-06 10:00:00	248.0	-0.554	88.4	0.8	82470.0	0.0	0.3768205	518.7558067	1.0539181	0.0039373	340
131	2014-12-06 11:00:00	340.0	0.246	82.9	1.1	82440.0	0.0	0.1412371	515.5762711	1.0504519	0.0039144	340
132	2014-12-06 12:00:00	319.0	1.746	75.6	1.9	82400.0	0.0	0.0695833	523.7422961	1.0442131	0.0039788	340
133	2014-12-06 13:00:00	285.0	1.746	75.4	4.4	82380.0	0.0	0.02	522.3567345	1.0439596	0.0039692	340
134	2014-12-06 14:00:00	157.0	0.046	83.4	6.7	82390.0	0.0	0.02	511.2261815	1.0505833	0.0038836	340
135	2014-12-06 15:00:00	26.0	-1.554	89.8	5.8	82440.0	0.0	0.20375	489.7984233	1.0574138	0.0037176	340
136	2014-12-06 16:00:00	0.0	-2.354	90.3	4.4	82480.0	0.0	0.1385652	464.3259905	1.0610522	0.0035214	340
137	2014-12-06 17:00:00	0.0	-2.554	90.0	3.0	82520.0	0.0	0.1385652	455.9840835	1.0623514	0.0034561	340
138	2014-12-06 18:00:00	0.0	-2.554	89.4	3.4	82550.0	0.0	0.1385652	452.9441896	1.0627376	0.0034317	340
139	2014-12-06 19:00:00	0.0	-2.554	90.0	2.6	82570.0	0.0	0.1385652	455.9840835	1.0629951	0.003454	340
140	2014-12-06 20:00:00	0.0	-2.554	90.3	1.8	82570.0	0.0	0.1385652	457.5040304	1.0629951	0.0034656	340
141	2014-12-06 21:00:00	0.0	-2.454	90.3	2.1	82560.0	0.0	0.1385652	460.9038066	1.0624737	0.0034919	340
142	2014-12-06 22:00:00	0.0	-2.654	88.8	2.5	82570.0	0.0	0.1385652	446.5829045	1.0633881	0.0033824	340
143	2014-12-06 23:00:00	0.0	-2.754	88.1	2.4	82580.0	0.0	0.1385652	439.7889491	1.0639102	0.0033303	340
144	2014-12-07 00:00:00	0.0	-2.654	89.8	1.0	82580.0	0.0	0.0	451.6119913	1.0635169	0.0034203	341
145	2014-12-07 01:00:00	0.0	-3.054	93.9	0.8	82580.0	0.0001	0.0	458.4117264	1.0650919	0.0034721	341
146	2014-12-07 02:00:00	0.0	-3.454	94.5	0.6	82560.0	0.0	0.0	447.7956413	1.0664132	0.0033921	341
147	2014-12-07 03:00:00	0.0	-3.354	93.0	0.6	82530.0	0.0	0.0	443.9873229	1.0656306	0.0033643	341
148	2014-12-07 04:00:00	0.0	-3.354	92.8	0.5	82510.0	0.0	0.0	443.0325114	1.0653724	0.0033578	341
149	2014-12-07 05:00:00	0.0	-3.254	92.5	0.3	82510.0	0.0	0.0	444.9039074	1.0649776	0.0033721	341
150	2014-12-07 06:00:00	0.0	-4.154	96.0	0.4	82530.0	0.0	0.0	431.684414	1.0687998	0.0032706	341
151	2014-12-07 07:00:00	7.0	-4.254	95.1	1.3	82570.0	0.0	0.0	424.4380845	1.0697155	0.0032138	341
152	2014-12-07 08:00:00	48.0	-3.454	91.0	1.3	82610.0	0.0	0.4773333	431.2106175	1.0670591	0.0032638	341
153	2014-12-07 09:00:00	96.0	-2.754	87.6	1.2	82630.0	0.0	0.6422814	437.2929845	1.0645543	0.0033093	341
154	2014-12-07 10:00:00	210.0	-1.454	78.1	2.0	82600.0	0.0	0.4723077	429.1220999	1.0590761	0.0032483	341
155	2014-12-07 11:00:00	377.0	-0.354	69.5	1.3	82570.0	0.0	0.0477835	413.8262395	1.0544224	0.0031331	341
156	2014-12-07 12:00:00	336.0	0.846	63.5	2.8	82530.0	0.0	0.037193	412.4053275	1.0492959	0.0031238	341
157	2014-12-07 13:00:00	179.0	0.746	65.0	3.5	82520.0	0.0	0.3844912	419.1167042	1.0495518	0.0031752	341
158	2014-12-07 14:00:00	73.0	0.246	70.4	3.7	82520.0	0.0	0.5443312	437.8355789	1.0514713	0.0033178	341
159	2014-12-07 15:00:00	11.0	-0.054	70.8	4.1	82510.0	0.0	0.663125	430.8545995	1.0524988	0.003265	341
160	2014-12-07 16:00:00	0.0	-0.154	72.1	4.3	82540.0	0.0	0.3582053	435.5926934	1.0532671	0.0032999	341
161	2014-12-07 17:00:00	0.0	-0.354	73.0	6.1	82550.0	0.0	0.3582053	434.6664099	1.054167	0.0032925	341
162	2014-12-07 18:00:00	0.0	-0.254	70.8	7.1	82580.0	0.0	0.3582053	424.6428622	1.0541637	0.003215	341
163	2014-12-07 19:00:00	0.0	-0.454	72.0	5.8	82630.0	0.0	0.3582053	425.6040604	1.0555756	0.0032203	341
164	2014-12-07 20:00:00	0.0	-0.754	72.6	4.6	82670.0	0.0	0.3582053	419.8695452	1.0572497	0.0031752	341
165	2014-12-07 21:00:00	0.0	-0.954	73.4	4.7	82670.0	0.0	0.3582053	418.3409689	1.0580265	0.0031636	341
166	2014-12-07 22:00:00	0.0	-0.754	72.1	3.8	82670.0	0.0	0.3582053	416.9778817	1.0572497	0.0031532	341
167	2014-12-07 23:00:00	0.0	-0.754	70.4	4.0	82700.0	0.0	0.3582053	407.1462257	1.0576333	0.0030774	341
168	2014-12-08 00:00:00	0.0	-1.054	74.4	2.7	82700.0	0.0	0.6	420.9510852	1.0587994	0.0031822	342
169	2014-12-08 01:00:00	0.0	-1.454	78.4	2.1	82690.0	0.0	0.6	430.7704562	1.06023	0.0032573	342
170	2014-12-08 02:00:00	0.0	-2.054	86.1	1.5	82680.0	0.0	0.6	452.6478831	1.062448	0.003424	342
171	2014-12-08 03:00:00	0.0	-2.354	85.6	0.7	82640.0	0.0	0.6	440.158414	1.0631105	0.0033306	342
172	2014-12-08 04:00:00	0.0	-2.754	87.0	0.5	82650.0	0.0	0.6	434.2978271	1.064812	0.0032857	342
173	2014-12-08 05:00:00	0.0	-2.554	87.0	0.5	82640.0	0.0	0.6	440.784614	1.0638963	0.0033354	342
174	2014-12-08 06:00:00	0.0	-2.554	86.7	0.4	82660.0	0.0	0.6	439.2646671	1.0641537	0.003323	342
175	2014-12-08 07:00:00	12.0	-2.654	87.3	0.7	82670.0	0.0	0.51	439.0392744	1.0646759	0.0033209	342
176	2014-12-08 08:00:00	43.0	-2.054	84.9	0.7	82680.0	0.0	0.5317778	446.3392018	1.062448	0.003376	342
177	2014-12-08 09:00:00	124.0	-1.454	81.4	1.0	82670.0	0.0	0.5597101	447.2540196	1.0599736	0.0033834	342
178	2014-12-08 10:00:00	390.0	0.146	70.6	0.9	82630.0	0.0	0.02	435.9118831	1.0532581	0.0032987	342
179	2014-12-08 11:00:00	344.0	1.246	53.1	2.6	82530.0	0.0	0.131134	354.9238285	1.0477663	0.0026865	342
180	2014-12-08 12:00:00	233.0	0.746	50.9	3.2	82470.0	0.0	0.3476	328.2006191	1.0489159	0.0024852	342
181	2014-12-08 13:00:00	166.0	0.346	54.5	3.4	82410.0	0.0	0.429193	341.4103577	1.0496857	0.0025876	342
182	2014-12-08 14:00:00	91.0	-0.454	61.0	3.6	82390.0	0.0	0.4319745	360.5812178	1.0525096	0.0027342	342
183	2014-12-08 15:00:00	22.0	-1.354	65.0	3.7	82370.0	0.0	0.2014815	359.773662	1.0557385	0.0027287	342
184	2014-12-08 16:00:00	0.0	-1.854	67.1	5.3	82350.0	0.0	0.2602305	357.9985738	1.0574274	0.0027158	342
185	2014-12-08 17:00:00	0.0	-1.954	65.6	6.1	82360.0	0.0	0.2602305	347.426728	1.0579458	0.002635	342
186	2014-12-08 18:00:00	0.0	-2.254	67.0	4.8	82360.0	0.0	0.2602305	347.072398	1.0591174	0.0026323	342
187	2014-12-08 19:00:00	0.0	-2.754	72.2	3.9	82350.0	0.0	0.2602305	360.4172772	1.060947	0.0027342	342
188	2014-12-08 20:00:00	0.0	-3.054	72.8	3.3	82340.0	0.0	0.2602305	355.4033406	1.0619964	0.0026964	342
189	2014-12-08 21:00:00	0.0	-2.954	73.3	2.9	82330.0	0.0	0.2602305	360.5146196	1.0614745	0.0027357	342
190	2014-12-08 22:00:00	0.0	-3.654	82.2	3.0	82320.0	0.0	0.2602305	383.7360629	1.0641023	0.002913	342
191	2014-12-08 23:00:00	0.0	-3.754	87.7	3.5	82300.0	0.0	0.2602305	406.361633	1.0642387	0.0030864	342
192	2014-12-09 00:00:00	0.0	-3.654	86.1	4.4	82280.0	0.0	466.5	401.9425185	1.0635852	0.0030534	343
193	2014-12-09 01:00:00	0.0	-3.554	82.6	3.2	82290.0	0.0	466.5	388.4953522	1.06332	0.0029504	343
194	2014-12-09 02:00:00	0.0	-3.454	77.9	4.1	82310.0	0.0	466.5	369.1352429	1.063184	0.002802	343
195	2014-12-09 03:00:00	0.0	-3.554	72.0	3.5	82340.0	0.0	466.5	338.6400164	1.063966	0.0025687	343
196	2014-12-09 04:00:00	0.0	-3.554	64.5	4.1	82370.0	0.0	466.5	303.3650147	1.0643537	0.0022993	343
197	2014-12-09 05:00:00	0.0	-3.754	69.1	4.3	82430.0	0.0	466.5	320.1777519	1.0659197	0.0024254	343
198	2014-12-09 06:00:00	0.0	-4.554	74.9	3.8	82520.0	0.0	466.5	326.8250353	1.0702618	0.0024733	343
199	2014-12-09 07:00:00	10.0	-4.754	76.5	4.1	82600.0	0.0	0.5916667	328.8120096	1.0720977	0.0024859	343
200	2014-12-09 08:00:00	66.0	-4.054	69.7	3.6	82700.0	0.0	0.2813333	315.7813602	1.0706034	0.0023841	343
201	2014-12-09 09:00:00	146.0	-3.754	68.5	4.7	82760.0	0.0	0.4815942	317.3976267	1.070187	0.0023947	343
202	2014-12-09 10:00:00	282.0	-3.054	58.6	4.3	82810.0	0.0	0.2913846	286.0801615	1.0680583	0.0021562	343
203	2014-12-09 11:00:00	294.0	-2.854	53.1	2.9	82830.0	0.0	0.2574227	263.1113111	1.0675258	0.0019821	343
204	2014-12-09 12:00:00	186.0	-3.154	49.4	4.3	82840.0	0.0	0.4792	239.3787547	1.068841	0.0018026	343
205	2014-12-09 13:00:00	166.0	-3.054	48.1	4.6	82880.0	0.0	0.429193	234.8200643	1.0689612	0.0017673	343
206	2014-12-09 14:00:00	86.0	-3.454	49.1	5.0	82940.0	0.0	0.4631847	232.6641903	1.0713216	0.0017497	343
207	2014-12-09 15:00:00	23.0	-4.054	55.4	3.2	83010.0	0.0	0.1651852	250.9940797	1.0746165	0.0018864	343
208	2014-12-09 16:00:00	0.0	-4.854	57.1	2.2	83070.0	0.0	0.347595	243.5816623	1.0785999	0.0018292	343
209	2014-12-09 17:00:00	0.0	-5.354	63.4	3.0	83110.0	0.0	0.347595	260.4159591	1.081134	0.0019551	343
210	2014-12-09 18:00:00	0.0	-5.954	73.4	3.2	83140.0	0.0	0.347595	288.0492499	1.0839529	0.0021625	343
211	2014-12-09 19:00:00	0.0	-5.954	69.4	2.6	83160.0	0.0	0.347595	272.3517431	1.0842137	0.0020438	343
212	2014-12-09 20:00:00	0.0	-7.554	80.3	0.9	83210.0	0.0	0.347595	278.7227179	1.091401	0.0020905	343
213	2014-12-09 21:00:00	0.0	-8.054	76.2	1.0	83270.0	0.0	0.347595	254.4499212	1.0942479	0.0019065	343
214	2014-12-09 22:00:00	0.0	-9.454	78.9	0.7	83240.0	0.0	0.347595	236.1973304	1.0996611	0.00177	343
215	2014-12-09 23:00:00	0.0	-10.054	78.2	0.9	83260.0	0.0	0.347595	223.3030873	1.1024338	0.0016727	343
216	2014-12-10 00:00:00	0.0	-10.654	79.7	1.0	83250.0	0.0	490.5	217.0353014	1.1048209	0.0016258	344
217	2014-12-10 01:00:00	0.0	-11.554	82.6	0.7	83240.0	0.0	490.5	209.3764569	1.1084888	0.0015685	344
218	2014-12-10 02:00:00	0.0	-12.154	82.5	0.8	83230.0	0.0	490.5	199.3046533	1.1109036	0.001493	344
219	2014-12-10 03:00:00	0.0	-12.054	81.3	0.5	83190.0	0.0	490.5	197.989559	1.1099445	0.0014839	344
220	2014-12-10 04:00:00	0.0	-12.454	83.9	0.4	83180.0	0.0	490.5	197.8529543	1.1115139	0.001483	344
221	2014-12-10 05:00:00	0.0	-12.854	83.5	0.7	83180.0	0.0	490.5	190.6546201	1.113222	0.0014289	344
222	2014-12-10 06:00:00	0.0	-12.854	83.0	0.8	83210.0	0.0	490.5	189.5129757	1.1136235	0.0014199	344
223	2014-12-10 07:00:00	8.0	-12.554	83.8	0.4	83230.0	0.0	490.5	196.0307625	1.1126088	0.0014684	344
224	2014-12-10 08:00:00	77.0	-11.854	83.7	0.5	83220.0	0.0	0.02	207.1307858	1.1094949	0.001552	344
225	2014-12-10 09:00:00	206.0	-8.754	74.2	0.8	83200.0	0.0	0.2685507	234.6375176	1.0962227	0.0017591	344
226	2014-12-10 10:00:00	188.0	-6.454	68.8	0.5	83160.0	0.0	0.5275897	259.8818842	1.0862463	0.0019499	344
227	2014-12-10 11:00:00	156.0	-4.854	61.3	0.4	83070.0	0.0	0.6059794	261.498352	1.0785999	0.0019642	344
228	2014-12-10 12:00:00	186.0	-2.854	57.3	0.5	82980.0	0.0	0.4792	283.9223753	1.069459	0.0021355	344
229	2014-12-10 13:00:00	124.0	-1.854	45.2	0.3	82960.0	0.0	0.573614	241.1555221	1.0652602	0.0018134	344
230	2014-12-10 14:00:00	50.0	-1.354	45.1	0.4	82950.0	0.0	0.6878981	249.6275717	1.0631724	0.0018775	344
231	2014-12-10 15:00:00	9.0	-1.654	55.9	1.5	82950.0	0.0	0.5912691	302.6644482	1.0643471	0.0022778	344
232	2014-12-10 16:00:00	0.0	-2.454	61.0	0.8	82940.0	0.0	0.5775917	311.3525161	1.067364	0.0023438	344
233	2014-12-10 17:00:00	0.0	-3.554	63.2	0.7	82920.0	0.0	0.5775917	297.2506811	1.0714606	0.0022378	344
234	2014-12-10 18:00:00	0.0	-4.254	70.0	0.5	82900.0	0.0	0.5775917	312.4149939	1.0739907	0.0023529	344
235	2014-12-10 19:00:00	0.0	-4.954	67.7	0.9	82880.0	0.0	0.5775917	286.6266992	1.0765341	0.0021585	344
236	2014-12-10 20:00:00	0.0	-5.654	70.2	1.0	82870.0	0.0	0.5775917	281.8539604	1.079221	0.0021227	344
237	2014-12-10 21:00:00	0.0	-6.354	76.4	0.8	82830.0	0.0	0.5775917	290.8058618	1.0815303	0.0021915	344
238	2014-12-10 22:00:00	0.0	-5.854	81.5	0.6	82810.0	0.0	0.5775917	322.2823573	1.0792466	0.0024302	344
239	2014-12-10 23:00:00	0.0	-5.654	81.5	0.8	82800.0	0.0	0.5775917	327.223615	1.0783094	0.0024679	344
240	2014-12-11 00:00:00	0.0	-6.054	83.3	0.6	82790.0	0.0	514.5	324.417792	1.0797938	0.0024469	345
241	2014-12-11 01:00:00	0.0	-6.254	82.9	0.8	82720.0	0.0	514.5	317.9682461	1.0796893	0.0024001	345
242	2014-12-11 02:00:00	0.0	-7.954	86.7	1.0	82670.0	0.0	514.5	291.7655838	1.0859537	0.002203	345
243	2014-12-11 03:00:00	0.0	-7.854	87.7	0.8	82650.0	0.0	514.5	297.4262592	1.0852818	0.0022464	345
244	2014-12-11 04:00:00	0.0	-8.854	89.3	0.7	82630.0	0.0	514.5	280.1911098	1.0891245	0.0021163	345
245	2014-12-11 05:00:00	0.0	-8.654	90.4	0.7	82630.0	0.0	514.5	288.1043031	1.0883009	0.0021763	345
246	2014-12-11 06:00:00	0.0	-8.354	88.8	0.5	82620.0	0.0	514.5	289.6945005	1.0869364	0.0021886	345
247	2014-12-11 07:00:00	11.0	-8.654	90.3	0.6	82640.0	0.0	0.1016667	287.7856036	1.0884326	0.0021736	345
248	2014-12-11 08:00:00	71.0	-7.354	87.6	0.7	82660.0	0.0	0.0963636	308.7910816	1.0833712	0.0023323	345
249	2014-12-11 09:00:00	263.0	-5.054	84.8	0.8	82640.0	0.0	0.0661594	356.3202964	1.0738171	0.0026935	345
250	2014-12-11 10:00:00	347.0	-2.354	71.0	0.7	82580.0	0.0	0.1280513	365.0846658	1.0623386	0.0027621	345
251	2014-12-11 11:00:00	326.0	-0.054	61.4	0.7	82520.0	0.0	0.1765979	373.6507403	1.0526263	0.0028292	345
252	2014-12-11 12:00:00	342.0	2.246	46.1	3.3	82500.0	0.0	0.0424	330.9699597	1.0435822	0.0025054	345
253	2014-12-11 13:00:00	277.0	1.646	45.3	5.5	82490.0	0.0	0.0475088	311.5932901	1.045734	0.0023584	345
254	2014-12-11 14:00:00	157.0	0.746	48.0	5.2	82540.0	0.0	0.02	309.5015662	1.0498062	0.0023411	345
255	2014-12-11 15:00:00	22.0	-0.554	49.5	4.9	82590.0	0.0	0.2014815	290.4797787	1.0554516	0.0021954	345
256	2014-12-11 16:00:00	0.0	-1.454	52.8	3.5	82620.0	0.0	0.1026732	290.1107154	1.0593325	0.0021918	345
257	2014-12-11 17:00:00	0.0	-1.154	48.4	3.9	82660.0	0.0	0.1026732	271.8477818	1.0586764	0.0020523	345
258	2014-12-11 18:00:00	0.0	-0.654	44.9	6.2	82740.0	0.0	0.1026732	261.572376	1.0577566	0.0019726	345
259	2014-12-11 19:00:00	0.0	-0.754	43.1	5.8	82760.0	0.0	0.1026732	249.2613967	1.0584007	0.001879	345
260	2014-12-11 20:00:00	0.0	-0.554	43.2	6.5	82750.0	0.0	0.1026732	253.509625	1.0574963	0.0019114	345
261	2014-12-11 21:00:00	0.0	-0.654	44.5	6.2	82780.0	0.0	0.1026732	259.2421099	1.0582679	0.001954	345
262	2014-12-11 22:00:00	0.0	-1.854	49.7	4.3	82770.0	0.0	0.1026732	265.1643684	1.0628205	0.0019991	345
263	2014-12-11 23:00:00	0.0	-4.754	60.7	0.5	82750.0	0.0	0.1026732	260.9005096	1.0740446	0.0019673	345
264	2014-12-12 00:00:00	0.0	-5.854	70.2	1.1	82740.0	0.0	538.5	277.5978096	1.0783343	0.0020939	346
265	2014-12-12 01:00:00	0.0	-7.754	79.5	1.3	82770.0	0.0	538.5	271.7119475	1.086448	0.0020486	346
266	2014-12-12 02:00:00	0.0	-8.654	81.7	0.8	82760.0	0.0	538.5	260.3774509	1.0900131	0.0019631	346
267	2014-12-12 03:00:00	0.0	-9.054	81.1	1.2	82760.0	0.0	538.5	250.5150012	1.091664	0.0018885	346
268	2014-12-12 04:00:00	0.0	-9.054	86.5	0.9	82750.0	0.0	538.5	267.1954082	1.0915321	0.0020149	346
269	2014-12-12 05:00:00	0.0	-9.554	93.1	1.0	82760.0	0.0	538.5	276.5264308	1.0937348	0.0020853	346
270	2014-12-12 06:00:00	0.0	-10.054	85.8	1.1	82740.0	0.0	538.5	245.0051777	1.0955485	0.0018473	346
271	2014-12-12 07:00:00	7.0	-10.154	82.2	0.7	82720.0	0.0	538.5	232.8794586	1.0957002	0.001756	346
272	2014-12-12 08:00:00	56.0	-9.654	85.0	0.6	82710.0	0.0	0.2872727	250.4909014	1.0934888	0.0018895	346
273	2014-12-12 09:00:00	276.0	-6.154	80.8	0.6	82680.0	0.0	0.02	312.2893704	1.078763	0.0023583	346
274	2014-12-12 10:00:00	347.0	-0.954	55.2	3.4	82600.0	0.0	0.1280513	314.6106469	1.0571306	0.0023782	346
275	2014-12-12 11:00:00	380.0	1.946	35.7	9.4	82530.0	0.0	0.02	250.8813491	1.0451002	0.0018966	346
276	2014-12-12 12:00:00	350.0	2.046	34.4	8.7	82510.0	0.0	0.02	243.4764493	1.0444672	0.0018409	346
277	2014-12-12 13:00:00	251.0	1.746	35.4	8.2	82490.0	0.0	0.1369123	245.2444085	1.0453536	0.0018547	346
278	2014-12-12 14:00:00	119.0	0.746	38.6	6.8	82480.0	0.0	0.2571975	248.8908428	1.049043	0.0018826	346
279	2014-12-12 15:00:00	27.0	0.046	40.7	7.2	82510.0	0.0	0.02	249.4832804	1.0521135	0.0018864	346
280	2014-12-12 16:00:00	0.0	-0.954	47.6	6.3	82510.0	0.0	0.0970268	271.2946883	1.0559788	0.0020519	346
281	2014-12-12 17:00:00	0.0	-1.654	60.3	5.1	82550.0	0.0	0.0970268	326.4877679	1.0592147	0.0024698	346
282	2014-12-12 18:00:00	0.0	-1.554	64.8	5.7	82570.0	0.0	0.0970268	353.4402876	1.0590812	0.0026739	346
283	2014-12-12 19:00:00	0.0	-1.454	65.7	6.0	82600.0	0.0	0.0970268	360.9900379	1.0590761	0.0027303	346
284	2014-12-12 20:00:00	0.0	-1.354	64.5	5.0	82630.0	0.0	0.0970268	357.0061723	1.0590709	0.002699	346
285	2014-12-12 21:00:00	0.0	-1.554	65.6	5.8	82630.0	0.0	0.0970268	357.803748	1.0598508	0.0027051	346
286	2014-12-12 22:00:00	0.0	-2.054	65.6	3.4	82640.0	0.0	0.0970268	344.8745776	1.061934	0.0026066	346
287	2014-12-12 23:00:00	0.0	-2.154	69.3	4.1	82670.0	0.0	0.0970268	361.6478383	1.0627116	0.002733	346
288	2014-12-13 00:00:00	0.0	-1.654	63.9	5.3	82650.0	0.0	562.5	345.9795749	1.0604978	0.0026147	347
289	2014-12-13 01:00:00	0.0	-1.354	64.4	5.3	82680.0	0.0	562.5	356.4526744	1.0597118	0.0026932	347
290	2014-12-13 02:00:00	0.0	-1.254	65.1	5.3	82670.0	0.0	562.5	362.9781859	1.0591939	0.0027431	347
291	2014-12-13 03:00:00	0.0	-1.954	69.2	2.4	82630.0	0.0	562.5	366.4928289	1.061414	0.0027711	347
292	2014-12-13 04:00:00	0.0	-3.854	77.8	1.7	82630.0	0.0	562.5	357.8016101	1.0689028	0.0027051	347
293	2014-12-13 05:00:00	0.0	-3.154	78.1	1.0	82650.0	0.0	562.5	378.4510272	1.0663895	0.0028612	347
294	2014-12-13 06:00:00	0.0	-2.654	79.1	1.8	82680.0	0.0	562.5	397.8007629	1.0648047	0.0030071	347
295	2014-12-13 07:00:00	7.0	-1.554	71.8	2.3	82710.0	0.0	562.5	391.6205656	1.0608769	0.0029591	347
296	2014-12-13 08:00:00	50.0	-0.654	69.1	1.8	82760.0	0.0	0.3636364	402.5534785	1.0580122	0.0030403	347
297	2014-12-13 09:00:00	148.0	1.046	62.3	2.4	82790.0	0.0	0.4744928	410.4769293	1.0518338	0.0030993	347
298	2014-12-13 10:00:00	110.0	1.846	63.3	3.4	82770.0	0.0	0.7235897	441.6751682	1.0485205	0.0033369	347
299	2014-12-13 11:00:00	251.0	2.646	65.9	4.8	82750.0	0.0	0.3526842	486.7669753	1.0452264	0.0036805	347
300	2014-12-13 12:00:00	309.0	2.846	62.4	5.3	82740.0	0.0	0.1348	467.497438	1.0443428	0.0035344	347
301	2014-12-13 13:00:00	155.0	2.246	66.0	3.9	82710.0	0.0	0.4516245	473.8398555	1.0462386	0.0035839	347
302	2014-12-13 14:00:00	97.0	1.846	71.0	4.0	82700.0	0.0	0.3945223	495.4018475	1.0476337	0.0037485	347
303	2014-12-13 15:00:00	17.0	1.046	76.8	3.1	82740.0	0.0	0.382963	506.0132932	1.0511985	0.0038274	347
304	2014-12-13 16:00:00	0.0	0.846	78.8	4.4	82770.0	0.0	0.4066973	511.7722804	1.0523473	0.0038698	347
305	2014-12-13 17:00:00	0.0	0.446	78.8	3.6	82800.0	0.0	0.4066973	497.2166082	1.0542678	0.0037577	347
306	2014-12-13 18:00:00	0.0	-0.854	81.7	2.0	82810.0	0.0	0.4066973	469.061094	1.059429	0.0035433	347
307	2014-12-13 19:00:00	0.0	-1.054	82.4	1.3	82830.0	0.0	0.4066973	466.2146427	1.0604638	0.0035208	347
308	2014-12-13 20:00:00	0.0	-0.554	81.3	1.8	82840.0	0.0	0.4066973	477.0910304	1.0586465	0.003603	347
309	2014-12-13 21:00:00	0.0	-0.554	81.6	1.5	82860.0	0.0	0.4066973	478.8515139	1.0589021	0.0036155	347
310	2014-12-13 22:00:00	0.0	-1.754	86.3	0.8	82860.0	0.0	0.4066973	463.837983	1.0635841	0.0035015	347
311	2014-12-13 23:00:00	0.0	-0.454	79.9	2.5	82860.0	0.0	0.4066973	472.3022837	1.0585138	0.0035657	347
312	2014-12-14 00:00:00	0.0	-0.454	82.1	3.1	82860.0	0.0	586.5	485.3068522	1.0585138	0.0036645	348
313	2014-12-14 01:00:00	0.0	-0.854	83.1	2.3	82850.0	0.0	586.5	477.0988606	1.0599408	0.0036026	348
314	2014-12-14 02:00:00	0.0	-1.354	81.2	1.8	82850.0	0.0	586.5	449.4403286	1.0618907	0.0033926	348
315	2014-12-14 03:00:00	0.0	-1.854	84.7	1.4	82850.0	0.0	586.5	451.899839	1.0638477	0.0034113	348
316	2014-12-14 04:00:00	0.0	-1.954	85.7	1.1	82840.0	0.0	586.5	453.8791248	1.0641115	0.0034267	348
317	2014-12-14 05:00:00	0.0	-1.254	83.1	1.2	82850.0	0.0	586.5	463.3408179	1.0615001	0.0034981	348
318	2014-12-14 06:00:00	0.0	-0.354	83.4	1.7	82870.0	0.0	586.5	496.5914874	1.0582534	0.0037498	348
319	2014-12-14 07:00:00	4.0	0.146	81.7	2.1	82900.0	0.0	586.5	504.4476041	1.0566997	0.0038081	348
320	2014-12-14 08:00:00	27.0	0.746	80.9	1.2	82930.0	0.0	0.6563636	521.639098	1.0547665	0.0039372	348
321	2014-12-14 09:00:00	74.0	1.246	80.5	0.8	82960.0	0.0	0.7372464	538.0671976	1.0532254	0.0040605	348
322	2014-12-14 10:00:00	89.0	2.246	77.1	2.3	82950.0	0.0	0.776359	553.5311039	1.0492745	0.0041785	348
323	2014-12-14 11:00:00	110.0	2.546	75.6	3.9	82920.0	0.0	0.7163158	554.4651415	1.0477536	0.0041872	348
324	2014-12-14 12:00:00	117.0	2.646	74.5	5.0	82890.0	0.0	0.6724	550.2904349	1.0469948	0.0041569	348
325	2014-12-14 13:00:00	80.0	2.546	73.3	4.9	82900.0	0.0	0.7169675	537.596493	1.0475009	0.0040599	348
326	2014-12-14 14:00:00	46.0	2.346	73.3	4.7	82910.0	0.0	0.7128662	530.0079821	1.0483878	0.0040018	348
327	2014-12-14 15:00:00	11.0	1.946	76.8	3.2	82920.0	0.0	0.6007407	539.7111376	1.0500388	0.004075	348
328	2014-12-14 16:00:00	0.0	1.546	82.0	2.7	82950.0	0.0	0.6992749	560.0093139	1.0519483	0.0042278	348
329	2014-12-14 17:00:00	0.0	1.246	83.3	2.4	82950.0	0.0	0.6992749	556.7825784	1.0530984	0.0042032	348
330	2014-12-14 18:00:00	0.0	1.246	83.4	2.4	82960.0	0.0	0.6992749	557.4509849	1.0532254	0.0042078	348
331	2014-12-14 19:00:00	0.0	0.546	87.4	0.9	82970.0	0.0	0.6992749	555.4787931	1.0560464	0.0041923	348
332	2014-12-14 20:00:00	0.0	0.446	90.8	1.2	82980.0	0.0	0.6992749	572.9348734	1.0565597	0.0043245	348
333	2014-12-14 21:00:00	0.0	0.246	91.9	0.8	83000.0	0.0	0.6992749	571.5495696	1.0575874	0.0043129	348
334	2014-12-14 22:00:00	0.0	-0.154	92.4	0.6	83000.0	0.0	0.6992749	558.2352964	1.059137	0.0042117	348
335	2014-12-14 23:00:00	0.0	0.146	91.3	1.2	82990.0	0.0	0.6992749	563.7217412	1.0578469	0.0042539	348
336	2014-12-15 00:00:00	0.0	0.846	88.3	2.1	82980.0	0.0	610.5	573.4707152	1.0550172	0.0043285	349
337	2014-12-15 01:00:00	0.0	0.746	88.7	2.0	82950.0	0.0	610.5	571.9331025	1.0550209	0.0043184	349
338	2014-12-15 02:00:00	0.0	0.146	91.8	1.0	82940.0	0.0	610.5	566.8089359	1.0572096	0.00428	349
339	2014-12-15 03:00:00	0.0	0.346	93.3	1.3	82920.0	0.0002	610.5	584.4694747	1.0561818	0.0044153	349
340	2014-12-15 04:00:00	0.0	-0.154	97.0	0.3	82910.0	0.0004	610.5	586.0262311	1.0579886	0.0044277	349
341	2014-12-15 05:00:00	0.0	-0.254	97.0	0.4	82900.0	0.0003	610.5	581.7847123	1.0582486	0.004396	349
342	2014-12-15 06:00:00	0.0	-0.154	96.5	0.3	82910.0	0.0001	610.5	583.0054773	1.0579886	0.0044047	349
343	2014-12-15 07:00:00	3.0	0.046	95.4	0.6	82930.0	0.0002	610.5	584.7839054	1.0574691	0.0044172	349
344	2014-12-15 08:00:00	25.0	0.246	95.0	0.9	82940.0	0.0001	0.6818182	590.8292613	1.0568229	0.0044627	349
345	2014-12-15 09:00:00	114.0	0.446	95.2	0.6	82960.0	0.0	0.5952174	600.6982373	1.056305	0.0045366	349
346	2014-12-15 10:00:00	181.0	1.946	87.8	2.4	82950.0	0.0	0.5282447	617.0135141	1.0504187	0.0046613	349
347	2014-12-15 11:00:00	202.0	2.746	84.3	3.4	82890.0	0.0	0.4897938	627.1103895	1.0466153	0.0047417	349
348	2014-12-15 12:00:00	176.0	2.946	82.8	3.0	82860.0	0.0	0.5222161	624.7420002	1.0454786	0.0047253	349
349	2014-12-15 13:00:00	107.0	2.846	81.2	3.0	82810.0	0.0	0.6516279	608.3460251	1.0452263	0.0046032	349
350	2014-12-15 14:00:00	37.0	2.446	83.3	2.8	82800.0	0.0	0.7690446	606.6129856	1.046617	0.0045906	349
351	2014-12-15 15:00:00	9.0	2.046	84.6	1.7	82790.0	0.0	0.6057101	598.782198	1.0480117	0.0045314	349
352	2014-12-15 16:00:00	0.0	1.646	87.1	2.0	82780.0	0.0	0.5944395	599.1120435	1.0494104	0.0045345	349
353	2014-12-15 17:00:00	0.0	1.346	89.8	1.7	82760.0	0.0001	0.5944395	604.5512289	1.0503035	0.0045771	349
354	2014-12-15 18:00:00	0.0	0.746	93.1	1.0	82750.0	0.0	0.5944395	600.3040794	1.0524771	0.0045452	349
355	2014-12-15 19:00:00	0.0	0.946	92.4	1.4	82730.0	0.0	0.5944395	604.4339862	1.051455	0.0045778	349
356	2014-12-15 20:00:00	0.0	0.646	94.0	0.7	82700.0	0.0	0.5944395	601.7525943	1.0522253	0.0045591	349
357	2014-12-15 21:00:00	0.0	0.546	94.6	0.7	82670.0	0.0002	0.5944395	601.2390599	1.0522279	0.0045568	349
358	2014-12-15 22:00:00	0.0	0.346	96.0	0.7	82630.0	0.0	0.5944395	601.3833823	1.0524879	0.0045601	349
359	2014-12-15 23:00:00	0.0	0.246	96.1	1.0	82590.0	0.0	0.5944395	597.6704422	1.0523632	0.004534	349
360	2014-12-16 00:00:00	0.0	0.046	97.4	0.8	82530.0	0.0	634.5	597.0435261	1.0523685	0.0045325	350
361	2014-12-16 01:00:00	0.0	0.246	96.1	0.5	82480.0	0.0001	634.5	597.6704422	1.0509616	0.0045401	350
362	2014-12-16 02:00:00	0.0	-0.054	97.2	0.2	82440.0	0.0001	634.5	591.5122468	1.0516058	0.0044951	350
363	2014-12-16 03:00:00	0.0	0.046	97.0	0.5	82380.0	0.0002	634.5	594.5916019	1.0504558	0.004522	350
364	2014-12-16 04:00:00	0.0	-0.154	98.0	0.2	82340.0	0.0001	634.5	592.0677386	1.050715	0.0045049	350
365	2014-12-16 05:00:00	0.0	-0.154	98.1	0.1	82310.0	0.0001	634.5	592.6718894	1.0503322	0.0045112	350
366	2014-12-16 06:00:00	0.0	-0.254	98.9	0.2	82280.0	0.0001	634.5	593.1804953	1.0503341	0.0045167	350
367	2014-12-16 07:00:00	3.0	-0.354	99.1	0.2	82270.0	0.0003	634.5	590.0745372	1.0505914	0.0044935	350
368	2014-12-16 08:00:00	35.0	-0.154	98.3	0.4	82270.0	0.0003	0.5545455	593.8801909	1.0498217	0.0045227	350
369	2014-12-16 09:00:00	69.0	-0.054	98.2	0.6	82260.0	0.0007	0.755	597.5977637	1.0493098	0.0045517	350
370	2014-12-16 10:00:00	109.0	-0.054	98.2	0.2	82240.0	0.0008	0.7159043	597.5977637	1.0490546	0.0045529	350
371	2014-12-16 11:00:00	127.0	0.046	98.0	0.0	82190.0	0.0002	0.6792268	600.7214123	1.0480331	0.0045796	350
372	2014-12-16 12:00:00	133.0	0.146	97.4	0.1	82130.0	0.0002	0.6389474	601.3855158	1.0468848	0.0045881	350
373	2014-12-16 13:00:00	94.0	0.246	96.2	0.0	82080.0	0.0001	0.6939535	598.2923677	1.0458648	0.0045671	350
374	2014-12-16 14:00:00	50.0	0.146	96.8	0.0	82060.0	0.0002	0.6975309	597.6808823	1.0459925	0.0045636	350
375	2014-12-16 15:00:00	9.0	0.346	96.2	1.5	82060.0	0.0001	0.6831494	602.6362643	1.0452276	0.0046017	350
376	2014-12-16 16:00:00	0.0	0.346	95.4	1.6	82080.0	0.0001	0.6847854	597.6247362	1.0454824	0.004562	350
377	2014-12-16 17:00:00	0.0	0.246	94.1	2.3	82100.0	0.0	0.6847854	585.2319314	1.0461196	0.0044656	350
378	2014-12-16 18:00:00	0.0	0.146	93.3	2.4	82130.0	0.0	0.6847854	576.0705198	1.0468848	0.0043936	350
379	2014-12-16 19:00:00	0.0	0.046	93.4	0.8	82160.0	0.0	0.6847854	572.5242847	1.0476505	0.0043648	350
380	2014-12-16 20:00:00	0.0	-0.254	94.6	0.5	82190.0	0.0	0.6847854	567.390039	1.0491852	0.0043238	350
381	2014-12-16 21:00:00	0.0	-0.354	94.8	0.7	82190.0	0.0	0.6847854	564.4708994	1.0495698	0.0043014	350
382	2014-12-16 22:00:00	0.0	-0.954	94.7	0.5	82200.0	0.0	0.6847854	539.7396424	1.0520113	0.0041112	350
383	2014-12-16 23:00:00	0.0	-0.954	85.7	1.9	82230.0	0.0	0.6847854	488.4444282	1.0523953	0.0037167	350
384	2014-12-17 00:00:00	0.0	-1.954	83.6	2.8	82240.0	0.0	658.5	442.7572326	1.0564043	0.0033668	351
385	2014-12-17 01:00:00	0.0	-3.954	93.8	0.7	82270.0	0.0	658.5	428.166222	1.0646411	0.0032541	351
386	2014-12-17 02:00:00	0.0	-4.254	94.3	0.7	82300.0	0.0	658.5	420.8676275	1.0662176	0.0031971	351
387	2014-12-17 03:00:00	0.0	-5.454	96.3	0.6	82320.0	0.0	658.5	392.563844	1.0712574	0.0029804	351
388	2014-12-17 04:00:00	0.0	-6.354	99.5	0.4	82340.0	0.0	658.5	378.732765	1.0751323	0.0028742	351
389	2014-12-17 05:00:00	0.0	-7.154	99.4	0.4	82360.0	0.0	658.5	355.8274747	1.0786277	0.0026989	351
390	2014-12-17 06:00:00	0.0	-8.554	99.1	0.7	82400.0	0.0	658.5	318.302349	1.0848615	0.002412	351
391	2014-12-17 07:00:00	14.0	-8.354	96.1	1.2	82440.0	0.0	0.1425	313.5094763	1.0845683	0.0023744	351
392	2014-12-17 08:00:00	73.0	-7.854	94.0	0.6	82460.0	0.0	0.02	318.7921137	1.0827869	0.002414	351
393	2014-12-17 09:00:00	154.0	-6.754	91.9	0.4	82470.0	0.0	0.4531884	339.2497376	1.0784466	0.0025692	351
394	2014-12-17 10:00:00	189.0	-4.954	84.7	0.4	82430.0	0.0	0.5073936	358.6009072	1.070689	0.0027178	351
395	2014-12-17 11:00:00	166.0	-3.754	78.2	0.4	82320.0	0.0	0.5807216	362.342984	1.0644973	0.0027499	351
396	2014-12-17 12:00:00	136.0	-2.454	74.4	1.6	82260.0	0.0	0.6308033	379.7479869	1.058613	0.0028847	351
397	2014-12-17 13:00:00	122.0	-1.454	73.8	1.8	82180.0	0.0	0.6027907	405.4956591	1.0536909	0.0030843	351
398	2014-12-17 14:00:00	54.0	-0.954	68.7	1.5	82150.0	0.0	0.6733333	391.5534681	1.0513714	0.0029789	351
399	2014-12-17 15:00:00	5.0	-0.854	68.4	3.2	82220.0	0.0	0.6355935	392.7023112	1.0518809	0.0029851	351
400	2014-12-17 16:00:00	0.0	-2.254	87.5	3.1	82260.0	0.0002	0.605106	453.2661915	1.0578314	0.0034463	351
401	2014-12-17 17:00:00	0.0	-2.554	89.7	3.0	82280.0	0.0002	0.605106	454.4641365	1.0592617	0.0034546	351
402	2014-12-17 18:00:00	0.0	-2.854	93.0	1.3	82320.0	0.0003	0.605106	460.8164206	1.0609529	0.0035015	351
403	2014-12-17 19:00:00	0.0	-3.054	96.3	0.4	82360.0	0.0003	0.605106	470.1283201	1.0622544	0.0035709	351
404	2014-12-17 20:00:00	0.0	-3.154	97.8	0.1	82410.0	0.0003	0.605106	473.9117856	1.0632929	0.0035976	351
405	2014-12-17 21:00:00	0.0	-3.254	95.1	0.2	82460.0	0.0002	0.605106	457.4093145	1.0643323	0.0034695	351
406	2014-12-17 22:00:00	0.0	-3.654	95.2	0.2	82510.0	0.0002	0.605106	444.4242481	1.0665583	0.0033684	351
407	2014-12-17 23:00:00	0.0	-4.054	95.5	0.3	82550.0	0.0	0.605106	432.6702998	1.0686615	0.0032773	351
408	2014-12-18 00:00:00	0.0	-4.654	96.4	0.3	82580.0	0.0	682.5	417.4824993	1.0714389	0.0031605	352
409	2014-12-18 01:00:00	0.0	-4.854	93.0	0.6	82640.0	0.0	682.5	396.7267004	1.0730166	0.0030004	352
410	2014-12-18 02:00:00	0.0	-4.754	92.5	0.6	82680.0	0.0	682.5	397.5831488	1.073136	0.0030055	352
411	2014-12-18 03:00:00	0.0	-5.454	97.1	0.7	82690.0	0.0	682.5	395.8250182	1.0760723	0.0029917	352
412	2014-12-18 04:00:00	0.0	-6.554	99.7	0.5	82710.0	0.0	682.5	373.7297653	1.0807736	0.0028233	352
413	2014-12-18 05:00:00	0.0	-7.954	97.3	0.6	82760.0	0.0	682.5	327.4370392	1.087136	0.0024707	352
414	2014-12-18 06:00:00	0.0	-8.354	96.1	0.5	82790.0	0.0	682.5	313.5094763	1.0891729	0.0023643	352
415	2014-12-18 07:00:00	16.0	-7.254	95.3	0.8	82860.0	0.0	0.02	338.533139	1.0855841	0.0025517	352
416	2014-12-18 08:00:00	63.0	-6.054	92.5	0.7	82930.0	0.0	0.1542466	360.2478483	1.0816198	0.0027138	352
417	2014-12-18 09:00:00	131.0	-5.254	92.0	0.5	82990.0	0.0	0.5348551	380.7656142	1.07917	0.0028669	352
418	2014-12-18 10:00:00	166.0	-2.754	89.4	0.3	82990.0	0.0	0.5673404	446.2784568	1.0691924	0.0033629	352
419	2014-12-18 11:00:00	126.0	-1.554	88.9	0.5	82970.0	0.0	0.6817526	484.8895304	1.0642118	0.0036564	352
420	2014-12-18 12:00:00	133.0	-0.654	86.7	0.5	82970.0	0.0	0.6389474	505.0851894	1.0606969	0.0038097	352
421	2014-12-18 13:00:00	97.0	0.146	85.3	0.6	82970.0	0.0	0.684186	526.6754055	1.057592	0.0039735	352
422	2014-12-18 14:00:00	63.0	0.146	88.9	0.4	82990.0	0.0	0.6188889	548.9032069	1.0578469	0.0041414	352
423	2014-12-18 15:00:00	12.0	0.246	92.8	0.6	83030.0	0.0004	0.5644444	577.1468994	1.0579697	0.0043538	352
424	2014-12-18 16:00:00	0.0	0.146	94.4	0.6	83060.0	0.0	0.6259266	582.862348	1.0587392	0.0043956	352
425	2014-12-18 17:00:00	0.0	0.146	96.3	0.4	83100.0	0.0001	0.6259266	594.5936876	1.0592491	0.0044826	352
426	2014-12-18 18:00:00	0.0	0.246	97.0	0.3	83130.0	0.0005	0.6259266	603.267772	1.0592439	0.0045468	352
427	2014-12-18 19:00:00	0.0	0.346	96.5	0.9	83170.0	0.0002	0.6259266	604.5155874	1.0593661	0.0045541	352
428	2014-12-18 20:00:00	0.0	0.546	96.2	0.8	83220.0	0.0001	0.6259266	611.408008	1.0592284	0.0046036	352
429	2014-12-18 21:00:00	0.0	0.446	96.3	1.1	83270.0	0.0	0.6259266	607.6390783	1.0602522	0.0045722	352
430	2014-12-18 22:00:00	0.0	0.346	95.9	0.9	83300.0	0.0	0.6259266	600.7569413	1.0610219	0.0045184	352
431	2014-12-18 23:00:00	0.0	-0.954	97.4	0.7	83300.0	0.0	0.6259266	555.1282066	1.0660894	0.0041729	352
432	2014-12-19 00:00:00	0.0	-1.354	99.6	1.0	83310.0	0.0	706.5	551.2839498	1.0677865	0.0041434	353
433	2014-12-19 01:00:00	0.0	-1.254	100.0	0.8	83320.0	0.0	706.5	557.570178	1.0675219	0.0041904	353
434	2014-12-19 02:00:00	0.0	-1.854	100.0	0.8	83350.0	0.0	706.5	533.5299162	1.070268	0.0040071	353
435	2014-12-19 03:00:00	0.0	-2.354	100.0	0.5	83360.0	0.0	706.5	514.2037547	1.0723728	0.0038606	353
436	2014-12-19 04:00:00	0.0	-3.754	99.3	0.6	83370.0	0.0	706.5	460.1107201	1.0780751	0.0034518	353
437	2014-12-19 05:00:00	0.0	-4.954	98.0	0.8	83360.0	0.0	706.5	414.9101406	1.0827689	0.0031114	353
438	2014-12-19 06:00:00	0.0	-5.554	95.3	0.6	83370.0	0.0	706.5	385.5492028	1.0853268	0.0028898	353
439	2014-12-19 07:00:00	5.0	-6.654	95.6	0.9	83390.0	0.0	706.5	355.6252345	1.0900681	0.0026639	353
440	2014-12-19 08:00:00	51.0	-5.954	93.2	0.6	83410.0	0.0	0.3153425	365.7519087	1.0874731	0.0027395	353
441	2014-12-19 09:00:00	251.0	-5.054	93.5	0.4	83410.0	0.0	0.0428794	392.8767419	1.0838224	0.0029436	353
442	2014-12-19 10:00:00	376.0	-2.954	91.5	0.6	83370.0	0.0	0.02	450.0284815	1.0748831	0.0033758	353
443	2014-12-19 11:00:00	388.0	-0.454	86.5	0.7	83310.0	0.0	0.02	511.3159892	1.0642624	0.0038411	353
444	2014-12-19 12:00:00	361.0	0.746	86.3	0.6	83230.0	0.0	0.02	556.4580242	1.0585821	0.0041865	353
445	2014-12-19 13:00:00	301.0	2.446	73.5	0.7	83160.0	0.0	0.02	535.246752	1.0511675	0.0040293	353
446	2014-12-19 14:00:00	124.0	1.846	84.1	0.9	83140.0	0.0	0.2809467	586.8069771	1.0532076	0.0044213	353
447	2014-12-19 15:00:00	19.0	1.146	89.2	0.6	83120.0	0.0	0.357931	591.9524241	1.0556414	0.0044614	353
448	2014-12-19 16:00:00	0.0	0.146	87.9	1.8	83110.0	0.0	0.119813	542.7288177	1.0593765	0.0040885	353
449	2014-12-19 17:00:00	0.0	-0.654	90.9	1.1	83100.0	0.0	0.119813	529.552984	1.0623588	0.0039891	353
450	2014-12-19 18:00:00	0.0	-1.454	92.2	1.0	83120.0	0.0	0.119813	506.5948478	1.0657434	0.0038142	353
451	2014-12-19 19:00:00	0.0	-2.654	91.8	1.5	83120.0	0.0	0.119813	461.6701648	1.0704713	0.003474	353
452	2014-12-19 20:00:00	0.0	-2.054	86.5	1.5	83120.0	0.0	0.119813	454.7507768	1.0681021	0.0034217	353
453	2014-12-19 21:00:00	0.0	-3.354	90.0	1.2	83110.0	0.0	0.119813	429.6651512	1.0731196	0.0032323	353
454	2014-12-19 22:00:00	0.0	-3.554	89.7	1.0	83150.0	0.0	0.119813	421.8890205	1.0744325	0.003172	353
455	2014-12-19 23:00:00	0.0	-3.254	89.3	0.9	83130.0	0.0	0.119813	429.5126371	1.0729801	0.0032304	353
456	2014-12-20 00:00:00	0.0	-1.054	84.5	2.1	83130.0	0.0	730.5	478.0963266	1.0643047	0.0035979	354
457	2014-12-20 01:00:00	0.0	-0.354	85.5	2.2	83150.0	0.0	730.5	509.0955896	1.061829	0.0038317	354
458	2014-12-20 02:00:00	0.0	-0.254	86.3	1.7	83170.0	0.0	730.5	517.6084605	1.0616953	0.0038953	354
459	2014-12-20 03:00:00	0.0	0.146	87.7	1.2	83200.0	0.0001	730.5	541.4939398	1.0605237	0.0040747	354
460	2014-12-20 04:00:00	0.0	0.246	89.7	2.9	83220.0	0.0001	730.5	557.8672077	1.0603907	0.0041977	354
461	2014-12-20 05:00:00	0.0	2.646	59.1	5.6	83250.0	0.0	730.5	436.5391235	1.051542	0.0032788	354
462	2014-12-20 06:00:00	0.0	0.346	74.4	5.0	83260.0	0.0	730.5	466.0721213	1.0605125	0.0035014	354
463	2014-12-20 07:00:00	5.0	0.646	57.8	3.3	83270.0	0.0	730.5	370.0138293	1.0594777	0.0027762	354
464	2014-12-20 08:00:00	50.0	-1.254	72.0	2.7	83320.0	0.0	0.3287671	401.4505282	1.0675219	0.0030114	354
465	2014-12-20 09:00:00	249.0	-1.054	72.1	0.9	83370.0	0.0	0.0505058	407.9378124	1.0673774	0.0030585	354
466	2014-12-20 10:00:00	334.0	-0.254	70.1	0.7	83360.0	0.0	0.1294681	420.4444158	1.0641207	0.0031531	354
467	2014-12-20 11:00:00	368.0	2.346	49.9	1.2	83310.0	0.0	0.0705155	360.8103452	1.0534458	0.0027056	354
468	2014-12-20 12:00:00	349.0	2.746	46.3	1.7	83270.0	0.0	0.0525762	344.4271771	1.0514134	0.0025834	354
469	2014-12-20 13:00:00	264.0	2.346	43.4	2.6	83210.0	0.0	0.1404651	313.8110017	1.0521813	0.0023546	354
470	2014-12-20 14:00:00	162.0	1.446	43.4	1.3	83160.0	0.0	0.0605917	294.2795527	1.0549955	0.0022089	354
471	2014-12-20 15:00:00	26.0	-2.154	60.3	1.8	83140.0	0.0	0.1213793	314.6805866	1.0687533	0.0023632	354
472	2014-12-20 16:00:00	0.0	-4.354	71.7	1.8	83140.0	0.0	0.0958326	317.6061807	1.0775007	0.0023852	354
473	2014-12-20 17:00:00	0.0	-5.054	72.5	2.3	83140.0	0.0	0.0958326	304.6370459	1.0803141	0.0022875	354
474	2014-12-20 18:00:00	0.0	-5.654	73.1	1.3	83170.0	0.0	0.0958326	293.4975	1.0831279	0.0022027	354
475	2014-12-20 19:00:00	0.0	-2.854	61.8	3.3	83200.0	0.0	0.0958326	306.219944	1.0722944	0.0022977	354
476	2014-12-20 20:00:00	0.0	0.446	49.1	8.6	83240.0	0.0	0.0958326	309.8139018	1.0598702	0.0023237	354
477	2014-12-20 21:00:00	0.0	0.246	47.7	10.6	83280.0	0.0	0.0958326	296.6584817	1.0611552	0.0022236	354
478	2014-12-20 22:00:00	0.0	-0.254	49.7	9.1	83340.0	0.0	0.0958326	298.0896928	1.0638654	0.0022327	354
479	2014-12-20 23:00:00	0.0	-0.854	54.6	7.9	83400.0	0.0	0.0958326	313.4728976	1.0669772	0.0023467	354
480	2014-12-21 00:00:00	0.0	-1.154	54.1	5.9	83430.0	0.0	754.5	303.8629132	1.0685382	0.0022737	355
481	2014-12-21 01:00:00	0.0	-1.154	48.7	7.7	83430.0	0.0	754.5	273.5327887	1.0685382	0.002046	355
482	2014-12-21 02:00:00	0.0	-1.654	47.7	3.6	83510.0	0.0	754.5	258.2664433	1.0715326	0.0019296	355
483	2014-12-21 03:00:00	0.0	-3.354	52.1	1.6	83550.0	0.0	754.5	248.7283819	1.0788009	0.0018572	355
484	2014-12-21 04:00:00	0.0	-4.754	63.9	1.4	83600.0	0.0	754.5	274.6547374	1.0850771	0.0020502	355
485	2014-12-21 05:00:00	0.0	-5.554	67.3	0.9	83620.0	0.0	754.5	272.2713678	1.0885814	0.0020319	355
486	2014-12-21 06:00:00	0.0	-5.554	65.6	1.4	83620.0	0.0	754.5	265.393785	1.0885814	0.0019804	355
487	2014-12-21 07:00:00	5.0	-7.754	74.9	1.2	83630.0	0.0	754.5	255.99025	1.0977364	0.0019098	355
488	2014-12-21 08:00:00	49.0	-6.154	66.2	1.1	83690.0	0.0	0.3421918	255.8608455	1.091941	0.0019074	355
489	2014-12-21 09:00:00	250.0	-4.154	56.9	1.1	83740.0	0.0	0.0466926	255.8629495	1.0844698	0.0019063	355
490	2014-12-21 10:00:00	334.0	-3.254	56.2	0.6	83730.0	0.0	0.1294681	270.3091848	1.0807245	0.0020145	355
491	2014-12-21 11:00:00	372.0	-1.354	43.2	0.7	83710.0	0.0	0.0604124	239.1111108	1.0729133	0.0017818	355
492	2014-12-21 12:00:00	344.0	-0.454	40.1	1.2	83680.0	0.0	0.0661496	237.037817	1.068989	0.0017669	355
493	2014-12-21 13:00:00	274.0	0.346	35.6	0.5	83680.0	0.0	0.107907	223.0130043	1.0658621	0.0016621	355
494	2014-12-21 14:00:00	122.0	0.746	34.1	0.6	83680.0	0.0	0.2925444	219.875071	1.0643056	0.0016387	355
495	2014-12-21 15:00:00	15.0	-1.254	42.5	0.7	83690.0	0.0	0.4931034	236.9673257	1.0722624	0.0017662	355
496	2014-12-21 16:00:00	0.0	-4.354	60.4	1.0	83730.0	0.0	0.1915975	267.5510922	1.0851472	0.0019939	355
497	2014-12-21 17:00:00	0.0	-5.054	63.0	0.7	83770.0	0.0	0.1915975	264.7190881	1.0885002	0.0019718	355
498	2014-12-21 18:00:00	0.0	-6.154	69.9	1.3	83830.0	0.0	0.1915975	270.1612251	1.0937676	0.002011	355
499	2014-12-21 19:00:00	0.0	-6.754	73.8	0.9	83850.0	0.0	0.1915975	272.4334128	1.0964926	0.0020275	355
500	2014-12-21 20:00:00	0.0	-7.954	78.5	1.0	83860.0	0.0	0.1915975	264.1706843	1.1015856	0.0019656	355
501	2014-12-21 21:00:00	0.0	-8.054	78.2	0.9	83850.0	0.0	0.1915975	261.1283968	1.1018697	0.0019431	355
502	2014-12-21 22:00:00	0.0	-8.454	80.7	1.2	83860.0	0.0	0.1915975	261.2291954	1.1036664	0.0019436	355
503	2014-12-21 23:00:00	0.0	-8.654	81.4	1.1	83830.0	0.0	0.1915975	259.4213525	1.1041058	0.0019308	355
504	2014-12-22 00:00:00	0.0	-9.054	83.4	1.0	83810.0	0.0	778.5	257.619619	1.1055143	0.0019178	356
505	2014-12-22 01:00:00	0.0	-9.054	84.1	1.4	83810.0	0.0	778.5	259.781894	1.1055143	0.001934	356
506	2014-12-22 02:00:00	0.0	-9.454	86.7	1.1	83790.0	0.0	778.5	259.5476368	1.106927	0.0019327	356
507	2014-12-22 03:00:00	0.0	-9.054	84.3	1.4	83750.0	0.0	778.5	260.3996868	1.1047229	0.00194	356
508	2014-12-22 04:00:00	0.0	-8.054	79.7	1.3	83740.0	0.0	778.5	266.1372535	1.1004242	0.0019831	356
509	2014-12-22 05:00:00	0.0	-8.454	81.9	1.8	83720.0	0.0	778.5	265.1136444	1.1018239	0.0019759	356
510	2014-12-22 06:00:00	0.0	-9.454	84.6	1.4	83720.0	0.0	778.5	253.2610159	1.1060023	0.0018873	356
511	2014-12-22 07:00:00	4.0	-8.354	83.3	1.9	83750.0	0.0	778.5	271.7517105	1.1018025	0.0020248	356
512	2014-12-22 08:00:00	38.0	-8.154	82.8	1.7	83770.0	0.0	0.5034667	274.3514145	1.1012338	0.0020438	356
513	2014-12-22 09:00:00	119.0	-6.654	76.5	1.2	83800.0	0.0	0.5462257	284.5745862	1.0954276	0.0021194	356
514	2014-12-22 10:00:00	199.0	-5.054	71.9	0.9	83790.0	0.0	0.4813298	302.1159117	1.0887601	0.0022508	356
515	2014-12-22 11:00:00	339.0	-2.054	65.3	1.0	83760.0	0.0	0.1437629	343.2974073	1.0763262	0.0025598	356
516	2014-12-22 12:00:00	293.0	1.546	55.0	1.1	83700.0	0.0	0.2045983	375.6160032	1.0614596	0.0028039	356
517	2014-12-22 13:00:00	176.0	2.146	53.4	0.7	83670.0	0.0	0.4269767	380.6585627	1.0587666	0.0028427	356
518	2014-12-22 14:00:00	87.0	0.246	62.8	0.8	83670.0	0.0	0.495503	390.569238	1.0661246	0.0029171	356
519	2014-12-22 15:00:00	19.0	-0.454	61.8	1.3	83690.0	0.0	0.357931	365.3101518	1.0691168	0.002727	356
520	2014-12-22 16:00:00	0.0	-3.054	65.7	1.0	83710.0	0.0	0.3516836	320.7417511	1.0796663	0.0023924	356
521	2014-12-22 17:00:00	0.0	-3.954	65.4	0.9	83730.0	0.0	0.3516836	298.5295407	1.0835347	0.0022256	356
522	2014-12-22 18:00:00	0.0	-5.754	72.0	0.9	83740.0	0.0	0.3516836	286.8909608	1.0909589	0.0021383	356
523	2014-12-22 19:00:00	0.0	-5.954	72.1	1.3	83750.0	0.0	0.3516836	282.9475602	1.0919059	0.0021085	356
524	2014-12-22 20:00:00	0.0	-5.254	68.5	1.2	83740.0	0.0	0.3516836	283.5048323	1.0889228	0.002113	356
525	2014-12-22 21:00:00	0.0	-6.554	73.6	1.3	83760.0	0.0	0.3516836	275.8927856	1.094494	0.0020555	356
526	2014-12-22 22:00:00	0.0	-6.654	74.7	1.4	83790.0	0.0	0.3516836	277.8787136	1.0952969	0.0020696	356
527	2014-12-22 23:00:00	0.0	-6.854	77.1	1.1	83770.0	0.0	0.3516836	282.4391513	1.0958578	0.0021042	356
528	2014-12-23 00:00:00	0.0	-6.854	75.6	2.1	83750.0	0.0	802.5	276.9442262	1.0955962	0.0020637	357
529	2014-12-23 01:00:00	0.0	-7.054	76.3	1.0	83740.0	0.0	802.5	275.2451049	1.0962887	0.0020512	357
530	2014-12-23 02:00:00	0.0	-7.354	76.6	1.5	83750.0	0.0	802.5	270.0159458	1.0976572	0.0020119	357
531	2014-12-23 03:00:00	0.0	-7.054	75.6	1.4	83740.0	0.0	802.5	272.7199204	1.0962887	0.0020323	357
532	2014-12-23 04:00:00	0.0	-7.654	78.0	1.2	83740.0	0.0	802.5	268.6551956	1.0987663	0.0020019	357
533	2014-12-23 05:00:00	0.0	-7.654	77.2	1.3	83740.0	0.0	802.5	265.8997577	1.0987663	0.0019813	357
534	2014-12-23 06:00:00	0.0	-7.554	75.8	1.3	83770.0	0.0	802.5	263.1031385	1.0987461	0.0019597	357
535	2014-12-23 07:00:00	5.0	-8.154	81.3	1.0	83800.0	0.0	802.5	269.3812802	1.1016282	0.0020059	357
536	2014-12-23 08:00:00	46.0	-8.754	83.6	1.3	83830.0	0.0	0.3989333	264.3624862	1.1045234	0.0019677	357
537	2014-12-23 09:00:00	257.0	-5.954	71.0	1.0	83820.0	0.0	0.02	278.6307459	1.0928185	0.0020745	357
538	2014-12-23 10:00:00	343.0	-2.854	62.7	0.8	83780.0	0.0	0.1060106	310.6794578	1.0797696	0.0023151	357
539	2014-12-23 11:00:00	379.0	0.346	51.4	0.8	83720.0	0.0	0.042732	321.9906859	1.0663716	0.0024015	357
540	2014-12-23 12:00:00	361.0	2.646	43.2	0.7	83640.0	0.0	0.02	319.0945877	1.0564681	0.0023821	357
541	2014-12-23 13:00:00	286.0	3.646	43.1	0.7	83600.0	0.0	0.0688372	341.6708008	1.0521479	0.0025525	357
542	2014-12-23 14:00:00	169.0	2.846	42.7	1.4	83580.0	0.0	0.02	319.9060994	1.0549453	0.0023899	357
543	2014-12-23 15:00:00	29.0	-0.554	50.2	1.9	83600.0	0.0	0.02	294.5875735	1.0683588	0.0021995	357
544	2014-12-23 16:00:00	0.0	-3.554	60.4	1.4	83610.0	0.0	0.0462633	284.0813471	1.0803765	0.0021206	357
545	2014-12-23 17:00:00	0.0	-4.754	66.6	1.2	83620.0	0.0	0.0462633	286.2598672	1.0853367	0.0021366	357
546	2014-12-23 18:00:00	0.0	-5.654	67.0	1.2	83620.0	0.0	0.0462633	269.0059166	1.0889883	0.0020074	357
547	2014-12-23 19:00:00	0.0	-5.254	66.3	1.1	83620.0	0.0	0.0462633	274.3995676	1.0873623	0.0020478	357
548	2014-12-23 20:00:00	0.0	-7.154	75.1	0.9	83620.0	0.0	0.0462633	268.8394704	1.0951293	0.0020062	357
549	2014-12-23 21:00:00	0.0	-8.354	79.0	0.8	83600.0	0.0	0.0462633	257.723711	1.0998291	0.0019234	357
550	2014-12-23 22:00:00	0.0	-8.554	79.8	0.8	83600.0	0.0	0.0462633	256.3120833	1.1006604	0.0019129	357
551	2014-12-23 23:00:00	0.0	-8.854	79.2	0.7	83570.0	0.0	0.0462633	248.5009619	1.1015143	0.0018551	357
552	2014-12-24 00:00:00	0.0	-8.554	80.3	0.8	83530.0	0.0	826.5	257.9180487	1.0997388	0.0019265	358
553	2014-12-24 01:00:00	0.0	-8.554	81.5	1.0	83490.0	0.0	826.5	261.7723657	1.0992122	0.0019563	358
554	2014-12-24 02:00:00	0.0	-8.854	82.4	0.9	83440.0	0.0	826.5	258.5414048	1.0998008	0.0019333	358
555	2014-12-24 03:00:00	0.0	-8.154	78.4	0.6	83390.0	0.0	826.5	259.7723538	1.0962384	0.0019437	358
556	2014-12-24 04:00:00	0.0	-8.854	81.9	1.1	83360.0	0.0	826.5	256.9725856	1.0987464	0.0019234	358
557	2014-12-24 05:00:00	0.0	-8.654	81.8	0.7	83360.0	0.0	826.5	260.6961503	1.0979156	0.0019513	358
558	2014-12-24 06:00:00	0.0	-8.254	83.3	1.0	83360.0	0.0	826.5	273.8725558	1.0962577	0.0020503	358
559	2014-12-24 07:00:00	9.0	-8.154	80.8	0.7	83340.0	0.0	826.5	267.7245687	1.0955811	0.0020046	358
560	2014-12-24 08:00:00	69.0	-7.054	77.7	0.7	83350.0	0.0	0.0984	280.2954737	1.091183	0.0020988	358
561	2014-12-24 09:00:00	158.0	-5.554	74.2	0.6	83360.0	0.0	0.3975097	300.1862629	1.0851966	0.002248	358
562	2014-12-24 10:00:00	270.0	-2.654	66.0	0.7	83320.0	0.0	0.2962766	331.9197263	1.073047	0.0024878	358
563	2014-12-24 11:00:00	246.0	-0.954	60.5	0.5	83250.0	0.0	0.3786598	344.8178286	1.0654494	0.002587	358
564	2014-12-24 12:00:00	256.0	0.346	53.4	0.2	83180.0	0.0	0.3050416	334.5195064	1.0594935	0.0025116	358
565	2014-12-24 13:00:00	205.0	1.646	48.8	0.7	83150.0	0.0	0.3325581	335.6678269	1.0541009	0.0025211	358
566	2014-12-24 14:00:00	102.0	1.846	46.8	1.3	83140.0	0.0	0.4085207	326.5465699	1.0532076	0.0024526	358
567	2014-12-24 15:00:00	21.0	0.246	55.6	0.8	83120.0	0.0	0.2903448	345.7905992	1.0591165	0.0025984	358
568	2014-12-24 16:00:00	1.0	-2.654	65.1	1.8	83120.0	0.0	0.3352336	327.3935483	1.0704713	0.0024596	358
569	2014-12-24 17:00:00	0.0	-3.654	67.5	1.2	83130.0	0.0	0.3352336	315.1117305	1.0745727	0.0023667	358
570	2014-12-24 18:00:00	0.0	-3.754	67.4	0.8	83150.0	0.0	0.3352336	312.3007305	1.0752302	0.002345	358
571	2014-12-24 19:00:00	0.0	-5.254	73.7	0.6	83190.0	0.0	0.3352336	305.026367	1.0817708	0.002289	358
572	2014-12-24 20:00:00	0.0	-5.554	74.8	0.8	83230.0	0.0	0.3352336	302.613645	1.0835043	0.0022698	358
573	2014-12-24 21:00:00	0.0	-6.154	76.6	0.8	83250.0	0.0	0.3352336	296.0565071	1.0862001	0.0022199	358
574	2014-12-24 22:00:00	0.0	-6.754	77.7	0.7	83250.0	0.0	0.3352336	286.8303005	1.0886465	0.0021505	358
575	2014-12-24 23:00:00	0.0	-6.854	79.1	0.8	83260.0	0.0	0.3352336	289.7657182	1.0891861	0.0021723	358
576	2014-12-25 00:00:00	0.0	-7.954	82.2	0.8	83270.0	0.0	850.5	276.6220414	1.0938353	0.0020732	359
577	2014-12-25 01:00:00	0.0	-7.754	81.7	1.2	83260.0	0.0	850.5	279.2310203	1.0928797	0.002093	359
578	2014-12-25 02:00:00	0.0	-7.454	81.6	0.7	83220.0	0.0	850.5	285.430458	1.0911213	0.0021407	359
579	2014-12-25 03:00:00	0.0	-5.754	75.6	1.1	83190.0	0.0	850.5	301.2355089	1.0837936	0.0022605	359
580	2014-12-25 04:00:00	0.0	-5.054	74.6	0.8	83170.0	0.0	850.5	313.4610155	1.0807039	0.0023531	359
581	2014-12-25 05:00:00	0.0	-4.954	74.2	1.2	83160.0	0.0	850.5	314.1462493	1.080171	0.0023586	359
582	2014-12-25 06:00:00	0.0	-5.554	75.4	1.3	83160.0	0.0	850.5	305.0410272	1.082593	0.00229	359
583	2014-12-25 07:00:00	7.0	-4.954	72.5	1.3	83160.0	0.0	850.5	306.9488285	1.080171	0.0023043	359
584	2014-12-25 08:00:00	66.0	-4.754	74.5	1.6	83160.0	0.0	0.1376	320.2156172	1.0793661	0.0024043	359
585	2014-12-25 09:00:00	247.0	-2.654	69.8	0.8	83160.0	0.0	0.072567	351.030256	1.0709865	0.0026367	359
586	2014-12-25 10:00:00	344.0	0.446	61.0	0.9	83130.0	0.0	0.1034043	384.9011815	1.0584696	0.0028933	359
587	2014-12-25 11:00:00	355.0	3.546	46.8	3.2	83060.0	0.0	0.1033505	368.3987612	1.0457296	0.0027711	359
588	2014-12-25 12:00:00	276.0	3.746	43.0	4.8	83050.0	0.0	0.2507479	343.2850257	1.0448484	0.0025817	359
589	2014-12-25 13:00:00	127.0	2.846	47.3	5.0	83020.0	0.0	0.5865116	354.3690515	1.0478769	0.0026664	359
590	2014-12-25 14:00:00	86.0	2.146	45.3	5.7	82990.0	0.0	0.5013018	322.918219	1.0501618	0.0024297	359
591	2014-12-25 15:00:00	23.0	1.446	46.0	5.1	83000.0	0.0	0.2227586	311.9092033	1.0529657	0.0023463	359
592	2014-12-25 16:00:00	0.0	0.846	51.3	5.4	82990.0	0.0	0.2946791	333.171548	1.0551444	0.0025071	359
593	2014-12-25 17:00:00	0.0	0.146	47.1	5.9	82960.0	0.0	0.2946791	290.8137351	1.0574645	0.0021881	359
594	2014-12-25 18:00:00	0.0	0.046	50.3	4.6	82990.0	0.0	0.2946791	308.3294596	1.0582342	0.0023195	359
595	2014-12-25 19:00:00	0.0	-0.654	49.3	5.0	83020.0	0.0	0.2946791	287.2053038	1.0613361	0.0021593	359
596	2014-12-25 20:00:00	0.0	-1.754	51.1	5.0	83040.0	0.0	0.2946791	274.647983	1.0658946	0.002064	359
597	2014-12-25 21:00:00	0.0	-2.554	46.8	5.9	83080.0	0.0	0.2946791	237.1117234	1.0695608	0.0017803	359
598	2014-12-25 22:00:00	0.0	-3.354	44.5	5.3	83120.0	0.0	0.2946791	212.445547	1.0732487	0.0015938	359
599	2014-12-25 23:00:00	0.0	-4.254	45.3	3.1	83110.0	0.0	0.2946791	202.1771318	1.0767113	0.0015168	359
600	2014-12-26 00:00:00	0.0	-4.954	46.9	3.2	83070.0	0.0	874.5	198.5641387	1.079002	0.0014903	360
601	2014-12-26 01:00:00	0.0	-4.954	48.8	1.4	83070.0	0.0	874.5	206.6083149	1.079002	0.0015509	360
602	2014-12-26 02:00:00	0.0	-5.454	47.8	1.7	83080.0	0.0	874.5	194.8551583	1.0811475	0.0014623	360
603	2014-12-26 03:00:00	0.0	-5.554	44.9	1.2	83080.0	0.0	874.5	181.6490998	1.0815515	0.0013629	360
604	2014-12-26 04:00:00	0.0	-5.554	48.3	4.5	83060.0	0.0	874.5	195.4042655	1.0812912	0.0014667	360
605	2014-12-26 05:00:00	0.0	-5.654	46.3	2.4	83070.0	0.0	874.5	185.8951334	1.0818256	0.001395	360
606	2014-12-26 06:00:00	0.0	-5.954	54.4	2.2	83110.0	0.0	874.5	213.4860926	1.0835618	0.0016019	360
607	2014-12-26 07:00:00	8.0	-6.454	52.2	1.1	83130.0	0.0	874.5	197.177825	1.0858545	0.0014788	360
608	2014-12-26 08:00:00	75.0	-6.654	52.5	1.1	83130.0	0.0	0.02	195.2962846	1.0866694	0.0014647	360
609	2014-12-26 09:00:00	230.0	-4.954	45.8	2.9	83160.0	0.0	0.1363985	193.9069841	1.080171	0.0014537	360
610	2014-12-26 10:00:00	166.0	-4.754	44.3	3.1	83140.0	0.0	0.5430337	190.4100918	1.0791065	0.0014278	360
611	2014-12-26 11:00:00	153.0	-4.654	42.6	3.9	83090.0	0.0	0.6043799	184.4891543	1.0780559	0.0013841	360
612	2014-12-26 12:00:00	110.0	-4.554	42.9	5.3	83040.0	0.0	0.701385	187.1935115	1.0770061	0.0014053	360
613	2014-12-26 13:00:00	125.0	-4.554	42.3	4.1	83010.0	0.0	0.5716783	184.5754205	1.076617	0.0013861	360
614	2014-12-26 14:00:00	121.0	-4.754	45.4	1.9	82990.0	0.0	0.2983432	195.1381076	1.0771596	0.001466	360
615	2014-12-26 15:00:00	24.0	-5.354	52.9	1.4	83010.0	0.0	0.3082353	217.2871331	1.0798332	0.0016324	360
616	2014-12-26 16:00:00	0.0	-6.054	61.0	0.8	83010.0	0.0	0.5045093	237.5688513	1.0826632	0.0017852	360
617	2014-12-26 17:00:00	0.0	-6.454	62.3	0.5	83000.0	0.0	0.5045093	235.3290899	1.0841564	0.0017686	360
618	2014-12-26 18:00:00	0.0	-6.754	62.7	1.4	82990.0	0.0	0.5045093	231.4576556	1.0852465	0.0017396	360
619	2014-12-26 19:00:00	0.0	-8.054	68.4	1.6	82980.0	0.0	0.5045093	228.4038663	1.0904371	0.0017168	360
620	2014-12-26 20:00:00	0.0	-9.554	70.8	1.0	82960.0	0.0	0.5045093	210.2907766	1.0963779	0.0015807	360
621	2014-12-26 21:00:00	0.0	-10.454	70.5	0.7	82910.0	0.0	0.5045093	195.0495556	1.0994711	0.0014667	360
622	2014-12-26 22:00:00	0.0	-11.754	72.5	1.1	82850.0	0.0	0.5045093	180.8574523	1.1041394	0.0013608	360
623	2014-12-26 23:00:00	0.0	-12.954	77.1	0.9	82770.0	0.0	0.5045093	174.6235006	1.1081605	0.001315	360
624	2014-12-27 00:00:00	0.0	-14.254	77.0	1.3	82670.0	0.0	898.5	156.8904495	1.1123794	0.0011827	361
625	2014-12-27 01:00:00	0.0	-14.354	76.3	1.1	82620.0	0.0	898.5	154.1965454	1.1121362	0.001163	361
626	2014-12-27 02:00:00	0.0	-13.954	77.8	0.8	82550.0	0.0	898.5	162.4552614	1.1094791	0.0012265	361
627	2014-12-27 03:00:00	0.0	-12.254	71.4	1.0	82450.0	0.0	898.5	171.1080437	1.1009145	0.0012935	361
628	2014-12-27 04:00:00	0.0	-11.254	68.7	0.9	82310.0	0.0	898.5	178.3635653	1.0948486	0.0013508	361
629	2014-12-27 05:00:00	0.0	-10.654	65.6	0.8	82160.0	0.0	898.5	178.6388428	1.0903554	0.0013553	361
630	2014-12-27 06:00:00	0.0	-8.454	59.3	3.4	82040.0	0.0	898.5	191.9565216	1.0797137	0.0014588	361
631	2014-12-27 07:00:00	1.0	-7.854	65.5	6.9	81930.0	0.0	898.5	222.1370579	1.0758274	0.001691	361
632	2014-12-27 08:00:00	20.0	-7.554	62.6	4.7	81870.0	0.0	0.7386667	217.2857054	1.0738252	0.0016552	361
633	2014-12-27 09:00:00	41.0	-8.054	77.3	1.9	81780.0	0.0	0.8460536	258.1230828	1.0746679	0.0019694	361
634	2014-12-27 10:00:00	63.0	-8.454	91.7	0.4	81620.0	0.0006	0.826573	296.8366446	1.0741862	0.0022704	361
635	2014-12-27 11:00:00	81.0	-8.254	89.9	0.4	81440.0	0.0012	0.7905541	295.571942	1.071008	0.0022657	361
636	2014-12-27 12:00:00	78.0	-8.154	91.7	0.5	81260.0	0.0011	0.7882548	303.8408781	1.0682376	0.0023345	361
637	2014-12-27 13:00:00	74.0	-7.754	90.6	0.6	81120.0	0.0005	0.7653074	309.6490874	1.0647899	0.0023834	361
638	2014-12-27 14:00:00	53.0	-7.454	89.4	1.6	81050.0	0.0001	0.7098324	312.7142518	1.0626698	0.0024092	361
639	2014-12-27 15:00:00	28.0	-7.054	87.8	2.8	81000.0	0.0	0.2778947	316.7302779	1.0604178	0.0024417	361
640	2014-12-27 16:00:00	0.0	-7.954	91.2	0.9	80940.0	0.0	0.6930694	306.9091262	1.0632284	0.0023675	361
641	2014-12-27 17:00:00	0.0	-8.754	92.1	0.8	80890.0	0.0	0.6930694	291.2414471	1.0657867	0.0022476	361
642	2014-12-27 18:00:00	0.0	-8.354	89.7	0.6	80870.0	0.0	0.6930694	292.6305934	1.0639136	0.0022589	361
643	2014-12-27 19:00:00	0.0	-8.354	89.1	0.9	80880.0	0.0	0.6930694	290.6731981	1.0640452	0.0022435	361
644	2014-12-27 20:00:00	0.0	-8.754	91.9	0.9	80900.0	0.0002	0.6930694	290.609001	1.0659185	0.0022424	361
645	2014-12-27 21:00:00	0.0	-9.054	91.3	0.3	80910.0	0.0001	0.6930694	282.0224366	1.0672612	0.0021756	361
646	2014-12-27 22:00:00	0.0	-8.854	92.0	0.9	80880.0	0.0001	0.6930694	288.6627335	1.0660582	0.0022279	361
647	2014-12-27 23:00:00	0.0	-8.754	89.5	2.4	80840.0	0.0	0.6930694	283.0196473	1.0651279	0.0021853	361
