,Rad,Tair,RH,Wind,Pressure,Prec,Cl,Date,Time,huma,rho_air
0,0.0,-11.054,86.3,0.6,84070.0,0.0,0.05767,2017-12-06,00:00:00,0.00169,1.11741
1,0.0,-11.754,88.4,1.0,84070.0,0.0,0.05767,2017-12-06,01:00:00,0.00164,1.1204
2,0.0,-11.654,88.9,0.7,84060.0,0.0,0.05767,2017-12-06,02:00:00,0.00166,1.11984
3,0.0,-12.654,89.4,0.8,84030.0,0.0,0.05767,2017-12-06,03:00:00,0.00154,1.12373
4,0.0,-12.554,89.8,0.7,84010.0,0.0,0.05767,2017-12-06,04:00:00,0.00156,1.12304
5,0.0,-13.254,89.0,0.7,84000.0,0.0,0.05767,2017-12-06,05:00:00,0.00146,1.12593
6,0.0,-13.054,88.4,0.9,84000.0,0.0,0.05767,2017-12-06,06:00:00,0.00147,1.12506
7,9.0,-12.954,86.7,0.8,84000.0,0.0,0.05767,2017-12-06,07:00:00,0.00146,1.12463
8,83.0,-12.554,89.5,0.5,84010.0,0.0,0.33328,2017-12-06,08:00:00,0.00155,1.12304
9,282.0,-10.854,90.7,0.3,84000.0,0.0,0.20586,2017-12-06,09:00:00,0.00181,1.11562
10,363.0,-8.054,82.6,0.3,83980.0,0.0,0.07359,2017-12-06,10:00:00,0.00205,1.10358
11,393.0,-5.454,81.0,0.3,83920.0,0.0,0.06292,2017-12-06,11:00:00,0.00246,1.09208
12,365.0,-3.854,70.6,0.4,83860.0,0.0,0.06115,2017-12-06,12:00:00,0.00242,1.08481
13,284.0,-1.754,57.7,0.2,83810.0,0.0,0.06916,2017-12-06,13:00:00,0.00231,1.07578
14,162.0,-1.254,53.2,0.2,83780.0,0.0,0.07698,2017-12-06,14:00:00,0.00221,1.07342
15,23.0,-3.054,61.0,0.5,83800.0,0.0,0.37389,2017-12-06,15:00:00,0.00222,1.08083
16,0.0,-6.854,72.1,0.8,83800.0,0.0,0.11748,2017-12-06,16:00:00,0.00197,1.09625
17,0.0,-7.054,73.4,0.9,83810.0,0.0,0.11748,2017-12-06,17:00:00,0.00197,1.09721
18,0.0,-9.254,73.1,1.3,83810.0,0.0,0.11748,2017-12-06,18:00:00,0.00165,1.10635
19,0.0,-10.054,73.3,1.2,83810.0,0.0,0.11748,2017-12-06,19:00:00,0.00156,1.10972
20,0.0,-10.454,74.0,1.2,83800.0,0.0,0.11748,2017-12-06,20:00:00,0.00152,1.11127
21,0.0,-11.854,77.6,1.4,83780.0,0.0,0.11748,2017-12-06,21:00:00,0.00143,1.11696
22,0.0,-12.054,76.1,0.9,83780.0,0.0,0.11748,2017-12-06,22:00:00,0.00138,1.11782
23,0.0,-12.054,75.8,1.1,83740.0,0.0,0.11748,2017-12-06,23:00:00,0.00137,1.11728
24,0.0,-12.954,79.2,1.4,83700.0,0.0,0.05988,2017-12-07,00:00:00,0.00134,1.12061
25,0.0,-12.554,79.2,0.9,83680.0,0.0,0.05988,2017-12-07,01:00:00,0.00138,1.11862
26,0.0,-12.954,80.0,1.6,83660.0,0.0,0.05988,2017-12-07,02:00:00,0.00135,1.12008
27,0.0,-13.754,81.8,0.8,83620.0,0.0,0.05988,2017-12-07,03:00:00,0.00129,1.12299
28,0.0,-13.754,82.1,0.9,83590.0,0.0,0.05988,2017-12-07,04:00:00,0.0013,1.12259
29,0.0,-13.654,81.3,1.0,83590.0,0.0,0.05988,2017-12-07,05:00:00,0.0013,1.12216
30,0.0,-13.754,82.9,0.9,83580.0,0.0,0.05988,2017-12-07,06:00:00,0.00131,1.12246
31,8.0,-13.854,81.9,1.0,83580.0,0.0,0.05988,2017-12-07,07:00:00,0.00129,1.12289
32,80.0,-13.454,83.3,0.5,83570.0,0.0,0.35738,2017-12-07,08:00:00,0.00135,1.12103
33,281.0,-10.454,76.6,0.3,83550.0,0.0,0.20868,2017-12-07,09:00:00,0.00158,1.10796
34,362.0,-7.954,69.7,0.4,83500.0,0.0,0.07615,2017-12-07,10:00:00,0.00175,1.09686
35,390.0,-4.254,57.0,0.5,83400.0,0.0,0.07007,2017-12-07,11:00:00,0.0019,1.08047
36,361.0,-0.054,43.7,3.7,83320.0,0.0,0.07144,2017-12-07,12:00:00,0.00199,1.06283
37,278.0,0.746,45.2,7.0,83260.0,0.0,0.08883,2017-12-07,13:00:00,0.00218,1.05896
38,158.0,0.046,49.9,6.3,83250.0,0.0,0.09977,2017-12-07,14:00:00,0.00229,1.06155
39,22.0,-1.954,59.0,4.0,83240.0,0.0,0.40111,2017-12-07,15:00:00,0.00234,1.06925
40,0.0,-2.954,66.8,4.1,83240.0,0.0,0.12716,2017-12-07,16:00:00,0.00246,1.07321
41,0.0,-3.754,73.9,4.3,83220.0,0.0,0.12716,2017-12-07,17:00:00,0.00257,1.07614
42,0.0,-4.054,80.3,3.9,83220.0,0.0,0.12716,2017-12-07,18:00:00,0.00273,1.07734
43,0.0,-4.054,81.0,3.7,83190.0,0.0,0.12716,2017-12-07,19:00:00,0.00276,1.07695
44,0.0,-4.754,80.2,3.6,83160.0,0.0,0.12716,2017-12-07,20:00:00,0.00259,1.07937
45,0.0,-6.854,76.0,4.6,83130.0,0.0,0.12716,2017-12-07,21:00:00,0.00209,1.08749
46,0.0,-5.554,76.0,4.9,83060.0,0.0,0.12716,2017-12-07,22:00:00,0.00231,1.08129
47,0.0,-4.154,75.2,5.2,82990.0,0.0,0.12716,2017-12-07,23:00:00,0.00254,1.07476
48,0.0,-3.454,71.1,5.9,82910.0,0.0,0.05877,2017-12-08,00:00:00,0.00254,1.07093
49,0.0,-4.954,74.5,3.0,82820.0,0.0,0.05877,2017-12-08,01:00:00,0.00238,1.07575
50,0.0,-6.154,81.5,1.1,82740.0,0.0,0.05877,2017-12-08,02:00:00,0.00238,1.07955
51,0.0,-3.654,78.3,2.3,82620.0,0.0,0.05877,2017-12-08,03:00:00,0.00276,1.06798
52,0.0,-2.554,77.6,2.9,82530.0,0.0,0.05877,2017-12-08,04:00:00,0.00298,1.06248
53,0.0,-1.854,74.5,4.3,82450.0,0.0,0.05877,2017-12-08,05:00:00,0.00301,1.05871
54,0.0,-1.954,75.0,3.4,82410.0,0.0,0.05877,2017-12-08,06:00:00,0.00301,1.05859
55,13.0,-1.554,73.9,3.1,82350.0,0.0,0.4904,2017-12-08,07:00:00,0.00306,1.05626
56,48.0,-1.154,72.9,4.3,82290.0,0.0,0.552,2017-12-08,08:00:00,0.00311,1.05394
57,51.0,-0.954,73.4,3.9,82250.0,0.0,0.83981,2017-12-08,09:00:00,0.00318,1.05265
58,71.0,-0.854,73.2,4.8,82170.0,0.0,0.81927,2017-12-08,10:00:00,0.0032,1.05124
59,214.0,-1.354,82.8,6.1,82060.0,0.0,0.48345,2017-12-08,11:00:00,0.00349,1.05177
60,373.0,-1.254,81.4,7.8,81950.0,0.0,0.0304,2017-12-08,12:00:00,0.00346,1.04997
61,285.0,-1.254,79.3,8.0,81850.0,0.0,0.05,2017-12-08,13:00:00,0.00338,1.04869
62,150.0,-1.454,78.8,7.8,81790.0,0.0,0.14535,2017-12-08,14:00:00,0.00331,1.04869
63,21.0,-1.554,74.5,4.0,81780.0,0.0,0.42833,2017-12-08,15:00:00,0.00311,1.04895
64,0.0,-2.954,63.0,6.2,81840.0,0.0,0.22184,2017-12-08,16:00:00,0.00236,1.05516
65,0.0,-3.954,66.9,5.9,81880.0,0.0,0.22184,2017-12-08,17:00:00,0.00233,1.05959
66,0.0,-4.654,69.1,5.5,81900.0,0.0,0.22184,2017-12-08,18:00:00,0.00228,1.06262
67,0.0,-5.454,62.6,5.6,81950.0,0.0,0.22184,2017-12-08,19:00:00,0.00194,1.06644
68,0.0,-5.754,48.2,4.7,81920.0,0.0,0.22184,2017-12-08,20:00:00,0.00146,1.06725
69,0.0,-5.854,42.1,5.6,81910.0,0.0,0.22184,2017-12-08,21:00:00,0.00127,1.06752
70,0.0,-6.454,46.3,5.0,81870.0,0.0,0.22184,2017-12-08,22:00:00,0.00133,1.0694
71,0.0,-6.754,45.9,5.9,81800.0,0.0,0.22184,2017-12-08,23:00:00,0.00129,1.06969
72,0.0,-7.054,44.7,4.0,81710.0,0.0,0.08301,2017-12-09,00:00:00,0.00123,1.06971
73,0.0,-7.454,55.5,3.4,81720.0,0.0,0.08301,2017-12-09,01:00:00,0.00148,1.07145
74,0.0,-7.754,49.2,5.7,81760.0,0.0,0.08301,2017-12-09,02:00:00,0.00128,1.07319
75,0.0,-8.854,58.2,1.6,81750.0,0.0,0.08301,2017-12-09,03:00:00,0.00139,1.07753
76,0.0,-8.754,52.2,1.9,81760.0,0.0,0.08301,2017-12-09,04:00:00,0.00126,1.07725
77,0.0,-9.554,66.6,1.7,81810.0,0.0,0.08301,2017-12-09,05:00:00,0.00151,1.08118
78,0.0,-9.954,66.3,1.5,81870.0,0.0,0.08301,2017-12-09,06:00:00,0.00145,1.08362
79,9.0,-9.954,52.7,3.7,81930.0,0.0,0.08301,2017-12-09,07:00:00,0.00115,1.08441
80,44.0,-10.554,65.9,2.6,82000.0,0.0,0.5313,2017-12-09,08:00:00,0.00138,1.08782
81,136.0,-10.654,73.2,1.6,82060.0,0.0,0.54973,2017-12-09,09:00:00,0.00151,1.08903
82,265.0,-9.654,50.4,1.7,82070.0,0.0,0.32545,2017-12-09,10:00:00,0.00113,1.08503
83,313.0,-9.154,37.1,2.3,82090.0,0.0,0.24448,2017-12-09,11:00:00,0.00086,1.08324
84,307.0,-8.754,38.3,2.3,82090.0,0.0,0.20196,2017-12-09,12:00:00,0.00092,1.0816
85,142.0,-9.054,40.4,2.9,82120.0,0.0,0.52667,2017-12-09,13:00:00,0.00095,1.08322
86,121.0,-9.354,42.9,1.7,82130.0,0.0,0.31058,2017-12-09,14:00:00,0.00098,1.08459
87,17.0,-10.554,48.1,1.1,82180.0,0.0,0.53722,2017-12-09,15:00:00,0.001,1.09021
88,0.0,-12.254,56.0,0.7,82210.0,0.0,0.26187,2017-12-09,16:00:00,0.00102,1.09771
89,0.0,-13.654,58.2,1.0,82240.0,0.0,0.26187,2017-12-09,17:00:00,0.00094,1.10403
90,0.0,-15.354,63.7,0.8,82250.0,0.0,0.26187,2017-12-09,18:00:00,0.0009,1.11145
91,0.0,-16.654,67.9,1.1,82260.0,0.0,0.26187,2017-12-09,19:00:00,0.00086,1.11722
92,0.0,-17.854,71.3,1.3,82220.0,0.0,0.26187,2017-12-09,20:00:00,0.00082,1.12192
93,0.0,-18.554,73.5,1.1,82220.0,0.0,0.26187,2017-12-09,21:00:00,0.00079,1.12501
94,0.0,-18.754,73.5,1.1,82190.0,0.0,0.26187,2017-12-09,22:00:00,0.00078,1.12548
95,0.0,-18.754,73.3,0.9,82160.0,0.0,0.26187,2017-12-09,23:00:00,0.00078,1.12507
96,0.0,-19.154,74.7,1.0,82100.0,0.0,0.07631,2017-12-10,00:00:00,0.00077,1.12602
97,0.0,-18.154,71.7,1.4,82050.0,0.0,0.07631,2017-12-10,01:00:00,0.0008,1.12092
98,0.0,-16.354,67.3,1.3,81980.0,0.0,0.07631,2017-12-10,02:00:00,0.00088,1.11212
99,0.0,-16.054,69.7,0.6,81890.0,0.0,0.07631,2017-12-10,03:00:00,0.00093,1.1096
100,0.0,-15.854,71.3,0.7,81800.0,0.0,0.07631,2017-12-10,04:00:00,0.00097,1.10752
101,0.0,-14.254,67.2,1.5,81740.0,0.0,0.07631,2017-12-10,05:00:00,0.00104,1.09987
102,0.0,-9.054,34.4,4.8,81700.0,0.0,0.07631,2017-12-10,06:00:00,0.00081,1.07768
103,7.0,-8.354,40.3,7.6,81700.0,0.0,0.07631,2017-12-10,07:00:00,0.001,1.07483
104,55.0,-8.354,52.7,7.5,81670.0,0.0,0.41413,2017-12-10,08:00:00,0.00131,1.07444
105,84.0,-8.054,65.2,5.4,81630.0,0.0,0.71317,2017-12-10,09:00:00,0.00166,1.0727
106,106.0,-7.654,63.9,5.4,81540.0,0.0,0.73018,2017-12-10,10:00:00,0.00168,1.0699
107,111.0,-6.854,64.3,5.9,81420.0,0.0,0.73597,2017-12-10,11:00:00,0.0018,1.06512
108,63.0,-6.554,71.2,4.9,81330.0,0.0,0.83448,2017-12-10,12:00:00,0.00205,1.06274
109,42.0,-6.254,81.1,4.2,81230.0,0.0,0.85608,2017-12-10,13:00:00,0.00239,1.06024
110,25.0,-6.354,88.1,2.1,81140.0,0.0002,0.85152,2017-12-10,14:00:00,0.00258,1.05946
111,4.0,-5.554,86.1,2.5,81080.0,0.0002,0.48458,2017-12-10,15:00:00,0.00268,1.05552
112,0.0,-4.854,84.5,4.1,81060.0,0.0001,0.45071,2017-12-10,16:00:00,0.00278,1.0525
113,0.0,-4.454,82.4,6.3,81040.0,0.0001,0.45071,2017-12-10,17:00:00,0.00279,1.05068
114,0.0,-4.354,85.0,5.4,81020.0,0.0,0.45071,2017-12-10,18:00:00,0.0029,1.05003
115,0.0,-4.354,86.5,2.4,80980.0,0.0001,0.45071,2017-12-10,19:00:00,0.00296,1.04951
116,0.0,-4.054,82.9,4.1,80970.0,0.0,0.45071,2017-12-10,20:00:00,0.0029,1.04821
117,0.0,-3.654,80.8,3.4,80960.0,0.0,0.45071,2017-12-10,21:00:00,0.00291,1.04652
118,0.0,-3.154,82.0,3.7,80930.0,0.0001,0.45071,2017-12-10,22:00:00,0.00307,1.0442
119,0.0,-2.754,83.3,2.3,80900.0,0.0,0.45071,2017-12-10,23:00:00,0.00321,1.04227
120,0.0,-2.254,81.8,3.5,80840.0,0.0,0.07194,2017-12-11,00:00:00,0.00328,1.03957
121,0.0,-1.954,81.3,3.6,80860.0,0.0001,0.07194,2017-12-11,01:00:00,0.00333,1.03868
122,0.0,-1.154,81.6,2.8,80830.0,0.0,0.07194,2017-12-11,02:00:00,0.00355,1.03524
123,0.0,-0.954,86.4,3.5,80800.0,0.0002,0.07194,2017-12-11,03:00:00,0.00381,1.03409
124,0.0,-1.354,91.9,1.7,80740.0,0.0005,0.07194,2017-12-11,04:00:00,0.00394,1.03485
125,0.0,-1.254,93.8,2.1,80690.0,0.0005,0.07194,2017-12-11,05:00:00,0.00406,1.03383
126,0.0,-0.154,93.7,2.7,80630.0,0.0005,0.07194,2017-12-11,06:00:00,0.0044,1.02889
127,1.0,1.046,89.5,5.1,80580.0,0.0002,0.07194,2017-12-11,07:00:00,0.00459,1.02376
128,20.0,1.446,88.4,4.1,80580.0,0.0006,0.78696,2017-12-11,08:00:00,0.00466,1.02226
129,29.0,1.746,87.8,7.1,80580.0,0.0009,0.90098,2017-12-11,09:00:00,0.00473,1.02115
130,58.0,2.046,85.7,9.8,80540.0,0.0006,0.85236,2017-12-11,10:00:00,0.00472,1.01953
131,57.0,1.746,86.9,10.4,80540.0,0.0008,0.86442,2017-12-11,11:00:00,0.00468,1.02064
132,38.0,1.546,87.7,10.3,80570.0,0.0007,0.90016,2017-12-11,12:00:00,0.00466,1.02177
133,25.0,1.646,86.5,9.5,80550.0,0.001,0.91434,2017-12-11,13:00:00,0.00463,1.02114
134,9.0,1.646,85.0,10.7,80530.0,0.0005,0.44509,2017-12-11,14:00:00,0.00455,1.02089
135,0.0,1.446,88.4,9.2,80540.0,0.0016,0.48663,2017-12-11,15:00:00,0.00466,1.02176
136,0.0,1.446,87.3,8.4,80520.0,0.0014,0.44385,2017-12-11,16:00:00,0.00461,1.0215
137,0.0,1.246,88.9,6.5,80500.0,0.001,0.44385,2017-12-11,17:00:00,0.00463,1.02199
138,0.0,1.046,90.9,3.3,80510.0,0.0032,0.44385,2017-12-11,18:00:00,0.00466,1.02287
139,0.0,0.946,92.1,2.8,80460.0,0.0042,0.44385,2017-12-11,19:00:00,0.00469,1.0226
140,0.0,1.846,87.5,5.7,80420.0,0.0049,0.44385,2017-12-11,20:00:00,0.00476,1.01875
141,0.0,1.646,89.6,5.7,80430.0,0.0048,0.44385,2017-12-11,21:00:00,0.0048,1.01962
142,0.0,1.746,88.9,4.5,80470.0,0.0044,0.44385,2017-12-11,22:00:00,0.0048,1.01976
143,0.0,1.746,90.3,4.3,80500.0,0.0035,0.44385,2017-12-11,23:00:00,0.00487,1.02014
144,0.0,1.146,93.2,3.0,80590.0,0.001,0.15565,2017-12-12,00:00:00,0.00481,1.02351
145,0.0,0.746,93.5,4.2,80720.0,0.0015,0.15565,2017-12-12,01:00:00,0.00468,1.02666
146,0.0,0.846,90.6,4.2,80890.0,0.0003,0.15565,2017-12-12,02:00:00,0.00456,1.02844
147,0.0,0.646,87.6,4.2,81010.0,0.0001,0.15565,2017-12-12,03:00:00,0.00434,1.03072
148,0.0,0.246,86.4,2.9,81140.0,0.0001,0.15565,2017-12-12,04:00:00,0.00415,1.03389
149,0.0,-0.054,88.2,2.6,81250.0,0.0002,0.15565,2017-12-12,05:00:00,0.00414,1.03643
150,0.0,-0.254,83.5,3.9,81340.0,0.0,0.15565,2017-12-12,06:00:00,0.00385,1.03833
151,8.0,-0.554,84.3,3.4,81450.0,0.0,0.15565,2017-12-12,07:00:00,0.0038,1.04088
152,56.0,-0.654,80.4,4.1,81550.0,0.0,0.3692,2017-12-12,08:00:00,0.00359,1.04254
153,172.0,-0.354,77.7,3.8,81640.0,0.0,0.41268,2017-12-12,09:00:00,0.00354,1.04255
154,277.0,-0.154,74.7,3.7,81710.0,0.0,0.29491,2017-12-12,10:00:00,0.00345,1.04268
155,301.0,-0.054,73.3,3.7,81710.0,0.0,0.28403,2017-12-12,11:00:00,0.00341,1.04229
156,202.0,-0.454,75.9,4.8,81720.0,0.0,0.46928,2017-12-12,12:00:00,0.00343,1.04395
157,164.0,-0.854,77.0,4.2,81740.0,0.0,0.43804,2017-12-12,13:00:00,0.00338,1.04574
158,79.0,-0.954,76.4,4.9,81800.0,0.0,0.53079,2017-12-12,14:00:00,0.00333,1.04689
159,13.0,-1.354,80.0,4.2,81870.0,0.0,0.64611,2017-12-12,15:00:00,0.00338,1.04933
160,0.0,-1.654,82.0,3.6,81920.0,0.0,0.37758,2017-12-12,16:00:00,0.00339,1.05113
161,0.0,-2.454,86.2,3.0,81990.0,0.0,0.37758,2017-12-12,17:00:00,0.00336,1.05514
162,0.0,-2.954,77.6,2.9,82060.0,0.0,0.37758,2017-12-12,18:00:00,0.00291,1.05799
163,0.0,-3.554,71.9,6.0,82140.0,0.0,0.37758,2017-12-12,19:00:00,0.00257,1.06138
164,0.0,-4.154,74.8,6.1,82210.0,0.0,0.37758,2017-12-12,20:00:00,0.00256,1.06466
165,0.0,-4.054,68.7,3.6,82280.0,0.0,0.37758,2017-12-12,21:00:00,0.00236,1.06517
166,0.0,-5.554,82.9,1.0,82350.0,0.0,0.37758,2017-12-12,22:00:00,0.00254,1.07205
167,0.0,-7.554,90.1,0.7,82370.0,0.0,0.37758,2017-12-12,23:00:00,0.00237,1.08038
168,0.0,-10.454,97.8,1.1,82390.0,0.0,0.06972,2017-12-13,00:00:00,0.00205,1.09258
169,0.0,-11.154,94.3,1.4,82440.0,0.0,0.06972,2017-12-13,01:00:00,0.00187,1.09616
170,0.0,-11.754,87.3,0.9,82470.0,0.0,0.06972,2017-12-13,02:00:00,0.00165,1.09908
171,0.0,-13.054,89.7,0.8,82470.0,0.0,0.06972,2017-12-13,03:00:00,0.00152,1.10457
172,0.0,-14.354,87.6,0.9,82480.0,0.0,0.06972,2017-12-13,04:00:00,0.00134,1.11025
173,0.0,-14.954,86.0,1.0,82520.0,0.0,0.06972,2017-12-13,05:00:00,0.00125,1.11337
174,0.0,-15.154,84.4,0.9,82540.0,0.0,0.06972,2017-12-13,06:00:00,0.00121,1.1145
175,7.0,-15.554,84.3,0.6,82560.0,0.0,0.06972,2017-12-13,07:00:00,0.00116,1.11651
176,69.0,-15.854,86.1,0.5,82560.0,0.0,0.22276,2017-12-13,08:00:00,0.00116,1.11781
177,274.0,-14.554,85.8,0.5,82570.0,0.0,0.06112,2017-12-13,09:00:00,0.00129,1.11232
178,358.0,-12.354,79.1,0.3,82520.0,0.0,0.08873,2017-12-13,10:00:00,0.00142,1.10227
179,390.0,-10.754,72.4,0.6,82450.0,0.0,0.07233,2017-12-13,11:00:00,0.00148,1.09462
180,363.0,-9.654,70.2,0.3,82380.0,0.0,0.04627,2017-12-13,12:00:00,0.00157,1.08913
181,207.0,-8.354,60.8,0.6,82310.0,0.0,0.2907,2017-12-13,13:00:00,0.0015,1.08286
182,111.0,-7.854,61.2,0.5,82250.0,0.0,0.34073,2017-12-13,14:00:00,0.00157,1.08003
183,28.0,-8.254,72.3,0.5,82220.0,0.0,0.23778,2017-12-13,15:00:00,0.0018,1.08127
184,0.0,-8.654,80.0,1.1,82200.0,0.0,0.15943,2017-12-13,16:00:00,0.00194,1.08264
185,0.0,-8.454,81.6,0.9,82160.0,0.0,0.15943,2017-12-13,17:00:00,0.00201,1.08129
186,0.0,-10.054,88.4,0.9,82150.0,0.0,0.15943,2017-12-13,18:00:00,0.00192,1.08774
187,0.0,-9.154,80.8,2.6,82110.0,0.0,0.15943,2017-12-13,19:00:00,0.00188,1.0835
188,0.0,-9.154,81.9,1.6,82000.0,0.0,0.15943,2017-12-13,20:00:00,0.00191,1.08205
189,0.0,-8.154,73.0,1.8,81940.0,0.0,0.15943,2017-12-13,21:00:00,0.00184,1.07718
190,0.0,-5.454,58.3,4.9,81970.0,0.0,0.15943,2017-12-13,22:00:00,0.00181,1.0667
191,0.0,-5.754,65.3,2.2,81900.0,0.0,0.15943,2017-12-13,23:00:00,0.00198,1.06699
192,0.0,-5.354,60.6,2.5,81850.0,0.0,0.09984,2017-12-14,00:00:00,0.0019,1.06474
193,0.0,-5.754,73.2,3.0,81780.0,0.0,0.09984,2017-12-14,01:00:00,0.00223,1.06542
194,0.0,-5.954,77.2,2.2,81700.0,0.0,0.09984,2017-12-14,02:00:00,0.00232,1.06518
195,0.0,-5.954,75.8,4.5,81630.0,0.0,0.09984,2017-12-14,03:00:00,0.00227,1.06427
196,0.0,-7.054,84.8,2.0,81610.0,0.0,0.09984,2017-12-14,04:00:00,0.00234,1.0684
197,0.0,-5.054,80.7,5.6,81570.0,0.0,0.09984,2017-12-14,05:00:00,0.0026,1.05991
198,0.0,-4.354,78.5,6.9,81560.0,0.0,0.09984,2017-12-14,06:00:00,0.00266,1.05702
199,4.0,-4.454,80.4,7.4,81580.0,0.0,0.09984,2017-12-14,07:00:00,0.00271,1.05768
200,42.0,-4.454,82.0,6.8,81580.0,0.0,0.5269,2017-12-14,08:00:00,0.00276,1.05768
201,212.0,-3.554,78.6,8.4,81560.0,0.0,0.24996,2017-12-14,09:00:00,0.00283,1.05389
202,377.0,-1.554,66.0,7.5,81500.0,0.0,0.04036,2017-12-14,10:00:00,0.00276,1.04536
203,412.0,-0.354,65.6,7.1,81440.0,0.0,0.02,2017-12-14,11:00:00,0.003,1.03999
204,295.0,-0.254,63.4,8.9,81400.0,0.0,0.22493,2017-12-14,12:00:00,0.00292,1.0391
205,267.0,-1.054,67.8,7.3,81390.0,0.0,0.15045,2017-12-14,13:00:00,0.00295,1.04203
206,106.0,-0.554,60.0,6.5,81330.0,0.0,0.41966,2017-12-14,14:00:00,0.0027,1.03935
207,15.0,-0.754,61.5,7.0,81290.0,0.0,0.59167,2017-12-14,15:00:00,0.00273,1.0396
208,0.0,-1.054,62.7,6.9,81270.0,0.0,0.22044,2017-12-14,16:00:00,0.00273,1.04049
209,0.0,-2.054,67.1,5.8,81250.0,0.0,0.22044,2017-12-14,17:00:00,0.00271,1.04407
210,0.0,-1.754,65.4,5.2,81180.0,0.0,0.22044,2017-12-14,18:00:00,0.0027,1.04202
211,0.0,-1.354,68.8,6.4,81150.0,0.0,0.22044,2017-12-14,19:00:00,0.00293,1.0401
212,0.0,-1.654,74.7,5.0,81070.0,0.0,0.22044,2017-12-14,20:00:00,0.00312,1.04022
213,0.0,-1.454,70.4,5.3,81020.0,0.0,0.22044,2017-12-14,21:00:00,0.00298,1.03882
214,0.0,-1.754,73.4,7.4,80980.0,0.0,0.22044,2017-12-14,22:00:00,0.00304,1.03945
215,0.0,-1.554,73.4,7.9,80950.0,0.0,0.22044,2017-12-14,23:00:00,0.00309,1.0383
216,0.0,-1.754,74.1,6.7,80880.0,0.0,0.09286,2017-12-15,00:00:00,0.00308,1.03817
217,0.0,-1.654,75.5,6.6,80820.0,0.0,0.09286,2017-12-15,01:00:00,0.00316,1.03702
218,0.0,-1.754,77.4,6.0,80790.0,0.0,0.09286,2017-12-15,02:00:00,0.00322,1.03701
219,0.0,-1.754,78.9,4.7,80830.0,0.0,0.09286,2017-12-15,03:00:00,0.00328,1.03753
220,0.0,-2.754,91.8,1.5,80920.0,0.0009,0.09286,2017-12-15,04:00:00,0.00354,1.04252
221,0.0,-2.854,90.7,1.6,80920.0,0.0006,0.09286,2017-12-15,05:00:00,0.00347,1.04291
222,0.0,-3.654,94.8,1.0,80960.0,0.0005,0.09286,2017-12-15,06:00:00,0.00342,1.04652
223,7.0,-4.254,96.9,1.2,80930.0,0.0001,0.09286,2017-12-15,07:00:00,0.00334,1.04847
224,78.0,-5.354,96.7,1.6,80940.0,0.0,0.19537,2017-12-15,08:00:00,0.00307,1.05291
225,108.0,-4.054,92.5,0.7,81010.0,0.0,0.61791,2017-12-15,09:00:00,0.00323,1.04873
226,134.0,-3.654,89.4,0.6,81010.0,0.0,0.65891,2017-12-15,10:00:00,0.00322,1.04717
227,189.0,-2.854,80.1,1.1,80990.0,0.0,0.55044,2017-12-15,11:00:00,0.00306,1.04381
228,166.0,-3.354,71.0,1.9,80960.0,0.0,0.55185,2017-12-15,12:00:00,0.00262,1.04536
229,217.0,-3.154,64.8,2.6,80930.0,0.0,0.30955,2017-12-15,13:00:00,0.00242,1.0442
230,162.0,-4.154,64.7,2.9,80920.0,0.0,0.11307,2017-12-15,14:00:00,0.00224,1.04795
231,26.0,-6.354,77.8,1.2,80980.0,0.0,0.29222,2017-12-15,15:00:00,0.00228,1.05737
232,0.0,-8.554,89.4,0.9,81020.0,0.0,0.29919,2017-12-15,16:00:00,0.00221,1.06669
233,0.0,-11.254,98.4,0.8,81040.0,0.0,0.29919,2017-12-15,17:00:00,0.00197,1.07796
234,0.0,-13.454,89.0,1.2,81080.0,0.0,0.29919,2017-12-15,18:00:00,0.00149,1.08762
235,0.0,-15.154,90.4,0.9,81120.0,0.0,0.29919,2017-12-15,19:00:00,0.00131,1.09533
236,0.0,-14.854,85.3,1.2,81150.0,0.0,0.29919,2017-12-15,20:00:00,0.00127,1.09446
237,0.0,-16.154,87.9,0.8,81170.0,0.0,0.29919,2017-12-15,21:00:00,0.00118,1.10027
238,0.0,-16.754,87.5,0.9,81180.0,0.0,0.29919,2017-12-15,22:00:00,0.00111,1.10298
239,0.0,-17.954,87.4,0.9,81200.0,0.0,0.29919,2017-12-15,23:00:00,0.001,1.10844
240,0.0,-17.054,84.7,0.9,81200.0,0.0,0.07902,2017-12-16,00:00:00,0.00105,1.10455
241,0.0,-16.854,88.2,0.8,81200.0,0.0,0.07902,2017-12-16,01:00:00,0.00111,1.10368
242,0.0,-17.654,87.6,0.8,81230.0,0.0,0.07902,2017-12-16,02:00:00,0.00103,1.10755
243,0.0,-15.954,84.2,0.6,81260.0,0.0,0.07902,2017-12-16,03:00:00,0.00114,1.10063
244,0.0,-14.454,84.0,0.7,81290.0,0.0,0.07902,2017-12-16,04:00:00,0.00129,1.09466
245,0.0,-13.754,84.0,0.3,81320.0,0.0,0.07902,2017-12-16,05:00:00,0.00137,1.09211
246,0.0,-13.054,83.1,0.7,81370.0,0.0,0.07902,2017-12-16,06:00:00,0.00143,1.08984
247,6.0,-12.554,85.0,0.7,81430.0,0.0,0.07902,2017-12-16,07:00:00,0.00152,1.08855
248,44.0,-11.554,82.9,0.8,81500.0,0.0,0.54611,2017-12-16,08:00:00,0.00161,1.08532
249,122.0,-10.754,81.6,0.6,81580.0,0.0,0.56838,2017-12-16,09:00:00,0.00169,1.08307
250,198.0,-9.354,76.8,0.4,81640.0,0.0,0.496,2017-12-16,10:00:00,0.00177,1.07812
251,192.0,-8.154,73.8,0.7,81670.0,0.0,0.5433,2017-12-16,11:00:00,0.00187,1.07363
252,241.0,-6.954,70.7,0.8,81700.0,0.0,0.34937,2017-12-16,12:00:00,0.00196,1.06918
253,165.0,-5.654,66.3,0.9,81710.0,0.0,0.475,2017-12-16,13:00:00,0.00203,1.06411
254,115.0,-4.954,60.1,1.1,81760.0,0.0,0.37039,2017-12-16,14:00:00,0.00194,1.06199
255,20.0,-5.954,89.2,2.4,81850.0,0.0,0.45556,2017-12-16,15:00:00,0.00267,1.06713
256,0.0,-6.554,94.7,0.6,81910.0,0.0,0.30315,2017-12-16,16:00:00,0.00271,1.07032
257,0.0,-6.954,95.4,1.1,81970.0,0.0,0.30315,2017-12-16,17:00:00,0.00264,1.07271
258,0.0,-7.454,93.9,1.2,82010.0,0.0,0.30315,2017-12-16,18:00:00,0.0025,1.07526
259,0.0,-7.154,94.4,1.6,82090.0,0.0002,0.30315,2017-12-16,19:00:00,0.00257,1.07509
260,0.0,-7.254,94.4,1.0,82160.0,0.0,0.30315,2017-12-16,20:00:00,0.00255,1.07641
261,0.0,-8.654,95.9,1.2,82210.0,0.0,0.30315,2017-12-16,21:00:00,0.00232,1.08277
262,0.0,-8.854,94.6,1.8,82260.0,0.0,0.30315,2017-12-16,22:00:00,0.00225,1.08425
263,0.0,-9.554,94.6,1.1,82290.0,0.0,0.30315,2017-12-16,23:00:00,0.00213,1.08752
264,0.0,-9.254,94.0,1.2,82290.0,0.0,0.07262,2017-12-17,00:00:00,0.00217,1.08629
265,0.0,-9.154,94.9,1.1,82320.0,0.0003,0.07262,2017-12-17,01:00:00,0.00221,1.08627
266,0.0,-8.954,95.5,1.6,82350.0,0.0003,0.07262,2017-12-17,02:00:00,0.00225,1.08584
267,0.0,-8.954,93.5,1.9,82350.0,0.0,0.07262,2017-12-17,03:00:00,0.00221,1.08584
268,0.0,-9.054,94.2,0.7,82370.0,0.0,0.07262,2017-12-17,04:00:00,0.00221,1.08652
269,0.0,-8.854,96.7,1.0,82410.0,0.0004,0.07262,2017-12-17,05:00:00,0.0023,1.08622
270,0.0,-9.254,97.9,0.6,82450.0,0.0001,0.07262,2017-12-17,06:00:00,0.00225,1.0884
271,6.0,-9.654,97.5,0.6,82510.0,0.0,0.07262,2017-12-17,07:00:00,0.00217,1.09084
272,73.0,-9.354,94.3,1.4,82570.0,0.0001,0.24695,2017-12-17,08:00:00,0.00215,1.0904
273,183.0,-8.454,89.6,1.1,82620.0,0.0,0.34547,2017-12-17,09:00:00,0.00219,1.08735
274,297.0,-7.454,82.0,0.5,82650.0,0.0,0.244,2017-12-17,10:00:00,0.00217,1.08365
275,224.0,-6.654,62.6,2.7,82650.0,0.0,0.46718,2017-12-17,11:00:00,0.00176,1.08039
276,323.0,-6.354,52.5,2.5,82620.0,0.0,0.12799,2017-12-17,12:00:00,0.00151,1.07879
277,224.0,-6.554,56.1,3.6,82620.0,0.0,0.28727,2017-12-17,13:00:00,0.00159,1.0796
278,108.0,-8.154,61.0,2.7,82660.0,0.0,0.40872,2017-12-17,14:00:00,0.00152,1.08664
279,19.0,-9.554,64.6,2.8,82720.0,0.0,0.45235,2017-12-17,15:00:00,0.00145,1.09321
280,0.0,-10.254,70.6,1.3,82800.0,0.0,0.23824,2017-12-17,16:00:00,0.00149,1.09718
281,0.0,-10.354,75.7,0.9,82870.0,0.0,0.23824,2017-12-17,17:00:00,0.00159,1.09852
282,0.0,-10.154,77.8,1.5,82930.0,0.0,0.23824,2017-12-17,18:00:00,0.00166,1.09848
283,0.0,-11.254,78.7,1.0,82960.0,0.0,0.23824,2017-12-17,19:00:00,0.00154,1.10349
284,0.0,-11.354,73.4,1.3,83000.0,0.0,0.23824,2017-12-17,20:00:00,0.00142,1.10445
285,0.0,-12.654,70.4,1.2,83000.0,0.0,0.23824,2017-12-17,21:00:00,0.00123,1.10996
286,0.0,-14.054,72.4,1.3,83030.0,0.0,0.23824,2017-12-17,22:00:00,0.00113,1.11636
287,0.0,-15.054,76.0,1.1,83030.0,0.0,0.23824,2017-12-17,23:00:00,0.00109,1.12069
288,0.0,-17.054,83.1,1.2,83000.0,0.0,0.04314,2017-12-18,00:00:00,0.00101,1.12903
289,0.0,-17.854,80.4,1.8,83000.0,0.0,0.04314,2017-12-18,01:00:00,0.00091,1.13257
290,0.0,-18.854,81.5,1.4,82970.0,0.0,0.04314,2017-12-18,02:00:00,0.00085,1.13661
291,0.0,-19.554,83.5,1.4,82910.0,0.0,0.04314,2017-12-18,03:00:00,0.00082,1.13892
292,0.0,-18.754,81.7,1.5,82860.0,0.0,0.04314,2017-12-18,04:00:00,0.00086,1.13466
293,0.0,-18.554,81.7,0.9,82820.0,0.0,0.04314,2017-12-18,05:00:00,0.00087,1.13322
294,0.0,-17.754,80.8,1.0,82770.0,0.0,0.04314,2017-12-18,06:00:00,0.00093,1.12899
295,16.0,-16.154,80.3,0.5,82770.0,0.0,0.3728,2017-12-18,07:00:00,0.00105,1.12196
296,54.0,-15.154,83.0,0.4,82770.0,0.0001,0.44295,2017-12-18,08:00:00,0.00118,1.11761
297,116.0,-13.854,86.3,0.3,82740.0,0.0006,0.58511,2017-12-18,09:00:00,0.00137,1.1116
298,150.0,-12.754,86.9,0.3,82720.0,0.0005,0.61818,2017-12-18,10:00:00,0.00151,1.10664
299,232.0,-11.654,85.9,0.2,82690.0,0.0001,0.44816,2017-12-18,11:00:00,0.00163,1.10159
300,292.0,-10.454,84.6,0.4,82660.0,0.0,0.21168,2017-12-18,12:00:00,0.00177,1.09616
301,308.0,-8.554,78.5,0.5,82620.0,0.0,0.02,2017-12-18,13:00:00,0.0019,1.08776
302,91.0,-7.554,80.4,1.3,82660.0,0.0,0.50179,2017-12-18,14:00:00,0.00211,1.08419
303,20.0,-7.954,90.1,0.5,82700.0,0.0,0.42353,2017-12-18,15:00:00,0.00229,1.08635
304,0.0,-7.754,88.1,0.8,82750.0,0.0,0.22842,2017-12-18,16:00:00,0.00227,1.08619
305,0.0,-7.754,92.4,0.7,82820.0,0.0,0.22842,2017-12-18,17:00:00,0.00238,1.0871
306,0.0,-7.754,94.6,1.0,82860.0,0.0,0.22842,2017-12-18,18:00:00,0.00244,1.08763
307,0.0,-7.954,96.3,0.6,82920.0,0.0,0.22842,2017-12-18,19:00:00,0.00244,1.08924
308,0.0,-9.254,95.9,0.5,82970.0,0.0,0.22842,2017-12-18,20:00:00,0.00219,1.09526
309,0.0,-9.954,97.7,0.7,83020.0,0.0,0.22842,2017-12-18,21:00:00,0.00211,1.09884
310,0.0,-10.154,96.7,0.5,83060.0,0.0,0.22842,2017-12-18,22:00:00,0.00206,1.1002
311,0.0,-10.454,98.3,0.9,83090.0,0.0,0.22842,2017-12-18,23:00:00,0.00204,1.10186
312,0.0,-11.354,95.3,0.8,83120.0,0.0,0.10137,2017-12-19,00:00:00,0.00184,1.10605
313,0.0,-12.854,87.0,1.3,83160.0,0.0,0.10137,2017-12-19,01:00:00,0.00149,1.11295
314,0.0,-13.354,86.4,1.1,83210.0,0.0,0.10137,2017-12-19,02:00:00,0.00142,1.11577
315,0.0,-14.054,86.3,1.0,83230.0,0.0,0.10137,2017-12-19,03:00:00,0.00134,1.11905
316,0.0,-14.054,88.2,0.7,83230.0,0.0,0.10137,2017-12-19,04:00:00,0.00137,1.11905
317,0.0,-14.854,87.8,0.8,83270.0,0.0,0.10137,2017-12-19,05:00:00,0.00127,1.12306
318,0.0,-14.754,86.3,1.1,83320.0,0.0,0.10137,2017-12-19,06:00:00,0.00126,1.12329
319,13.0,-14.054,85.6,0.5,83410.0,0.0,0.20375,2017-12-19,07:00:00,0.00132,1.12147
320,95.0,-12.554,85.4,0.5,83480.0,0.0,0.02,2017-12-19,08:00:00,0.00149,1.11595
321,269.0,-10.754,85.9,0.3,83520.0,0.0,0.03788,2017-12-19,09:00:00,0.00173,1.10883
322,344.0,-8.954,82.7,0.6,83530.0,0.0,0.10578,2017-12-19,10:00:00,0.00192,1.1014
323,383.0,-7.454,78.1,0.7,83510.0,0.0,0.08898,2017-12-19,11:00:00,0.00204,1.09492
324,353.0,-7.054,80.6,0.5,83460.0,0.0,0.047,2017-12-19,12:00:00,0.00217,1.09262
325,279.0,-6.254,79.7,0.9,83470.0,0.0,0.11227,2017-12-19,13:00:00,0.00229,1.08948
326,159.0,-5.554,73.7,0.8,83490.0,0.0,0.1295,2017-12-19,14:00:00,0.00223,1.08689
327,26.0,-7.254,81.9,0.9,83470.0,0.0,0.25059,2017-12-19,15:00:00,0.00218,1.09358
328,0.0,-11.254,89.9,1.9,83500.0,0.0,0.16255,2017-12-19,16:00:00,0.00174,1.11068
329,0.0,-12.354,85.3,1.3,83530.0,0.0,0.16255,2017-12-19,17:00:00,0.00151,1.11576
330,0.0,-12.954,87.2,1.1,83550.0,0.0,0.16255,2017-12-19,18:00:00,0.00147,1.1186
331,0.0,-13.654,86.5,1.2,83540.0,0.0,0.16255,2017-12-19,19:00:00,0.00138,1.12149
332,0.0,-12.454,84.3,1.1,83570.0,0.0,0.16255,2017-12-19,20:00:00,0.00148,1.11673
333,0.0,-10.754,84.2,1.4,83530.0,0.0,0.16255,2017-12-19,21:00:00,0.0017,1.10896
334,0.0,-10.254,84.0,1.1,83510.0,0.0,0.16255,2017-12-19,22:00:00,0.00176,1.10659
335,0.0,-9.254,83.2,0.8,83480.0,0.0,0.16255,2017-12-19,23:00:00,0.00189,1.102
336,0.0,-8.554,84.1,0.8,83430.0,0.0,0.21244,2017-12-20,00:00:00,0.00202,1.09842
337,0.0,-7.954,90.7,1.1,83420.0,0.0,0.21244,2017-12-20,01:00:00,0.00228,1.09581
338,0.0,-7.654,90.8,0.9,83430.0,0.0,0.21244,2017-12-20,02:00:00,0.00234,1.0947
339,0.0,-7.754,95.3,0.7,83420.0,0.0,0.21244,2017-12-20,03:00:00,0.00244,1.09498
340,0.0,-7.454,96.0,0.8,83420.0,0.0,0.21244,2017-12-20,04:00:00,0.00251,1.09374
341,0.0,-7.154,96.1,1.1,83450.0,0.0,0.21244,2017-12-20,05:00:00,0.00257,1.0929
342,0.0,-7.054,96.6,0.7,83490.0,0.0,0.21244,2017-12-20,06:00:00,0.00261,1.09302
343,6.0,-7.754,98.7,0.5,83530.0,0.0001,0.21244,2017-12-20,07:00:00,0.00252,1.09642
344,56.0,-9.354,99.0,0.8,83580.0,0.0,0.42232,2017-12-20,08:00:00,0.00223,1.10373
345,241.0,-8.654,97.2,1.0,83630.0,0.0,0.13169,2017-12-20,09:00:00,0.00231,1.10147
346,349.0,-7.354,93.2,1.0,83630.0,0.0,0.09279,2017-12-20,10:00:00,0.00245,1.09608
347,381.0,-6.654,89.3,1.1,83610.0,0.0,0.09374,2017-12-20,11:00:00,0.00248,1.09294
348,358.0,-4.754,71.2,1.4,83570.0,0.0,0.02273,2017-12-20,12:00:00,0.00229,1.08469
349,280.0,-4.554,65.5,4.6,83550.0,0.0,0.10909,2017-12-20,13:00:00,0.00214,1.08362
350,163.0,-5.354,66.3,5.1,83570.0,0.0,0.1076,2017-12-20,14:00:00,0.00203,1.08712
351,26.0,-6.654,70.5,4.0,83610.0,0.0,0.25059,2017-12-20,15:00:00,0.00196,1.09294
352,0.0,-11.654,82.6,1.4,83660.0,0.0,0.26882,2017-12-20,16:00:00,0.00155,1.11451
353,0.0,-13.654,83.7,1.5,83710.0,0.0,0.26882,2017-12-20,17:00:00,0.00133,1.12377
354,0.0,-14.054,84.4,1.6,83760.0,0.0,0.26882,2017-12-20,18:00:00,0.0013,1.12618
355,0.0,-15.654,86.1,1.1,83800.0,0.0,0.26882,2017-12-20,19:00:00,0.00116,1.13371
356,0.0,-16.154,85.1,0.9,83840.0,0.0,0.26882,2017-12-20,20:00:00,0.0011,1.13646
357,0.0,-16.554,86.6,0.8,83840.0,0.0,0.26882,2017-12-20,21:00:00,0.00108,1.13823
358,0.0,-17.954,86.9,1.0,83870.0,0.0,0.26882,2017-12-20,22:00:00,0.00097,1.14489
359,0.0,-18.554,87.4,1.0,83900.0,0.0,0.26882,2017-12-20,23:00:00,0.00092,1.148
360,0.0,-18.454,86.3,0.9,83910.0,0.0,0.27199,2017-12-21,00:00:00,0.00092,1.14768
361,0.0,-18.254,85.0,0.9,83890.0,0.0,0.27199,2017-12-21,01:00:00,0.00092,1.14651
362,0.0,-16.154,84.4,0.7,83890.0,0.0,0.27199,2017-12-21,02:00:00,0.00109,1.13714
363,0.0,-16.454,85.4,0.6,83890.0,0.0,0.27199,2017-12-21,03:00:00,0.00108,1.13847
364,0.0,-14.254,84.7,0.5,83890.0,0.0,0.27199,2017-12-21,04:00:00,0.00128,1.1288
365,0.0,-12.754,81.7,0.6,83930.0,0.0,0.27199,2017-12-21,05:00:00,0.0014,1.12283
366,0.0,-13.254,85.5,0.5,83940.0,0.0,0.27199,2017-12-21,06:00:00,0.0014,1.12512
367,6.0,-14.254,87.6,0.6,83990.0,0.0,0.27199,2017-12-21,07:00:00,0.00132,1.13014
368,44.0,-13.954,86.4,1.2,84040.0,0.0,0.54611,2017-12-21,08:00:00,0.00134,1.1295
369,272.0,-12.254,84.4,0.5,84050.0,0.0,0.02,2017-12-21,09:00:00,0.0015,1.12228
370,351.0,-10.254,78.0,0.7,84050.0,0.0,0.02,2017-12-21,10:00:00,0.00163,1.11374
371,368.0,-8.554,73.3,0.6,84020.0,0.0,0.05838,2017-12-21,11:00:00,0.00175,1.10619
372,344.0,-5.554,64.0,0.6,83960.0,0.0,0.06356,2017-12-21,12:00:00,0.00192,1.09301
373,272.0,-4.754,62.9,0.3,83930.0,0.0,0.13455,2017-12-21,13:00:00,0.00201,1.08936
374,162.0,-4.754,69.0,0.4,83910.0,0.0,0.11307,2017-12-21,14:00:00,0.00221,1.0891
375,21.0,-6.254,79.1,0.9,83910.0,0.0,0.39471,2017-12-21,15:00:00,0.00226,1.09522
376,0.0,-7.054,89.6,1.1,83950.0,0.0,0.33735,2017-12-21,16:00:00,0.0024,1.09904
377,0.0,-6.154,90.3,1.3,83940.0,0.0,0.33735,2017-12-21,17:00:00,0.0026,1.0952
378,0.0,-5.454,90.1,1.1,83920.0,0.0,0.33735,2017-12-21,18:00:00,0.00273,1.09208
379,0.0,-4.954,90.3,1.0,83920.0,0.0,0.33735,2017-12-21,19:00:00,0.00285,1.09004
380,0.0,-4.354,92.3,1.0,83910.0,0.0,0.33735,2017-12-21,20:00:00,0.00305,1.08748
381,0.0,-3.654,90.8,1.1,83930.0,0.0001,0.33735,2017-12-21,21:00:00,0.00316,1.08491
382,0.0,-3.154,90.6,1.1,83940.0,0.0001,0.33735,2017-12-21,22:00:00,0.00327,1.08303
383,0.0,-3.054,91.4,1.3,83960.0,0.0,0.33735,2017-12-21,23:00:00,0.00332,1.08289
384,0.0,-3.254,91.9,1.2,83920.0,0.0,0.07401,2017-12-22,00:00:00,0.00329,1.08318
385,0.0,-3.954,92.5,1.1,83910.0,0.0,0.07401,2017-12-22,01:00:00,0.00315,1.08586
386,0.0,-5.454,97.4,1.3,83900.0,0.0,0.07401,2017-12-22,02:00:00,0.00296,1.09182
387,0.0,-6.754,98.8,0.9,83890.0,0.0,0.07401,2017-12-22,03:00:00,0.00272,1.09702
388,0.0,-8.454,99.8,1.4,83900.0,0.0,0.07401,2017-12-22,04:00:00,0.0024,1.10419
389,0.0,-8.354,99.7,1.4,83930.0,0.0,0.07401,2017-12-22,05:00:00,0.00242,1.10417
390,0.0,-9.654,100.0,1.0,83950.0,0.0,0.07401,2017-12-22,06:00:00,0.00219,1.10988
391,6.0,-9.254,98.9,1.1,83960.0,0.0,0.07401,2017-12-22,07:00:00,0.00224,1.10833
392,42.0,-7.654,96.2,1.2,83980.0,0.0,0.56674,2017-12-22,08:00:00,0.00246,1.10192
393,82.0,-5.954,92.1,0.9,83980.0,0.0,0.70456,2017-12-22,09:00:00,0.00269,1.0949
394,113.0,-5.154,92.2,0.7,83940.0,0.0,0.6845,2017-12-22,10:00:00,0.00286,1.09112
395,292.0,-4.054,88.4,0.6,83890.0,0.0,0.25285,2017-12-22,11:00:00,0.00298,1.08601
396,95.0,-2.454,81.2,0.6,83830.0,0.0,0.74139,2017-12-22,12:00:00,0.00309,1.07882
397,122.0,-1.554,79.7,0.6,83810.0,0.0,0.61182,2017-12-22,13:00:00,0.00324,1.07499
398,64.0,-1.254,79.7,0.4,83780.0,0.0,0.64961,2017-12-22,14:00:00,0.00332,1.07342
399,8.0,-1.454,86.3,0.4,83790.0,0.0,0.38314,2017-12-22,15:00:00,0.00354,1.07433
400,0.0,-1.454,88.5,1.1,83800.0,0.0,0.35095,2017-12-22,16:00:00,0.00363,1.07446
401,0.0,-1.454,89.5,1.3,83810.0,0.0,0.35095,2017-12-22,17:00:00,0.00367,1.07459
402,0.0,-1.554,90.1,1.4,83820.0,0.0,0.35095,2017-12-22,18:00:00,0.00367,1.07511
403,0.0,-2.654,92.6,1.1,83840.0,0.0,0.35095,2017-12-22,19:00:00,0.00347,1.07974
404,0.0,-2.954,93.4,1.0,83900.0,0.0,0.35095,2017-12-22,20:00:00,0.00342,1.08172
405,0.0,-5.054,96.7,1.0,83940.0,0.0,0.35095,2017-12-22,21:00:00,0.00303,1.09071
406,0.0,-6.154,98.5,0.9,83950.0,0.0,0.35095,2017-12-22,22:00:00,0.00283,1.09533
407,0.0,-7.754,100.0,0.8,83950.0,0.0,0.35095,2017-12-22,23:00:00,0.00254,1.10194
408,0.0,-8.754,100.0,0.9,83970.0,0.0,0.0564,2017-12-23,00:00:00,0.00235,1.10637
409,0.0,-9.354,100.0,1.0,83980.0,0.0,0.0564,2017-12-23,01:00:00,0.00224,1.10902
410,0.0,-10.354,99.4,1.2,83950.0,0.0,0.0564,2017-12-23,02:00:00,0.00206,1.11284
411,0.0,-10.254,100.0,0.9,83920.0,0.0,0.0564,2017-12-23,03:00:00,0.00209,1.11202
412,0.0,-11.654,100.0,0.7,83930.0,0.0,0.0564,2017-12-23,04:00:00,0.00187,1.1181
413,0.0,-12.254,98.0,0.7,83940.0,0.0,0.0564,2017-12-23,05:00:00,0.00175,1.12081
414,0.0,-12.354,93.4,0.8,83940.0,0.0,0.0564,2017-12-23,06:00:00,0.00165,1.12124
415,4.0,-13.054,91.8,0.8,83970.0,0.0,0.0564,2017-12-23,07:00:00,0.00153,1.12466
416,48.0,-12.354,90.5,1.0,84050.0,0.0,0.50484,2017-12-23,08:00:00,0.0016,1.12271
417,221.0,-11.754,91.1,0.4,84100.0,0.0,0.20375,2017-12-23,09:00:00,0.00169,1.1208
418,309.0,-8.254,91.8,0.5,84110.0,0.0,0.13726,2017-12-23,10:00:00,0.00224,1.10612
419,359.0,-5.954,88.7,0.5,84060.0,0.0,0.08141,2017-12-23,11:00:00,0.00259,1.09595
420,341.0,-4.254,80.6,0.5,84020.0,0.0,0.07172,2017-12-23,12:00:00,0.00267,1.0885
421,276.0,-2.654,72.9,0.5,84010.0,0.0,0.12182,2017-12-23,13:00:00,0.00273,1.08193
422,61.0,-3.754,79.3,0.9,84030.0,0.0,0.66603,2017-12-23,14:00:00,0.00273,1.08661
423,19.0,-4.454,83.4,1.6,84070.0,0.0,0.45235,2017-12-23,15:00:00,0.00272,1.08996
424,0.0,-6.754,85.0,2.0,84100.0,0.0,0.18395,2017-12-23,16:00:00,0.00233,1.09976
425,0.0,-8.654,93.1,1.1,84120.0,0.0,0.18395,2017-12-23,17:00:00,0.0022,1.10793
426,0.0,-9.454,89.0,0.9,84150.0,0.0,0.18395,2017-12-23,18:00:00,0.00198,1.11168
427,0.0,-9.754,86.3,1.4,84170.0,0.0,0.18395,2017-12-23,19:00:00,0.00187,1.11321
428,0.0,-10.554,88.8,0.8,84150.0,0.0,0.18395,2017-12-23,20:00:00,0.00181,1.11634
429,0.0,-11.554,91.0,0.7,84150.0,0.0,0.18395,2017-12-23,21:00:00,0.00171,1.12061
430,0.0,-12.454,90.6,0.8,84130.0,0.0,0.18395,2017-12-23,22:00:00,0.00158,1.12421
431,0.0,-12.354,93.4,0.8,84120.0,0.0,0.18395,2017-12-23,23:00:00,0.00165,1.12364
432,0.0,-13.654,92.8,1.1,84120.0,0.0,0.05352,2017-12-24,00:00:00,0.00147,1.12927
433,0.0,-14.054,93.0,1.1,84110.0,0.0,0.05352,2017-12-24,01:00:00,0.00143,1.13088
434,0.0,-13.454,91.3,1.0,84090.0,0.0,0.05352,2017-12-24,02:00:00,0.00147,1.128
435,0.0,-14.454,89.5,1.1,84050.0,0.0,0.05352,2017-12-24,03:00:00,0.00133,1.13182
436,0.0,-14.754,91.9,0.8,84010.0,0.0,0.05352,2017-12-24,04:00:00,0.00133,1.1326
437,0.0,-14.554,91.6,0.8,83980.0,0.0,0.05352,2017-12-24,05:00:00,0.00135,1.13132
438,0.0,-15.754,92.9,0.7,83980.0,0.0,0.05352,2017-12-24,06:00:00,0.00124,1.13659
439,5.0,-14.754,90.3,0.9,83970.0,0.0,0.05352,2017-12-24,07:00:00,0.00131,1.13206
440,47.0,-15.054,90.7,0.5,83960.0,0.0,0.51516,2017-12-24,08:00:00,0.00128,1.13324
441,256.0,-12.854,91.7,0.3,83950.0,0.0,0.07765,2017-12-24,09:00:00,0.00156,1.12353
442,344.0,-9.454,83.7,0.4,83930.0,0.0,0.03954,2017-12-24,10:00:00,0.00186,1.10878
443,379.0,-6.054,84.3,0.3,83850.0,0.0,0.03023,2017-12-24,11:00:00,0.00244,1.09362
444,359.0,-4.654,79.1,0.3,83790.0,0.0,0.02272,2017-12-24,12:00:00,0.00255,1.08714
445,286.0,-2.754,68.6,0.3,83740.0,0.0,0.09,2017-12-24,13:00:00,0.00255,1.07885
446,170.0,-3.054,73.4,0.6,83720.0,0.0,0.06927,2017-12-24,14:00:00,0.00267,1.0798
447,30.0,-4.954,80.5,1.2,83700.0,0.0,0.13529,2017-12-24,15:00:00,0.00254,1.08719
448,0.0,-6.354,87.3,1.0,83700.0,0.0,0.08578,2017-12-24,16:00:00,0.00248,1.09289
449,0.0,-7.754,91.9,1.2,83720.0,0.0,0.08578,2017-12-24,17:00:00,0.00234,1.09892
450,0.0,-10.054,98.7,1.0,83740.0,0.0,0.08578,2017-12-24,18:00:00,0.0021,1.10879
451,0.0,-10.154,97.0,1.0,83740.0,0.0,0.08578,2017-12-24,19:00:00,0.00205,1.10921
452,0.0,-11.354,95.7,0.9,83730.0,0.0,0.08578,2017-12-24,20:00:00,0.00184,1.11416
453,0.0,-11.754,89.3,1.1,83720.0,0.0,0.08578,2017-12-24,21:00:00,0.00166,1.11573
454,0.0,-12.754,89.7,1.2,83710.0,0.0,0.08578,2017-12-24,22:00:00,0.00154,1.11988
455,0.0,-12.854,93.6,1.0,83690.0,0.0,0.08578,2017-12-24,23:00:00,0.00159,1.12005
456,0.0,-13.754,89.6,0.9,83660.0,0.0,0.15985,2017-12-25,00:00:00,0.00142,1.12353
457,0.0,-13.854,91.0,1.1,83640.0,0.0,0.15985,2017-12-25,01:00:00,0.00143,1.1237
458,0.0,-13.854,89.5,1.1,83600.0,0.0,0.15985,2017-12-25,02:00:00,0.00141,1.12316
459,0.0,-13.754,90.8,0.6,83560.0,0.0,0.15985,2017-12-25,03:00:00,0.00144,1.12219
460,0.0,-13.854,87.9,1.1,83520.0,0.0,0.15985,2017-12-25,04:00:00,0.00138,1.12208
461,0.0,-14.254,90.4,1.1,83500.0,0.0,0.15985,2017-12-25,05:00:00,0.00138,1.12355
462,0.0,-14.054,89.4,1.0,83480.0,0.0,0.15985,2017-12-25,06:00:00,0.00138,1.12241
463,5.0,-13.954,90.4,0.8,83460.0,0.0,0.15985,2017-12-25,07:00:00,0.00141,1.12171
464,45.0,-14.554,88.8,0.8,83450.0,0.0,0.53579,2017-12-25,08:00:00,0.00132,1.12418
465,255.0,-11.454,88.5,0.4,83440.0,0.0,0.08125,2017-12-25,09:00:00,0.00169,1.11073
466,344.0,-8.654,90.6,0.3,83390.0,0.0,0.04768,2017-12-25,10:00:00,0.00216,1.09831
467,381.0,-5.854,82.4,0.5,83290.0,0.0,0.05234,2017-12-25,11:00:00,0.00244,1.0855
468,360.0,-3.454,75.3,0.4,83190.0,0.0,0.08364,2017-12-25,12:00:00,0.00268,1.07455
469,287.0,-1.554,65.6,0.4,83120.0,0.0,0.0234,2017-12-25,13:00:00,0.00269,1.06614
470,172.0,-1.354,65.2,0.7,83090.0,0.0,0.0368,2017-12-25,14:00:00,0.00271,1.06497
471,30.0,-2.154,61.5,2.8,83080.0,0.0,0.13529,2017-12-25,15:00:00,0.00241,1.06798
472,0.0,-4.054,69.8,3.1,83070.0,0.0,0.19144,2017-12-25,16:00:00,0.00238,1.07539
473,0.0,-7.454,78.1,1.7,83050.0,0.0,0.19144,2017-12-25,17:00:00,0.00205,1.08889
474,0.0,-7.954,85.7,1.6,83030.0,0.0,0.19144,2017-12-25,18:00:00,0.00217,1.09068
475,0.0,-6.054,82.7,3.4,83000.0,0.0,0.19144,2017-12-25,19:00:00,0.00242,1.08253
476,0.0,-3.254,86.1,5.1,82980.0,0.0,0.19144,2017-12-25,20:00:00,0.00312,1.07104
477,0.0,-2.554,86.8,5.2,82950.0,0.0,0.19144,2017-12-25,21:00:00,0.00332,1.06789
478,0.0,-3.454,85.7,4.3,82920.0,0.0,0.19144,2017-12-25,22:00:00,0.00306,1.07106
479,0.0,-5.154,83.4,3.8,82890.0,0.0,0.19144,2017-12-25,23:00:00,0.00262,1.07747
480,0.0,-4.854,82.9,3.2,82830.0,0.0,0.33507,2017-12-26,00:00:00,0.00267,1.07548
481,0.0,-2.754,79.1,4.6,82770.0,0.0,0.33507,2017-12-26,01:00:00,0.00298,1.06636
482,0.0,-4.354,81.9,1.8,82730.0,0.0,0.33507,2017-12-26,02:00:00,0.00274,1.07219
483,0.0,-8.054,92.1,1.6,82660.0,0.0,0.33507,2017-12-26,03:00:00,0.00232,1.08623
484,0.0,-8.054,90.7,1.3,82590.0,0.0,0.33507,2017-12-26,04:00:00,0.00229,1.08531
485,0.0,-8.654,92.2,1.8,82510.0,0.0,0.33507,2017-12-26,05:00:00,0.00222,1.08672
486,0.0,-8.954,93.5,1.8,82460.0,0.0,0.33507,2017-12-26,06:00:00,0.0022,1.0873
487,4.0,-8.854,94.7,1.6,82430.0,0.0,0.33507,2017-12-26,07:00:00,0.00225,1.08649
488,78.0,-7.854,93.2,1.4,82400.0,0.0,0.02,2017-12-26,08:00:00,0.0024,1.082
489,216.0,-5.454,88.7,0.8,82360.0,0.0,0.22176,2017-12-26,09:00:00,0.00274,1.07178
490,262.0,-1.354,82.1,2.7,82290.0,0.0,0.27469,2017-12-26,10:00:00,0.00345,1.05471
491,183.0,-0.054,78.3,4.6,82230.0,0.0,0.54482,2017-12-26,11:00:00,0.00363,1.04893
492,146.0,-0.054,76.6,5.4,82150.0,0.0,0.62836,2017-12-26,12:00:00,0.00355,1.04791
493,154.0,0.046,73.0,4.2,82080.0,0.0,0.47415,2017-12-26,13:00:00,0.00341,1.04663
494,62.0,-0.554,80.0,3.6,82050.0,0.0,0.6528,2017-12-26,14:00:00,0.00358,1.04855
495,21.0,-1.154,85.1,3.2,82030.0,0.0,0.39471,2017-12-26,15:00:00,0.00365,1.05061
496,0.0,-1.354,86.2,2.5,82010.0,0.0,0.58254,2017-12-26,16:00:00,0.00364,1.05112
497,0.0,-1.754,90.8,1.4,81950.0,0.0002,0.58254,2017-12-26,17:00:00,0.00373,1.0519
498,0.0,-2.054,93.3,1.0,81890.0,0.0007,0.58254,2017-12-26,18:00:00,0.00375,1.0523
499,0.0,-2.154,94.5,0.8,81820.0,0.0006,0.58254,2017-12-26,19:00:00,0.00377,1.05178
500,0.0,-1.954,91.7,1.1,81710.0,0.0001,0.58254,2017-12-26,20:00:00,0.00372,1.0496
501,0.0,-1.654,89.9,1.7,81620.0,0.0002,0.58254,2017-12-26,21:00:00,0.00373,1.04728
502,0.0,-1.754,91.5,1.7,81540.0,0.0003,0.58254,2017-12-26,22:00:00,0.00377,1.04664
503,0.0,-1.854,91.7,2.5,81450.0,0.0001,0.58254,2017-12-26,23:00:00,0.00376,1.04587
504,0.0,-1.954,88.9,3.2,81370.0,0.0001,0.13711,2017-12-27,00:00:00,0.00362,1.04523
505,0.0,-1.954,89.1,1.8,81250.0,0.0,0.13711,2017-12-27,01:00:00,0.00363,1.04369
506,0.0,-1.954,88.7,1.4,81120.0,0.0002,0.13711,2017-12-27,02:00:00,0.00362,1.04202
507,0.0,-2.354,87.1,3.0,81010.0,0.0,0.13711,2017-12-27,03:00:00,0.00346,1.04214
508,0.0,-2.454,85.5,4.2,80920.0,0.0,0.13711,2017-12-27,04:00:00,0.00337,1.04137
509,0.0,-2.254,82.9,5.0,80830.0,0.0,0.13711,2017-12-27,05:00:00,0.00332,1.03944
510,0.0,-2.254,86.2,4.6,80800.0,0.0,0.13711,2017-12-27,06:00:00,0.00346,1.03906
511,4.0,-1.954,84.9,4.0,80730.0,0.0,0.13711,2017-12-27,07:00:00,0.00348,1.03701
512,39.0,-2.154,85.7,2.1,80660.0,0.0,0.51,2017-12-27,08:00:00,0.00347,1.03687
513,69.0,-2.754,93.8,0.4,80610.0,0.0002,0.7514,2017-12-27,09:00:00,0.00363,1.03853
514,100.0,-2.654,93.7,1.3,80490.0,0.0,0.72316,2017-12-27,10:00:00,0.00366,1.0366
515,67.0,-2.454,94.7,1.6,80360.0,0.0007,0.83335,2017-12-27,11:00:00,0.00376,1.03416
516,54.0,-2.154,95.3,1.6,80230.0,0.0008,0.86255,2017-12-27,12:00:00,0.00388,1.03135
517,37.0,-2.154,96.7,1.2,80140.0,0.0018,0.87625,2017-12-27,13:00:00,0.00394,1.03019
518,18.0,-2.054,97.0,0.9,80050.0,0.0014,0.91046,2017-12-27,14:00:00,0.00399,1.02865
519,1.0,-2.054,95.9,1.6,79990.0,0.0016,0.56929,2017-12-27,15:00:00,0.00395,1.02788
520,0.0,-2.154,96.3,1.5,79930.0,0.0014,0.53503,2017-12-27,16:00:00,0.00394,1.02749
521,0.0,-2.254,96.6,1.6,79920.0,0.001,0.53503,2017-12-27,17:00:00,0.00392,1.02774
522,0.0,-2.254,96.1,1.7,79920.0,0.0006,0.53503,2017-12-27,18:00:00,0.0039,1.02774
523,0.0,-2.154,93.6,2.6,79890.0,0.0003,0.53503,2017-12-27,19:00:00,0.00383,1.02698
524,0.0,-2.154,88.8,5.0,79870.0,0.0002,0.53503,2017-12-27,20:00:00,0.00363,1.02672
525,0.0,-3.054,85.4,5.9,79930.0,0.0001,0.53503,2017-12-27,21:00:00,0.00326,1.03091
526,0.0,-4.454,85.6,4.7,80040.0,0.0,0.53503,2017-12-27,22:00:00,0.00294,1.03771
527,0.0,-4.954,87.5,4.0,80080.0,0.0,0.53503,2017-12-27,23:00:00,0.00289,1.04016
528,0.0,-5.254,83.3,3.6,80110.0,0.0,0.06899,2017-12-28,00:00:00,0.00269,1.04172
529,0.0,-5.854,86.6,1.4,80180.0,0.0,0.06899,2017-12-28,01:00:00,0.00267,1.04497
530,0.0,-6.454,93.6,0.7,80240.0,0.0,0.06899,2017-12-28,02:00:00,0.00275,1.0481
531,0.0,-6.454,93.4,1.1,80270.0,0.0,0.06899,2017-12-28,03:00:00,0.00275,1.0485
532,0.0,-6.654,94.0,1.0,80300.0,0.0,0.06899,2017-12-28,04:00:00,0.00272,1.04968
533,0.0,-6.954,94.4,1.2,80360.0,0.0,0.06899,2017-12-28,05:00:00,0.00267,1.05164
534,0.0,-7.654,96.3,0.6,80410.0,0.0,0.06899,2017-12-28,06:00:00,0.00258,1.05507
535,4.0,-7.454,93.8,1.0,80480.0,0.0,0.06899,2017-12-28,07:00:00,0.00255,1.0552
536,49.0,-6.954,90.5,1.4,80540.0,0.0,0.38436,2017-12-28,08:00:00,0.00255,1.054
537,105.0,-6.154,81.9,1.2,80610.0,0.0,0.60575,2017-12-28,09:00:00,0.00245,1.05175
538,124.0,-6.354,79.9,1.8,80670.0,0.0,0.65672,2017-12-28,10:00:00,0.00235,1.05333
539,126.0,-6.554,84.1,1.0,80690.0,0.0,0.6866,2017-12-28,11:00:00,0.00244,1.05438
540,127.0,-6.954,88.3,1.9,80700.0,0.0001,0.67673,2017-12-28,12:00:00,0.00248,1.05609
541,110.0,-7.354,87.3,1.2,80770.0,0.0,0.63208,2017-12-28,13:00:00,0.00238,1.0586
542,75.0,-7.554,85.0,0.7,80860.0,0.0,0.6269,2017-12-28,14:00:00,0.00228,1.06058
543,22.0,-7.754,77.9,2.4,80960.0,0.0,0.5688,2017-12-28,15:00:00,0.00205,1.06269
544,0.0,-8.054,76.8,2.8,81040.0,0.0,0.38964,2017-12-28,16:00:00,0.00197,1.06494
545,0.0,-8.454,77.6,2.5,81100.0,0.0,0.38964,2017-12-28,17:00:00,0.00193,1.06734
546,0.0,-8.954,80.1,1.9,81190.0,0.0,0.38964,2017-12-28,18:00:00,0.00192,1.07055
547,0.0,-9.554,87.1,1.2,81260.0,0.0,0.38964,2017-12-28,19:00:00,0.00199,1.07391
548,0.0,-10.354,93.0,0.6,81330.0,0.0,0.38964,2017-12-28,20:00:00,0.00199,1.07811
549,0.0,-10.854,96.1,0.3,81380.0,0.0,0.38964,2017-12-28,21:00:00,0.00197,1.08083
550,0.0,-11.054,94.3,0.6,81460.0,0.0,0.38964,2017-12-28,22:00:00,0.00191,1.08272
551,0.0,-11.354,83.1,0.7,81530.0,0.0,0.38964,2017-12-28,23:00:00,0.00164,1.08489
552,0.0,-11.854,78.4,1.2,81580.0,0.0,0.06055,2017-12-29,00:00:00,0.00148,1.08763
553,0.0,-12.654,79.2,1.0,81660.0,0.0,0.06055,2017-12-29,01:00:00,0.0014,1.09204
554,0.0,-13.354,78.8,1.0,81720.0,0.0,0.06055,2017-12-29,02:00:00,0.00132,1.09579
555,0.0,-13.354,80.1,0.7,81770.0,0.0,0.06055,2017-12-29,03:00:00,0.00134,1.09646
556,0.0,-14.654,78.5,1.1,81790.0,0.0,0.06055,2017-12-29,04:00:00,0.00118,1.10224
557,0.0,-17.054,84.3,0.7,81840.0,0.0,0.06055,2017-12-29,05:00:00,0.00104,1.11325
558,0.0,-18.054,84.8,0.8,81890.0,0.0,0.06055,2017-12-29,06:00:00,0.00096,1.1183
559,5.0,-19.554,86.8,0.8,81950.0,0.0,0.06055,2017-12-29,07:00:00,0.00086,1.12574
560,43.0,-19.954,84.2,1.0,81980.0,0.0,0.45974,2017-12-29,08:00:00,0.00081,1.12793
561,261.0,-18.554,82.4,0.5,81980.0,0.0,0.02,2017-12-29,09:00:00,0.00089,1.12173
562,354.0,-16.554,79.2,0.5,81960.0,0.0,0.02,2017-12-29,10:00:00,0.00101,1.11271
563,394.0,-15.854,75.8,0.5,81910.0,0.0,0.02,2017-12-29,11:00:00,0.00103,1.10901
564,385.0,-13.354,67.3,0.5,81910.0,0.0,0.02,2017-12-29,12:00:00,0.00112,1.09833
565,200.0,-12.254,60.2,0.8,81890.0,0.0,0.33106,2017-12-29,13:00:00,0.0011,1.09344
566,95.0,-12.054,63.3,0.9,81910.0,0.0,0.52741,2017-12-29,14:00:00,0.00117,1.09287
567,24.0,-12.254,69.6,0.6,81910.0,0.0,0.5296,2017-12-29,15:00:00,0.00127,1.0937
568,0.0,-11.954,75.6,1.0,81890.0,0.0,0.18122,2017-12-29,16:00:00,0.00141,1.09218
569,0.0,-12.054,78.0,1.1,81940.0,0.0,0.18122,2017-12-29,17:00:00,0.00145,1.09327
570,0.0,-12.554,79.5,1.0,81910.0,0.0,0.18122,2017-12-29,18:00:00,0.00142,1.09496
571,0.0,-11.954,78.6,1.3,81910.0,0.0,0.18122,2017-12-29,19:00:00,0.00147,1.09245
572,0.0,-11.254,78.3,1.2,81870.0,0.0,0.18122,2017-12-29,20:00:00,0.00155,1.089
573,0.0,-11.154,78.5,1.1,81820.0,0.0,0.18122,2017-12-29,21:00:00,0.00157,1.08792
574,0.0,-10.054,84.4,1.4,81940.0,0.001,0.18122,2017-12-29,22:00:00,0.00183,1.08496
575,0.0,-10.254,87.6,2.2,81970.0,0.0008,0.18122,2017-12-29,23:00:00,0.00187,1.08618
576,0.0,-10.254,89.5,1.4,82010.0,0.0005,0.06239,2017-12-30,00:00:00,0.00191,1.08671
577,0.0,-10.054,85.7,1.1,82060.0,0.0,0.06239,2017-12-30,01:00:00,0.00186,1.08654
578,0.0,-9.954,84.7,1.6,82080.0,0.0,0.06239,2017-12-30,02:00:00,0.00185,1.0864
579,0.0,-9.654,85.0,1.2,82080.0,0.0,0.06239,2017-12-30,03:00:00,0.0019,1.08516
580,0.0,-8.854,88.3,1.3,82130.0,0.0004,0.06239,2017-12-30,04:00:00,0.00211,1.08253
581,0.0,-8.154,96.7,1.1,82130.0,0.0004,0.06239,2017-12-30,05:00:00,0.00244,1.07967
582,0.0,-7.754,96.6,1.1,82140.0,0.0001,0.06239,2017-12-30,06:00:00,0.00251,1.07818
583,2.0,-7.554,98.0,0.5,82170.0,0.001,0.06239,2017-12-30,07:00:00,0.00259,1.07776
584,29.0,-7.254,97.9,0.9,82180.0,0.0004,0.63564,2017-12-30,08:00:00,0.00264,1.07668
585,79.0,-7.054,98.3,0.4,82180.0,0.0005,0.70337,2017-12-30,09:00:00,0.0027,1.07587
586,98.0,-6.454,96.8,0.2,82230.0,0.0006,0.7287,2017-12-30,10:00:00,0.00278,1.0741
587,126.0,-5.554,94.6,0.6,82230.0,0.0002,0.6866,2017-12-30,11:00:00,0.00291,1.07049
588,116.0,-4.954,94.5,0.3,82230.0,0.0,0.70473,2017-12-30,12:00:00,0.00304,1.06809
589,92.0,-4.254,92.2,1.2,82250.0,0.0001,0.69229,2017-12-30,13:00:00,0.00313,1.06557
590,62.0,-4.454,91.7,0.9,82290.0,0.0,0.69157,2017-12-30,14:00:00,0.00306,1.06688
591,20.0,-3.954,91.5,0.7,82370.0,0.0,0.608,2017-12-30,15:00:00,0.00317,1.06594
592,0.0,-3.854,92.3,1.2,82430.0,0.0,0.40505,2017-12-30,16:00:00,0.00322,1.06632
593,0.0,-3.154,91.5,1.5,82460.0,0.0,0.40505,2017-12-30,17:00:00,0.00336,1.06394
594,0.0,-2.454,90.4,1.5,82510.0,0.0,0.40505,2017-12-30,18:00:00,0.0035,1.06183
595,0.0,-1.154,89.0,1.4,82570.0,0.0,0.40505,2017-12-30,19:00:00,0.00379,1.05752
596,0.0,-0.754,92.0,1.3,82620.0,0.0,0.40505,2017-12-30,20:00:00,0.00403,1.05661
597,0.0,-0.854,93.1,0.8,82630.0,0.0,0.40505,2017-12-30,21:00:00,0.00405,1.05713
598,0.0,-1.854,95.3,1.2,82650.0,0.0,0.40505,2017-12-30,22:00:00,0.00385,1.06128
599,0.0,-2.154,93.8,1.6,82620.0,0.0,0.40505,2017-12-30,23:00:00,0.00371,1.06207
600,0.0,-2.054,93.3,1.6,82640.0,0.0,0.05121,2017-12-31,00:00:00,0.00371,1.06193
601,0.0,-4.154,99.0,1.0,82690.0,0.0,0.05121,2017-12-31,01:00:00,0.00337,1.07087
602,0.0,-6.054,99.6,1.2,82700.0,0.0,0.05121,2017-12-31,02:00:00,0.00293,1.07862
603,0.0,-6.654,99.9,0.8,82720.0,0.0,0.05121,2017-12-31,03:00:00,0.00281,1.08131
604,0.0,-8.454,100.0,0.7,82750.0,0.0,0.05121,2017-12-31,04:00:00,0.00244,1.08906
605,0.0,-9.254,99.5,1.0,82780.0,0.0,0.05121,2017-12-31,05:00:00,0.00228,1.09276
606,0.0,-10.754,100.0,0.8,82800.0,0.0,0.05121,2017-12-31,06:00:00,0.00204,1.09927
607,4.0,-9.254,99.1,0.9,82830.0,0.0,0.05121,2017-12-31,07:00:00,0.00227,1.09342
608,38.0,-11.554,96.6,0.8,82850.0,0.0,0.52256,2017-12-31,08:00:00,0.00184,1.1033
609,248.0,-8.454,97.9,0.7,82840.0,0.0,0.06881,2017-12-31,09:00:00,0.00239,1.09024
610,339.0,-7.754,98.8,0.4,82830.0,0.0,0.06153,2017-12-31,10:00:00,0.00255,1.08724
611,378.0,-5.254,93.7,0.6,82770.0,0.0,0.0598,2017-12-31,11:00:00,0.00293,1.07631
612,361.0,-3.254,90.3,0.6,82710.0,0.0,0.08109,2017-12-31,12:00:00,0.00328,1.06756
613,293.0,-2.754,89.1,0.6,82650.0,0.0,0.02,2017-12-31,13:00:00,0.00337,1.06481
614,197.0,0.246,77.8,2.5,82610.0,0.0,0.02,2017-12-31,14:00:00,0.00366,1.05262
615,50.0,0.746,75.4,4.5,82570.0,0.0,0.02,2017-12-31,15:00:00,0.00368,1.05019
616,0.0,-1.054,85.0,3.5,82520.0,0.0,0.07308,2017-12-31,16:00:00,0.00365,1.05649
617,0.0,-0.754,87.2,4.9,82500.0,0.0,0.07308,2017-12-31,17:00:00,0.00383,1.05508
618,0.0,-0.554,87.6,4.8,82470.0,0.0,0.07308,2017-12-31,18:00:00,0.0039,1.05392
619,0.0,-0.054,85.6,4.3,82450.0,0.0,0.07308,2017-12-31,19:00:00,0.00395,1.05173
620,0.0,-0.154,84.7,3.9,82440.0,0.0,0.07308,2017-12-31,20:00:00,0.00388,1.05199
621,0.0,-0.854,84.3,3.8,82400.0,0.0,0.07308,2017-12-31,21:00:00,0.00367,1.05418
622,0.0,-1.554,85.7,4.1,82350.0,0.0,0.07308,2017-12-31,22:00:00,0.00355,1.05626
623,0.0,-1.954,85.5,3.1,82320.0,0.0,0.07308,2017-12-31,23:00:00,0.00344,1.05743
624,0.0,-2.154,86.1,2.6,82300.0,0.0,0.13169,2018-01-01,00:00:00,0.00341,1.05796
625,0.0,-1.554,83.2,2.7,82270.0,0.0,0.13169,2018-01-01,01:00:00,0.00345,1.05523
626,0.0,-2.554,87.1,1.2,82240.0,0.0,0.13169,2018-01-01,02:00:00,0.00336,1.05875
627,0.0,-2.854,89.4,1.2,82200.0,0.0,0.13169,2018-01-01,03:00:00,0.00337,1.05941
628,0.0,-3.354,93.5,0.7,82150.0,0.0003,0.13169,2018-01-01,04:00:00,0.0034,1.06072
629,0.0,-3.054,96.0,0.6,82100.0,0.0003,0.13169,2018-01-01,05:00:00,0.00357,1.0589
630,0.0,-3.154,95.8,0.4,82070.0,0.0008,0.13169,2018-01-01,06:00:00,0.00354,1.05891
631,0.0,-1.754,88.8,5.5,82140.0,0.0004,0.13169,2018-01-01,07:00:00,0.00364,1.05434
632,6.0,-1.954,86.2,4.2,82240.0,0.0,0.13169,2018-01-01,08:00:00,0.00347,1.0564
633,52.0,-3.154,90.7,1.7,82270.0,0.0,0.80324,2018-01-01,09:00:00,0.00334,1.06149
634,101.0,-3.354,90.8,0.9,82280.0,0.0,0.7172,2018-01-01,10:00:00,0.00329,1.0624
635,229.0,-3.154,88.2,0.9,82210.0,0.0,0.42896,2018-01-01,11:00:00,0.00325,1.06071
636,221.0,-2.554,79.3,1.1,82130.0,0.0,0.48062,2018-01-01,12:00:00,0.00306,1.05733
637,356.0,-2.254,67.2,3.3,82070.0,0.0,0.02,2018-01-01,13:00:00,0.00265,1.05539
638,265.0,-2.154,61.8,2.1,82020.0,0.0,0.24725,2018-01-01,14:00:00,0.00246,1.05436
639,110.0,-3.954,72.2,1.1,81950.0,0.0,0.21314,2018-01-01,15:00:00,0.00251,1.0605
640,15.0,-6.454,86.7,1.3,81910.0,0.0,0.6027,2018-01-01,16:00:00,0.0025,1.06992
641,0.0,-9.254,94.1,0.8,81850.0,0.0,0.30729,2018-01-01,17:00:00,0.00218,1.08048
642,0.0,-9.754,92.3,1.2,81800.0,0.0,0.30729,2018-01-01,18:00:00,0.00206,1.08187
643,0.0,-10.154,95.5,1.3,81760.0,0.0,0.30729,2018-01-01,19:00:00,0.00207,1.08298
644,0.0,-11.254,97.3,1.7,81750.0,0.0,0.30729,2018-01-01,20:00:00,0.00193,1.0874
645,0.0,-10.754,85.5,1.0,81780.0,0.0,0.30729,2018-01-01,21:00:00,0.00176,1.08573
646,0.0,-9.454,83.4,1.7,81790.0,0.0,0.30729,2018-01-01,22:00:00,0.0019,1.08051
647,0.0,-9.354,84.7,1.2,81800.0,0.0,0.30729,2018-01-01,23:00:00,0.00195,1.08023
648,0.0,-7.654,80.0,2.4,81830.0,0.0,0.21482,2018-01-02,00:00:00,0.0021,1.0737
649,0.0,-3.954,68.4,4.3,81860.0,0.0,0.21482,2018-01-02,01:00:00,0.00238,1.05934
650,0.0,-3.354,71.3,5.7,81910.0,0.0,0.21482,2018-01-02,02:00:00,0.0026,1.05763
651,0.0,-5.154,91.8,3.1,81940.0,0.0,0.21482,2018-01-02,03:00:00,0.00292,1.06512
652,0.0,-4.654,89.3,3.2,81990.0,0.0,0.21482,2018-01-02,04:00:00,0.00295,1.06378
653,0.0,-6.454,93.3,2.3,82020.0,0.0,0.21482,2018-01-02,05:00:00,0.00268,1.07136
654,0.0,-5.854,85.3,2.0,82080.0,0.0,0.21482,2018-01-02,06:00:00,0.00257,1.06973
655,0.0,-4.754,72.0,3.5,82120.0,0.0,0.21482,2018-01-02,07:00:00,0.00235,1.06587
656,18.0,-4.954,82.1,2.5,82200.0,0.0,0.59909,2018-01-02,08:00:00,0.00264,1.0677
657,112.0,-5.154,83.3,1.3,82270.0,0.0,0.59348,2018-01-02,09:00:00,0.00264,1.06941
658,134.0,-4.554,82.8,2.0,82340.0,0.0,0.63923,2018-01-02,10:00:00,0.00274,1.06793
659,271.0,-4.454,86.8,1.0,82420.0,0.0001,0.34425,2018-01-02,11:00:00,0.00289,1.06857
660,250.0,-3.554,71.5,1.9,82410.0,0.0,0.41247,2018-01-02,12:00:00,0.00255,1.06487
661,187.0,-3.554,64.4,2.6,82420.0,0.0,0.48522,2018-01-02,13:00:00,0.00229,1.065
662,240.0,-2.854,52.7,5.2,82440.0,0.0,0.31826,2018-01-02,14:00:00,0.00198,1.0625
663,131.0,-3.054,45.2,5.6,82470.0,0.0,0.06292,2018-01-02,15:00:00,0.00167,1.06367
664,15.0,-4.154,48.4,4.9,82520.0,0.0,0.6027,2018-01-02,16:00:00,0.00164,1.06867
665,0.0,-7.554,65.0,1.3,82560.0,0.0,0.40335,2018-01-02,17:00:00,0.0017,1.08288
666,0.0,-9.754,77.4,1.1,82570.0,0.0,0.40335,2018-01-02,18:00:00,0.00171,1.09205
667,0.0,-10.954,78.8,1.3,82610.0,0.0,0.40335,2018-01-02,19:00:00,0.00158,1.09758
668,0.0,-9.554,75.1,1.4,82660.0,0.0,0.40335,2018-01-02,20:00:00,0.00168,1.09241
669,0.0,-8.954,75.6,0.6,82630.0,0.0,0.40335,2018-01-02,21:00:00,0.00178,1.08954
670,0.0,-8.554,80.2,0.8,82590.0,0.0,0.40335,2018-01-02,22:00:00,0.00195,1.08736
671,0.0,-8.554,94.7,0.7,82560.0,0.0003,0.40335,2018-01-02,23:00:00,0.0023,1.08697
672,0.0,-8.454,97.6,0.7,82520.0,0.0006,0.13047,2018-01-03,00:00:00,0.00239,1.08603
673,0.0,-7.354,94.6,2.1,82480.0,0.0005,0.13047,2018-01-03,01:00:00,0.00252,1.08101
674,0.0,-7.054,96.2,1.1,82440.0,0.0003,0.13047,2018-01-03,02:00:00,0.00263,1.07927
675,0.0,-6.654,94.7,0.7,82380.0,0.0,0.13047,2018-01-03,03:00:00,0.00267,1.07687
676,0.0,-7.154,95.3,1.2,82310.0,0.0,0.13047,2018-01-03,04:00:00,0.00259,1.07797
677,0.0,-6.754,94.9,0.8,82220.0,0.0,0.13047,2018-01-03,05:00:00,0.00266,1.07518
678,0.0,-6.454,93.5,1.2,82120.0,0.0,0.13047,2018-01-03,06:00:00,0.00269,1.07266
679,0.0,-6.154,95.4,1.2,81980.0,0.0,0.13047,2018-01-03,07:00:00,0.00281,1.06963
680,34.0,-1.554,82.3,5.6,81850.0,0.0,0.35923,2018-01-03,08:00:00,0.00343,1.04985
681,38.0,-1.154,79.8,9.6,81730.0,0.0,0.86207,2018-01-03,09:00:00,0.00343,1.04677
682,104.0,-0.954,83.0,9.7,81620.0,0.0,0.72,2018-01-03,10:00:00,0.00363,1.04459
683,59.0,-0.954,83.7,9.7,81500.0,0.0,0.85723,2018-01-03,11:00:00,0.00366,1.04305
684,70.0,-1.554,89.0,9.4,81410.0,0.0002,0.83549,2018-01-03,12:00:00,0.00373,1.0442
685,53.0,0.546,83.7,6.4,81330.0,0.0002,0.8541,2018-01-03,13:00:00,0.0041,1.03517
686,26.0,-0.354,85.5,7.2,81480.0,0.0009,0.92614,2018-01-03,14:00:00,0.00391,1.0405
687,18.0,-1.754,77.4,10.0,81700.0,0.0001,0.87124,2018-01-03,15:00:00,0.00318,1.04869
688,1.0,-2.354,73.4,7.5,81740.0,0.0,0.55248,2018-01-03,16:00:00,0.00289,1.05153
689,0.0,-2.254,60.2,7.3,81800.0,0.0,0.55248,2018-01-03,17:00:00,0.00238,1.05192
690,0.0,-3.254,74.3,1.4,81790.0,0.0,0.55248,2018-01-03,18:00:00,0.00273,1.05568
691,0.0,-3.854,81.3,2.2,81780.0,0.0,0.55248,2018-01-03,19:00:00,0.00286,1.05791
692,0.0,-3.954,87.4,1.8,81840.0,0.0002,0.55248,2018-01-03,20:00:00,0.00305,1.05908
693,0.0,-3.554,80.6,3.4,81890.0,0.0,0.55248,2018-01-03,21:00:00,0.00289,1.05815
694,0.0,-2.654,63.6,3.9,81870.0,0.0,0.55248,2018-01-03,22:00:00,0.00244,1.05437
695,0.0,-3.954,85.4,2.5,81910.0,0.0001,0.55248,2018-01-03,23:00:00,0.00297,1.05998
696,0.0,-4.254,90.4,2.3,81900.0,0.0004,0.15095,2018-01-04,00:00:00,0.00308,1.06104
697,0.0,-4.454,92.3,2.7,81880.0,0.0003,0.15095,2018-01-04,01:00:00,0.0031,1.06157
698,0.0,-4.654,95.0,1.9,81870.0,0.0011,0.15095,2018-01-04,02:00:00,0.00314,1.06223
699,0.0,-4.654,96.2,1.8,81830.0,0.0011,0.15095,2018-01-04,03:00:00,0.00318,1.06171
700,0.0,-4.354,93.9,2.3,81820.0,0.0007,0.15095,2018-01-04,04:00:00,0.00318,1.06039
701,0.0,-3.854,90.2,2.9,81840.0,0.0002,0.15095,2018-01-04,05:00:00,0.00317,1.05868
702,0.0,-4.054,91.5,3.1,81810.0,0.0002,0.15095,2018-01-04,06:00:00,0.00317,1.05908
703,0.0,-4.154,92.6,3.6,81810.0,0.0003,0.15095,2018-01-04,07:00:00,0.00318,1.05948
704,3.0,-3.854,92.7,2.7,81790.0,0.0005,0.15095,2018-01-04,08:00:00,0.00326,1.05804
705,23.0,-3.754,92.8,2.3,81810.0,0.0005,0.91652,2018-01-04,09:00:00,0.00329,1.0579
706,34.0,-3.354,94.3,1.6,81830.0,0.0014,0.90846,2018-01-04,10:00:00,0.00344,1.05659
707,54.0,-2.854,94.3,1.1,81800.0,0.0012,0.86933,2018-01-04,11:00:00,0.00357,1.05425
708,52.0,-2.554,95.3,0.4,81750.0,0.0018,0.87779,2018-01-04,12:00:00,0.0037,1.05244
709,65.0,-1.954,96.6,0.4,81710.0,0.0026,0.82107,2018-01-04,13:00:00,0.00392,1.0496
710,45.0,-0.354,95.9,0.6,81710.0,0.0021,0.87217,2018-01-04,14:00:00,0.00438,1.04344
711,43.0,0.546,95.9,0.9,81710.0,0.0013,0.69241,2018-01-04,15:00:00,0.00467,1.04001
712,11.0,0.446,95.9,0.7,81720.0,0.0006,0.70865,2018-01-04,16:00:00,0.00464,1.04052
713,0.0,0.246,97.0,1.0,81730.0,0.0007,0.57106,2018-01-04,17:00:00,0.00463,1.04141
714,0.0,0.346,96.7,1.1,81720.0,0.0001,0.57106,2018-01-04,18:00:00,0.00465,1.0409
715,0.0,0.346,96.2,1.3,81690.0,0.0,0.57106,2018-01-04,19:00:00,0.00462,1.04051
716,0.0,0.646,94.9,1.5,81670.0,0.0,0.57106,2018-01-04,20:00:00,0.00466,1.03912
717,0.0,1.346,91.6,2.3,81660.0,0.0,0.57106,2018-01-04,21:00:00,0.00473,1.03634
718,0.0,1.146,92.2,2.1,81720.0,0.0,0.57106,2018-01-04,22:00:00,0.00469,1.03786
719,0.0,1.046,92.8,2.2,81750.0,0.0,0.57106,2018-01-04,23:00:00,0.00469,1.03862
720,0.0,0.946,93.3,2.1,81740.0,0.0,0.37611,2018-01-05,00:00:00,0.00468,1.03887
721,0.0,0.946,93.4,2.3,81740.0,0.0,0.37611,2018-01-05,01:00:00,0.00468,1.03887
722,0.0,-0.354,94.7,2.0,81750.0,0.0,0.37611,2018-01-05,02:00:00,0.00432,1.04395
723,0.0,-0.554,93.2,2.8,81770.0,0.0,0.37611,2018-01-05,03:00:00,0.00419,1.04497
724,0.0,-1.754,95.3,1.8,81770.0,0.0,0.37611,2018-01-05,04:00:00,0.00392,1.04959
725,0.0,-2.654,98.1,1.0,81800.0,0.0,0.37611,2018-01-05,05:00:00,0.00377,1.05347
726,0.0,-4.554,99.7,1.1,81820.0,0.0,0.37611,2018-01-05,06:00:00,0.00332,1.06118
727,0.0,-4.554,100.0,1.0,81880.0,0.0,0.37611,2018-01-05,07:00:00,0.00333,1.06196
728,10.0,-5.654,99.3,1.1,81920.0,0.0,0.89897,2018-01-05,08:00:00,0.00304,1.06685
729,90.0,-5.354,97.9,0.8,81930.0,0.0,0.67692,2018-01-05,09:00:00,0.00307,1.06578
730,166.0,-4.554,95.1,1.2,81950.0,0.0,0.56032,2018-01-05,10:00:00,0.00317,1.06287
731,349.0,-1.654,90.0,1.0,81910.0,0.0,0.17386,2018-01-05,11:00:00,0.00372,1.051
732,336.0,0.046,88.4,1.1,81820.0,0.0,0.21036,2018-01-05,12:00:00,0.00415,1.04332
733,272.0,2.146,79.4,1.2,81810.0,0.0,0.25124,2018-01-05,13:00:00,0.00433,1.03523
734,345.0,3.546,69.8,1.9,81810.0,0.0,0.02,2018-01-05,14:00:00,0.00421,1.02999
735,137.0,3.046,74.0,3.4,81820.0,0.0,0.02,2018-01-05,15:00:00,0.0043,1.03198
736,37.0,2.246,77.7,4.1,81820.0,0.0,0.02,2018-01-05,16:00:00,0.00427,1.03498
737,0.0,1.246,82.3,5.1,81810.0,0.0,0.47909,2018-01-05,17:00:00,0.00421,1.03863
738,0.0,0.146,87.5,4.5,81820.0,0.0,0.47909,2018-01-05,18:00:00,0.00413,1.04293
739,0.0,0.746,86.2,4.3,81880.0,0.0,0.47909,2018-01-05,19:00:00,0.00425,1.04141
740,0.0,0.446,86.2,1.9,81910.0,0.0,0.47909,2018-01-05,20:00:00,0.00416,1.04294
741,0.0,-1.454,91.3,1.5,81930.0,0.0,0.47909,2018-01-05,21:00:00,0.00383,1.05049
742,0.0,-0.854,89.6,1.3,81960.0,0.0,0.47909,2018-01-05,22:00:00,0.00393,1.04855
743,0.0,-0.154,89.7,0.7,81970.0,0.0,0.47909,2018-01-05,23:00:00,0.00414,1.04599
744,0.0,-1.554,94.6,0.6,81970.0,0.0,0.11035,2018-01-06,00:00:00,0.00394,1.05139
745,0.0,-2.954,94.6,0.8,81950.0,0.0,0.11035,2018-01-06,01:00:00,0.00355,1.05658
746,0.0,-2.854,92.7,1.3,81960.0,0.0,0.11035,2018-01-06,02:00:00,0.00351,1.05631
747,0.0,-2.854,94.6,0.8,81960.0,0.0,0.11035,2018-01-06,03:00:00,0.00358,1.05631
748,0.0,-3.054,94.3,1.1,81930.0,0.0,0.11035,2018-01-06,04:00:00,0.00351,1.05671
749,0.0,-3.054,96.4,0.7,81960.0,0.0,0.11035,2018-01-06,05:00:00,0.00359,1.0571
750,0.0,-4.354,98.7,1.0,81970.0,0.0,0.11035,2018-01-06,06:00:00,0.00334,1.06234
751,0.0,-4.054,95.3,1.6,82000.0,0.0,0.11035,2018-01-06,07:00:00,0.00329,1.06154
752,18.0,0.446,83.0,3.7,82040.0,0.0,0.81814,2018-01-06,08:00:00,0.004,1.04459
753,125.0,1.346,79.0,3.9,82070.0,0.0,0.55128,2018-01-06,09:00:00,0.00406,1.04155
754,228.0,1.746,79.6,3.5,82100.0,0.0,0.39611,2018-01-06,10:00:00,0.00421,1.04041
755,149.0,1.646,79.6,4.4,82130.0,0.0,0.64729,2018-01-06,11:00:00,0.00417,1.04117
756,249.0,2.146,74.5,4.4,82130.0,0.0,0.41482,2018-01-06,12:00:00,0.00405,1.03928
757,209.0,2.346,71.7,3.3,82110.0,0.0,0.42466,2018-01-06,13:00:00,0.00395,1.03827
758,111.0,1.846,78.3,3.0,82130.0,0.0,0.6847,2018-01-06,14:00:00,0.00417,1.04041
759,51.0,1.446,82.4,2.9,82200.0,0.0,0.63518,2018-01-06,15:00:00,0.00426,1.04282
760,10.0,1.046,84.8,1.3,82220.0,0.0,0.73514,2018-01-06,16:00:00,0.00426,1.04459
761,0.0,0.546,89.7,1.3,82260.0,0.0,0.37725,2018-01-06,17:00:00,0.00434,1.04701
762,0.0,0.346,88.6,1.7,82290.0,0.0,0.37725,2018-01-06,18:00:00,0.00422,1.04816
763,0.0,-0.054,89.1,1.0,82340.0,0.0,0.37725,2018-01-06,19:00:00,0.00412,1.05033
764,0.0,-1.654,94.0,0.6,82410.0,0.0,0.37725,2018-01-06,20:00:00,0.00387,1.05742
765,0.0,-1.654,94.4,0.7,82450.0,0.0,0.37725,2018-01-06,21:00:00,0.00388,1.05793
766,0.0,-2.354,95.3,0.8,82480.0,0.0,0.37725,2018-01-06,22:00:00,0.00372,1.06105
767,0.0,-3.454,97.5,1.5,82510.0,0.0,0.37725,2018-01-06,23:00:00,0.0035,1.06577
768,0.0,-3.154,95.3,0.6,82530.0,0.0,0.26595,2018-01-07,00:00:00,0.0035,1.06484
769,0.0,-3.154,95.1,0.8,82530.0,0.0,0.26595,2018-01-07,01:00:00,0.00349,1.06484
770,0.0,-2.554,93.7,0.5,82560.0,0.0,0.26595,2018-01-07,02:00:00,0.0036,1.06287
771,0.0,-3.354,96.4,0.5,82570.0,0.0,0.26595,2018-01-07,03:00:00,0.00349,1.06615
772,0.0,-2.954,96.0,0.7,82590.0,0.0,0.26595,2018-01-07,04:00:00,0.00358,1.06483
773,0.0,-3.554,97.4,0.7,82610.0,0.0,0.26595,2018-01-07,05:00:00,0.00347,1.06745
774,0.0,-4.254,98.3,0.8,82640.0,0.0,0.26595,2018-01-07,06:00:00,0.00332,1.07062
775,0.0,-4.854,98.3,0.6,82700.0,0.0,0.26595,2018-01-07,07:00:00,0.00317,1.0738
776,17.0,-4.354,97.0,0.9,82760.0,0.0,0.82825,2018-01-07,08:00:00,0.00325,1.07258
777,54.0,-3.354,95.8,0.8,82810.0,0.0,0.80615,2018-01-07,09:00:00,0.00345,1.06925
778,119.0,-2.554,94.4,0.4,82840.0,0.0,0.68481,2018-01-07,10:00:00,0.00361,1.06647
779,141.0,-1.754,91.2,0.4,82830.0,0.0,0.66623,2018-01-07,11:00:00,0.0037,1.0632
780,164.0,-0.354,84.4,0.9,82800.0,0.0,0.61458,2018-01-07,12:00:00,0.0038,1.05736
781,229.0,0.846,81.7,1.4,82760.0,0.0,0.36961,2018-01-07,13:00:00,0.00401,1.05222
782,152.0,3.446,63.0,4.6,82750.0,0.0,0.56823,2018-01-07,14:00:00,0.00372,1.0422
783,78.0,3.646,60.4,5.2,82780.0,0.0,0.44204,2018-01-07,15:00:00,0.00362,1.04183
784,16.0,3.346,62.0,4.9,82810.0,0.0,0.57622,2018-01-07,16:00:00,0.00364,1.04334
785,0.0,2.946,64.9,4.4,82850.0,0.0,0.54474,2018-01-07,17:00:00,0.0037,1.04535
786,0.0,2.346,66.2,3.2,82910.0,0.0,0.54474,2018-01-07,18:00:00,0.00361,1.04839
787,0.0,0.846,72.9,1.9,82960.0,0.0,0.54474,2018-01-07,19:00:00,0.00357,1.05476
788,0.0,-0.954,81.5,1.2,83000.0,0.0,0.54474,2018-01-07,20:00:00,0.0035,1.06225
789,0.0,-2.454,85.7,1.9,83020.0,0.0,0.54474,2018-01-07,21:00:00,0.00329,1.06839
790,0.0,-3.154,84.4,1.4,83050.0,0.0,0.54474,2018-01-07,22:00:00,0.00308,1.07155
791,0.0,-3.654,86.1,1.1,83080.0,0.0,0.54474,2018-01-07,23:00:00,0.00302,1.07393
792,0.0,-3.754,89.1,0.6,83090.0,0.0,0.27796,2018-01-08,00:00:00,0.00311,1.07445
793,0.0,-4.654,91.5,0.8,83100.0,0.0,0.27796,2018-01-08,01:00:00,0.00298,1.07819
794,0.0,-4.154,90.2,0.7,83120.0,0.0,0.27796,2018-01-08,02:00:00,0.00305,1.07644
795,0.0,-3.754,89.2,0.7,83130.0,0.0,0.27796,2018-01-08,03:00:00,0.00311,1.07497
796,0.0,-3.454,90.2,0.8,83150.0,0.0,0.27796,2018-01-08,04:00:00,0.00321,1.07403
797,0.0,-3.154,89.7,0.6,83150.0,0.0,0.27796,2018-01-08,05:00:00,0.00327,1.07284
798,0.0,-3.554,91.2,0.8,83140.0,0.0,0.27796,2018-01-08,06:00:00,0.00323,1.0743
799,0.0,-4.754,93.5,0.8,83160.0,0.0,0.27796,2018-01-08,07:00:00,0.00302,1.07937
800,18.0,-5.954,94.2,1.0,83160.0,0.0,0.81814,2018-01-08,08:00:00,0.00278,1.08421
801,50.0,-5.154,93.4,0.8,83160.0,0.0,0.82051,2018-01-08,09:00:00,0.00293,1.08098
802,78.0,-5.454,91.8,1.1,83170.0,0.0,0.79341,2018-01-08,10:00:00,0.00281,1.08232
803,155.0,-4.454,88.7,1.4,83140.0,0.0,0.63309,2018-01-08,11:00:00,0.00293,1.0779
804,138.0,-2.054,80.1,1.2,83070.0,0.0,0.67568,2018-01-08,12:00:00,0.00317,1.06746
805,237.0,1.046,70.1,2.0,83000.0,0.0,0.29189,2018-01-08,13:00:00,0.00348,1.0545
806,156.0,3.146,63.1,3.2,83000.0,0.0,0.55687,2018-01-08,14:00:00,0.00364,1.04649
807,71.0,2.946,71.1,6.7,83050.0,0.0,0.49212,2018-01-08,15:00:00,0.00404,1.04788
808,9.0,2.346,72.4,3.9,83060.0,0.0,0.56488,2018-01-08,16:00:00,0.00395,1.05028
809,0.0,1.046,77.0,1.3,83060.0,0.0,0.56488,2018-01-08,17:00:00,0.00382,1.05526
810,0.0,-0.654,84.1,1.3,83040.0,0.0,0.56488,2018-01-08,18:00:00,0.00369,1.06159
811,0.0,-1.254,85.8,1.2,83020.0,0.0,0.56488,2018-01-08,19:00:00,0.0036,1.06368
812,0.0,2.646,62.8,3.8,83020.0,0.0,0.56488,2018-01-08,20:00:00,0.00349,1.04864
813,0.0,4.846,49.1,2.6,82990.0,0.0,0.56488,2018-01-08,21:00:00,0.00319,1.03996
814,0.0,2.646,61.0,2.8,82960.0,0.0,0.56488,2018-01-08,22:00:00,0.0034,1.04788
815,0.0,0.946,73.6,2.4,82930.0,0.0,0.56488,2018-01-08,23:00:00,0.00363,1.054
816,0.0,1.1,88.9,3.2,81370.0,0.0001667,0.13711,2018-01-09,00:00:00,0.00362,1.04523
817,0.0,1.1,89.1,1.8,81250.0,0.0001667,0.13711,2018-01-09,01:00:00,0.00363,1.04369
818,0.0,1.1,88.7,1.4,81120.0,0.0001667,0.13711,2018-01-09,02:00:00,0.00362,1.04202
819,0.0,0.0,87.1,3.0,81010.0,0.0023333,0.13711,2018-01-09,03:00:00,0.00346,1.04214
820,0.0,0.0,85.5,4.2,80920.0,0.0023333,0.13711,2018-01-09,04:00:00,0.00337,1.04137
821,0.0,0.0,82.9,5.0,80830.0,0.0023333,0.13711,2018-01-09,05:00:00,0.00332,1.03944
822,0.0,0.2,86.2,4.6,80800.0,0.0016667,0.13711,2018-01-09,06:00:00,0.00346,1.03906
823,4.0,0.2,84.9,4.0,80730.0,0.0016667,0.13711,2018-01-09,07:00:00,0.00348,1.03701
824,39.0,0.2,85.7,2.1,80660.0,0.0016667,0.51,2018-01-09,08:00:00,0.00347,1.03687
825,69.0,0.5,93.8,0.4,80610.0,0.0001667,0.7514,2018-01-09,09:00:00,0.00363,1.03853
826,100.0,0.5,93.7,1.3,80490.0,0.0001667,0.72316,2018-01-09,10:00:00,0.00366,1.0366
827,67.0,0.5,94.7,1.6,80360.0,0.0001667,0.83335,2018-01-09,11:00:00,0.00376,1.03416
828,54.0,1.2,95.3,1.6,80230.0,0.0,0.86255,2018-01-09,12:00:00,0.00388,1.03135
829,37.0,1.2,96.7,1.2,80140.0,0.0,0.87625,2018-01-09,13:00:00,0.00394,1.03019
830,18.0,1.2,97.0,0.9,80050.0,0.0,0.91046,2018-01-09,14:00:00,0.00399,1.02865
831,1.0,1.1,95.9,1.6,79990.0,0.0001667,0.56929,2018-01-09,15:00:00,0.00395,1.02788
832,0.0,1.1,96.3,1.5,79930.0,0.0001667,0.53503,2018-01-09,16:00:00,0.00394,1.02749
833,0.0,1.1,96.6,1.6,79920.0,0.0001667,0.53503,2018-01-09,17:00:00,0.00392,1.02774
834,0.0,0.9,96.1,1.7,79920.0,0.0013333,0.53503,2018-01-09,18:00:00,0.0039,1.02774
835,0.0,0.9,93.6,2.6,79890.0,0.0013333,0.53503,2018-01-09,19:00:00,0.00383,1.02698
836,0.0,0.9,88.8,5.0,79870.0,0.0013333,0.53503,2018-01-09,20:00:00,0.00363,1.02672
837,0.0,0.7,85.4,5.9,79930.0,0.0001667,0.53503,2018-01-09,21:00:00,0.00326,1.03091
838,0.0,0.7,85.6,4.7,80040.0,0.0001667,0.53503,2018-01-09,22:00:00,0.00294,1.03771
839,0.0,0.7,87.5,4.0,80080.0,0.0001667,0.53503,2018-01-09,23:00:00,0.00289,1.04016
840,0.0,-1.0,91.9,1.2,83920.0,0.0,0.07401,2018-01-10,00:00:00,0.00329,1.08318
841,0.0,-1.0,92.5,1.1,83910.0,0.0,0.07401,2018-01-10,01:00:00,0.00315,1.08586
842,0.0,-1.0,97.4,1.3,83900.0,0.0,0.07401,2018-01-10,02:00:00,0.00296,1.09182
843,0.0,-3.3,98.8,0.9,83890.0,0.0,0.07401,2018-01-10,03:00:00,0.00272,1.09702
844,0.0,-3.3,99.8,1.4,83900.0,0.0,0.07401,2018-01-10,04:00:00,0.0024,1.10419
845,0.0,-3.3,99.7,1.4,83930.0,0.0,0.07401,2018-01-10,05:00:00,0.00242,1.10417
846,0.0,-5.3,100.0,1.0,83950.0,0.0,0.07401,2018-01-10,06:00:00,0.00219,1.10988
847,6.0,-5.3,98.9,1.1,83960.0,0.0,0.07401,2018-01-10,07:00:00,0.00224,1.10833
848,42.0,-5.3,96.2,1.2,83980.0,0.0,0.56674,2018-01-10,08:00:00,0.00246,1.10192
849,82.0,-5.9,92.1,0.9,83980.0,0.0,0.70456,2018-01-10,09:00:00,0.00269,1.0949
850,113.0,-5.9,92.2,0.7,83940.0,0.0,0.6845,2018-01-10,10:00:00,0.00286,1.09112
851,292.0,-5.9,88.4,0.6,83890.0,0.0,0.25285,2018-01-10,11:00:00,0.00298,1.08601
852,95.0,-5.2,81.2,0.6,83830.0,0.0,0.74139,2018-01-10,12:00:00,0.00309,1.07882
853,122.0,-5.2,79.7,0.6,83810.0,0.0,0.61182,2018-01-10,13:00:00,0.00324,1.07499
854,64.0,-5.2,79.7,0.4,83780.0,0.0,0.64961,2018-01-10,14:00:00,0.00332,1.07342
855,8.0,-5.8,86.3,0.4,83790.0,0.0,0.38314,2018-01-10,15:00:00,0.00354,1.07433
856,0.0,-5.8,88.5,1.1,83800.0,0.0,0.35095,2018-01-10,16:00:00,0.00363,1.07446
857,0.0,-5.8,89.5,1.3,83810.0,0.0,0.35095,2018-01-10,17:00:00,0.00367,1.07459
858,0.0,-7.7,90.1,1.4,83820.0,0.0,0.35095,2018-01-10,18:00:00,0.00367,1.07511
859,0.0,-7.7,92.6,1.1,83840.0,0.0,0.35095,2018-01-10,19:00:00,0.00347,1.07974
860,0.0,-7.7,93.4,1.0,83900.0,0.0,0.35095,2018-01-10,20:00:00,0.00342,1.08172
861,0.0,-9.4,96.7,1.0,83940.0,0.0,0.35095,2018-01-10,21:00:00,0.00303,1.09071
862,0.0,-9.4,98.5,0.9,83950.0,0.0,0.35095,2018-01-10,22:00:00,0.00283,1.09533
863,0.0,-9.4,100.0,0.8,83950.0,0.0,0.35095,2018-01-10,23:00:00,0.00254,1.10194
864,0.0,-10.2,92.8,1.1,84120.0,0.0,0.05352,2018-01-11,00:00:00,0.00147,1.12927
865,0.0,-10.2,93.0,1.1,84110.0,0.0,0.05352,2018-01-11,01:00:00,0.00143,1.13088
866,0.0,-10.2,91.3,1.0,84090.0,0.0,0.05352,2018-01-11,02:00:00,0.00147,1.128
867,0.0,-11.6,89.5,1.1,84050.0,0.0,0.05352,2018-01-11,03:00:00,0.00133,1.13182
868,0.0,-11.6,91.9,0.8,84010.0,0.0,0.05352,2018-01-11,04:00:00,0.00133,1.1326
869,0.0,-11.6,91.6,0.8,83980.0,0.0,0.05352,2018-01-11,05:00:00,0.00135,1.13132
870,0.0,-12.7,92.9,0.7,83980.0,0.0,0.05352,2018-01-11,06:00:00,0.00124,1.13659
871,5.0,-12.7,90.3,0.9,83970.0,0.0,0.05352,2018-01-11,07:00:00,0.00131,1.13206
872,47.0,-12.7,90.7,0.5,83960.0,0.0,0.51516,2018-01-11,08:00:00,0.00128,1.13324
873,256.0,-9.3,91.7,0.3,83950.0,0.0,0.07765,2018-01-11,09:00:00,0.00156,1.12353
874,344.0,-9.3,83.7,0.4,83930.0,0.0,0.03954,2018-01-11,10:00:00,0.00186,1.10878
875,379.0,-9.3,84.3,0.3,83850.0,0.0,0.03023,2018-01-11,11:00:00,0.00244,1.09362
876,359.0,-2.9,79.1,0.3,83790.0,0.0,0.02272,2018-01-11,12:00:00,0.00255,1.08714
877,286.0,-2.9,68.6,0.3,83740.0,0.0,0.09,2018-01-11,13:00:00,0.00255,1.07885
878,170.0,-2.9,73.4,0.6,83720.0,0.0,0.06927,2018-01-11,14:00:00,0.00267,1.0798
879,30.0,-3.6,80.5,1.2,83700.0,0.0,0.13529,2018-01-11,15:00:00,0.00254,1.08719
880,0.0,-3.6,87.3,1.0,83700.0,0.0,0.08578,2018-01-11,16:00:00,0.00248,1.09289
881,0.0,-3.6,91.9,1.2,83720.0,0.0,0.08578,2018-01-11,17:00:00,0.00234,1.09892
882,0.0,-11.4,98.7,1.0,83740.0,0.0,0.08578,2018-01-11,18:00:00,0.0021,1.10879
883,0.0,-11.4,97.0,1.0,83740.0,0.0,0.08578,2018-01-11,19:00:00,0.00205,1.10921
884,0.0,-11.4,95.7,0.9,83730.0,0.0,0.08578,2018-01-11,20:00:00,0.00184,1.11416
885,0.0,-16.0,89.3,1.1,83720.0,0.0,0.08578,2018-01-11,21:00:00,0.00166,1.11573
886,0.0,-16.0,89.7,1.2,83710.0,0.0,0.08578,2018-01-11,22:00:00,0.00154,1.11988
887,0.0,-16.0,93.6,1.0,83690.0,0.0,0.08578,2018-01-11,23:00:00,0.00159,1.12005
888,0.0,-15.2,92.8,1.1,84120.0,0.0,0.05352,2018-01-12,00:00:00,0.00147,1.12927
889,0.0,-15.2,93.0,1.1,84110.0,0.0,0.05352,2018-01-12,01:00:00,0.00143,1.13088
890,0.0,-15.2,91.3,1.0,84090.0,0.0,0.05352,2018-01-12,02:00:00,0.00147,1.128
891,0.0,-13.2,89.5,1.1,84050.0,0.0,0.05352,2018-01-12,03:00:00,0.00133,1.13182
892,0.0,-13.2,91.9,0.8,84010.0,0.0,0.05352,2018-01-12,04:00:00,0.00133,1.1326
893,0.0,-13.2,91.6,0.8,83980.0,0.0,0.05352,2018-01-12,05:00:00,0.00135,1.13132
894,0.0,-13.6,92.9,0.7,83980.0,0.0,0.05352,2018-01-12,06:00:00,0.00124,1.13659
895,5.0,-13.6,90.3,0.9,83970.0,0.0,0.05352,2018-01-12,07:00:00,0.00131,1.13206
896,47.0,-13.6,90.7,0.5,83960.0,0.0,0.51516,2018-01-12,08:00:00,0.00128,1.13324
897,256.0,-9.6,91.7,0.3,83950.0,0.0,0.07765,2018-01-12,09:00:00,0.00156,1.12353
898,344.0,-9.6,83.7,0.4,83930.0,0.0,0.03954,2018-01-12,10:00:00,0.00186,1.10878
899,379.0,-9.6,84.3,0.3,83850.0,0.0,0.03023,2018-01-12,11:00:00,0.00244,1.09362
900,359.0,-3.6,79.1,0.3,83790.0,0.0,0.02272,2018-01-12,12:00:00,0.00255,1.08714
901,286.0,-3.6,68.6,0.3,83740.0,0.0,0.09,2018-01-12,13:00:00,0.00255,1.07885
902,170.0,-3.6,73.4,0.6,83720.0,0.0,0.06927,2018-01-12,14:00:00,0.00267,1.0798
903,30.0,-2.2,80.5,1.2,83700.0,0.0,0.13529,2018-01-12,15:00:00,0.00254,1.08719
904,0.0,-2.2,87.3,1.0,83700.0,0.0,0.08578,2018-01-12,16:00:00,0.00248,1.09289
905,0.0,-2.2,91.9,1.2,83720.0,0.0,0.08578,2018-01-12,17:00:00,0.00234,1.09892
906,0.0,-4.8,98.7,1.0,83740.0,0.0,0.08578,2018-01-12,18:00:00,0.0021,1.10879
907,0.0,-4.8,97.0,1.0,83740.0,0.0,0.08578,2018-01-12,19:00:00,0.00205,1.10921
908,0.0,-4.8,95.7,0.9,83730.0,0.0,0.08578,2018-01-12,20:00:00,0.00184,1.11416
909,0.0,-7.0,89.3,1.1,83720.0,0.0,0.08578,2018-01-12,21:00:00,0.00166,1.11573
910,0.0,-7.0,89.7,1.2,83710.0,0.0,0.08578,2018-01-12,22:00:00,0.00154,1.11988
911,0.0,-7.0,93.6,1.0,83690.0,0.0,0.08578,2018-01-12,23:00:00,0.00159,1.12005
912,0.0,-6.9,84.7,0.9,81200.0,0.0,0.07902,2018-01-13,00:00:00,0.00105,1.10455
913,0.0,-6.9,88.2,0.8,81200.0,0.0,0.07902,2018-01-13,01:00:00,0.00111,1.10368
914,0.0,-6.9,87.6,0.8,81230.0,0.0,0.07902,2018-01-13,02:00:00,0.00103,1.10755
915,0.0,-7.9,84.2,0.6,81260.0,0.0,0.07902,2018-01-13,03:00:00,0.00114,1.10063
916,0.0,-7.9,84.0,0.7,81290.0,0.0,0.07902,2018-01-13,04:00:00,0.00129,1.09466
917,0.0,-7.9,84.0,0.3,81320.0,0.0,0.07902,2018-01-13,05:00:00,0.00137,1.09211
918,0.0,-10.0,83.1,0.7,81370.0,0.0,0.07902,2018-01-13,06:00:00,0.00143,1.08984
919,6.0,-10.0,85.0,0.7,81430.0,0.0,0.07902,2018-01-13,07:00:00,0.00152,1.08855
920,44.0,-10.0,82.9,0.8,81500.0,0.0,0.54611,2018-01-13,08:00:00,0.00161,1.08532
921,122.0,-7.7,81.6,0.6,81580.0,0.0,0.56838,2018-01-13,09:00:00,0.00169,1.08307
922,198.0,-7.7,76.8,0.4,81640.0,0.0,0.496,2018-01-13,10:00:00,0.00177,1.07812
923,192.0,-7.7,73.8,0.7,81670.0,0.0,0.5433,2018-01-13,11:00:00,0.00187,1.07363
924,241.0,-2.8,70.7,0.8,81700.0,0.0,0.34937,2018-01-13,12:00:00,0.00196,1.06918
925,165.0,-2.8,66.3,0.9,81710.0,0.0,0.475,2018-01-13,13:00:00,0.00203,1.06411
926,115.0,-2.8,60.1,1.1,81760.0,0.0,0.37039,2018-01-13,14:00:00,0.00194,1.06199
927,20.0,-3.1,89.2,2.4,81850.0,0.0,0.45556,2018-01-13,15:00:00,0.00267,1.06713
928,0.0,-3.1,94.7,0.6,81910.0,0.0,0.30315,2018-01-13,16:00:00,0.00271,1.07032
929,0.0,-3.1,95.4,1.1,81970.0,0.0,0.30315,2018-01-13,17:00:00,0.00264,1.07271
930,0.0,-10.0,93.9,1.2,82010.0,0.0,0.30315,2018-01-13,18:00:00,0.0025,1.07526
931,0.0,-10.0,94.4,1.6,82090.0,0.0,0.30315,2018-01-13,19:00:00,0.00257,1.07509
932,0.0,-10.0,94.4,1.0,82160.0,0.0,0.30315,2018-01-13,20:00:00,0.00255,1.07641
933,0.0,-15.5,95.9,1.2,82210.0,0.0,0.30315,2018-01-13,21:00:00,0.00232,1.08277
934,0.0,-15.5,94.6,1.8,82260.0,0.0,0.30315,2018-01-13,22:00:00,0.00225,1.08425
935,0.0,-15.5,94.6,1.1,82290.0,0.0,0.30315,2018-01-13,23:00:00,0.00213,1.08752
936,0.0,-15.0,92.8,1.1,84120.0,0.0,0.05352,2018-01-14,00:00:00,0.00147,1.12927
937,0.0,-15.0,93.0,1.1,84110.0,0.0,0.05352,2018-01-14,01:00:00,0.00143,1.13088
938,0.0,-15.0,91.3,1.0,84090.0,0.0,0.05352,2018-01-14,02:00:00,0.00147,1.128
939,0.0,-14.5,89.5,1.1,84050.0,0.0,0.05352,2018-01-14,03:00:00,0.00133,1.13182
940,0.0,-14.5,91.9,0.8,84010.0,0.0,0.05352,2018-01-14,04:00:00,0.00133,1.1326
941,0.0,-14.5,91.6,0.8,83980.0,0.0,0.05352,2018-01-14,05:00:00,0.00135,1.13132
942,0.0,-12.5,92.9,0.7,83980.0,0.0,0.05352,2018-01-14,06:00:00,0.00124,1.13659
943,5.0,-12.5,90.3,0.9,83970.0,0.0,0.05352,2018-01-14,07:00:00,0.00131,1.13206
944,47.0,-12.5,90.7,0.5,83960.0,0.0,0.51516,2018-01-14,08:00:00,0.00128,1.13324
945,256.0,-6.4,91.7,0.3,83950.0,0.0,0.07765,2018-01-14,09:00:00,0.00156,1.12353
946,344.0,-6.4,83.7,0.4,83930.0,0.0,0.03954,2018-01-14,10:00:00,0.00186,1.10878
947,379.0,-6.4,84.3,0.3,83850.0,0.0,0.03023,2018-01-14,11:00:00,0.00244,1.09362
948,359.0,-2.0,79.1,0.3,83790.0,0.0,0.02272,2018-01-14,12:00:00,0.00255,1.08714
949,286.0,-2.0,68.6,0.3,83740.0,0.0,0.09,2018-01-14,13:00:00,0.00255,1.07885
950,170.0,-2.0,73.4,0.6,83720.0,0.0,0.06927,2018-01-14,14:00:00,0.00267,1.0798
951,30.0,-4.7,80.5,1.2,83700.0,0.0,0.13529,2018-01-14,15:00:00,0.00254,1.08719
952,0.0,-4.7,87.3,1.0,83700.0,0.0,0.08578,2018-01-14,16:00:00,0.00248,1.09289
953,0.0,-4.7,91.9,1.2,83720.0,0.0,0.08578,2018-01-14,17:00:00,0.00234,1.09892
954,0.0,-10.0,98.7,1.0,83740.0,0.0,0.08578,2018-01-14,18:00:00,0.0021,1.10879
955,0.0,-10.0,97.0,1.0,83740.0,0.0,0.08578,2018-01-14,19:00:00,0.00205,1.10921
956,0.0,-10.0,95.7,0.9,83730.0,0.0,0.08578,2018-01-14,20:00:00,0.00184,1.11416
957,0.0,-12.5,89.3,1.1,83720.0,0.0,0.08578,2018-01-14,21:00:00,0.00166,1.11573
958,0.0,-12.5,89.7,1.2,83710.0,0.0,0.08578,2018-01-14,22:00:00,0.00154,1.11988
959,0.0,-12.5,93.6,1.0,83690.0,0.0,0.08578,2018-01-14,23:00:00,0.00159,1.12005
960,0.0,-13.0,97.6,0.7,82520.0,0.0,0.13047,2018-01-15,00:00:00,0.00239,1.08603
961,0.0,-13.0,94.6,2.1,82480.0,0.0,0.13047,2018-01-15,01:00:00,0.00252,1.08101
962,0.0,-13.0,96.2,1.1,82440.0,0.0,0.13047,2018-01-15,02:00:00,0.00263,1.07927
963,0.0,-14.0,94.7,0.7,82380.0,0.0,0.13047,2018-01-15,03:00:00,0.00267,1.07687
964,0.0,-14.0,95.3,1.2,82310.0,0.0,0.13047,2018-01-15,04:00:00,0.00259,1.07797
965,0.0,-14.0,94.9,0.8,82220.0,0.0,0.13047,2018-01-15,05:00:00,0.00266,1.07518
966,0.0,-13.0,93.5,1.2,82120.0,0.0,0.13047,2018-01-15,06:00:00,0.00269,1.07266
967,0.0,-13.0,95.4,1.2,81980.0,0.0,0.13047,2018-01-15,07:00:00,0.00281,1.06963
968,34.0,-13.0,82.3,5.6,81850.0,0.0,0.35923,2018-01-15,08:00:00,0.00343,1.04985
969,38.0,-8.0,79.8,9.6,81730.0,0.0,0.86207,2018-01-15,09:00:00,0.00343,1.04677
970,104.0,-8.0,83.0,9.7,81620.0,0.0,0.72,2018-01-15,10:00:00,0.00363,1.04459
971,59.0,-8.0,83.7,9.7,81500.0,0.0,0.85723,2018-01-15,11:00:00,0.00366,1.04305
972,70.0,-5.0,89.0,9.4,81410.0,0.0,0.83549,2018-01-15,12:00:00,0.00373,1.0442
973,53.0,-5.0,83.7,6.4,81330.0,0.0,0.8541,2018-01-15,13:00:00,0.0041,1.03517
974,26.0,-5.0,85.5,7.2,81480.0,0.0,0.92614,2018-01-15,14:00:00,0.00391,1.0405
975,18.0,-11.0,77.4,10.0,81700.0,0.0,0.87124,2018-01-15,15:00:00,0.00318,1.04869
976,1.0,-11.0,73.4,7.5,81740.0,0.0,0.55248,2018-01-15,16:00:00,0.00289,1.05153
977,0.0,-11.0,60.2,7.3,81800.0,0.0,0.55248,2018-01-15,17:00:00,0.00238,1.05192
978,0.0,-11.0,74.3,1.4,81790.0,0.0,0.55248,2018-01-15,18:00:00,0.00273,1.05568
979,0.0,-11.0,81.3,2.2,81780.0,0.0,0.55248,2018-01-15,19:00:00,0.00286,1.05791
980,0.0,-11.0,87.4,1.8,81840.0,0.0,0.55248,2018-01-15,20:00:00,0.00305,1.05908
981,0.0,-14.0,80.6,3.4,81890.0,0.0,0.55248,2018-01-15,21:00:00,0.00289,1.05815
982,0.0,-14.0,63.6,3.9,81870.0,0.0,0.55248,2018-01-15,22:00:00,0.00244,1.05437
983,0.0,-14.0,85.4,2.5,81910.0,0.0,0.55248,2018-01-15,23:00:00,0.00297,1.05998
984,0.0,-12.8,71.1,5.9,82910.0,0.0004354,0.05877,2018-01-16,00:00:00,0.00254,1.07093
985,0.0,-12.8,74.5,3.0,82820.0,0.0004354,0.05877,2018-01-16,01:00:00,0.00238,1.07575
986,0.0,-12.8,81.5,1.1,82740.0,0.0004354,0.05877,2018-01-16,02:00:00,0.00238,1.07955
987,0.0,-15.0,78.3,2.3,82620.0,0.0004354,0.05877,2018-01-16,03:00:00,0.00276,1.06798
988,0.0,-15.0,77.6,2.9,82530.0,0.0004354,0.05877,2018-01-16,04:00:00,0.00298,1.06248
989,0.0,-15.0,74.5,4.3,82450.0,0.0004354,0.05877,2018-01-16,05:00:00,0.00301,1.05871
990,0.0,-13.9,75.0,3.4,82410.0,0.0004354,0.05877,2018-01-16,06:00:00,0.00301,1.05859
991,13.0,-13.9,73.9,3.1,82350.0,0.0004354,0.4904,2018-01-16,07:00:00,0.00306,1.05626
992,48.0,-13.9,72.9,4.3,82290.0,0.0004354,0.552,2018-01-16,08:00:00,0.00311,1.05394
993,51.0,-10.6,73.4,3.9,82250.0,0.0004354,0.83981,2018-01-16,09:00:00,0.00318,1.05265
994,71.0,-10.6,73.2,4.8,82170.0,0.0004354,0.81927,2018-01-16,10:00:00,0.0032,1.05124
995,214.0,-10.6,82.8,6.1,82060.0,0.0004354,0.48345,2018-01-16,11:00:00,0.00349,1.05177
996,373.0,-6.2,81.4,7.8,81950.0,0.0004354,0.0304,2018-01-16,12:00:00,0.00346,1.04997
997,285.0,-6.2,79.3,8.0,81850.0,0.0004354,0.05,2018-01-16,13:00:00,0.00338,1.04869
998,150.0,-6.2,78.8,7.8,81790.0,0.0004354,0.14535,2018-01-16,14:00:00,0.00331,1.04869
999,21.0,-4.0,74.5,4.0,81780.0,0.0004354,0.42833,2018-01-16,15:00:00,0.00311,1.04895
1000,0.0,-4.0,63.0,6.2,81840.0,0.0004354,0.22184,2018-01-16,16:00:00,0.00236,1.05516
1001,0.0,-4.0,66.9,5.9,81880.0,0.0004354,0.22184,2018-01-16,17:00:00,0.00233,1.05959
1002,0.0,-7.3,69.1,5.5,81900.0,0.0004354,0.22184,2018-01-16,18:00:00,0.00228,1.06262
1003,0.0,-7.3,62.6,5.6,81950.0,0.0004354,0.22184,2018-01-16,19:00:00,0.00194,1.06644
1004,0.0,-7.3,48.2,4.7,81920.0,0.0004354,0.22184,2018-01-16,20:00:00,0.00146,1.06725
1005,0.0,-10.6,42.1,5.6,81910.0,0.0004354,0.22184,2018-01-16,21:00:00,0.00127,1.06752
1006,0.0,-10.6,46.3,5.0,81870.0,0.0004354,0.22184,2018-01-16,22:00:00,0.00133,1.0694
1007,0.0,-10.6,45.9,5.9,81800.0,0.0004354,0.22184,2018-01-16,23:00:00,0.00129,1.06969
1008,0.0,-10.8,90.4,2.3,81900.0,0.0004167,0.15095,2018-01-17,00:00:00,0.00308,1.06104
1009,0.0,-10.8,92.3,2.7,81880.0,0.0004167,0.15095,2018-01-17,01:00:00,0.0031,1.06157
1010,0.0,-10.8,95.0,1.9,81870.0,0.0004167,0.15095,2018-01-17,02:00:00,0.00314,1.06223
1011,0.0,-12.0,96.2,1.8,81830.0,0.0004167,0.15095,2018-01-17,03:00:00,0.00318,1.06171
1012,0.0,-12.0,93.9,2.3,81820.0,0.0004167,0.15095,2018-01-17,04:00:00,0.00318,1.06039
1013,0.0,-12.0,90.2,2.9,81840.0,0.0004167,0.15095,2018-01-17,05:00:00,0.00317,1.05868
1014,0.0,-11.4,91.5,3.1,81810.0,0.0004167,0.15095,2018-01-17,06:00:00,0.00317,1.05908
1015,0.0,-11.4,92.6,3.6,81810.0,0.0004167,0.15095,2018-01-17,07:00:00,0.00318,1.05948
1016,3.0,-11.4,92.7,2.7,81790.0,0.0004167,0.15095,2018-01-17,08:00:00,0.00326,1.05804
1017,23.0,-9.6,92.8,2.3,81810.0,0.0004167,0.91652,2018-01-17,09:00:00,0.00329,1.0579
1018,34.0,-9.6,94.3,1.6,81830.0,0.0004167,0.90846,2018-01-17,10:00:00,0.00344,1.05659
1019,54.0,-9.6,94.3,1.1,81800.0,0.0004167,0.86933,2018-01-17,11:00:00,0.00357,1.05425
1020,52.0,-7.2,95.3,0.4,81750.0,0.0004167,0.87779,2018-01-17,12:00:00,0.0037,1.05244
1021,65.0,-7.2,96.6,0.4,81710.0,0.0004167,0.82107,2018-01-17,13:00:00,0.00392,1.0496
1022,45.0,-7.2,95.9,0.6,81710.0,0.0004167,0.87217,2018-01-17,14:00:00,0.00438,1.04344
1023,43.0,-6.0,95.9,0.9,81710.0,0.0004167,0.69241,2018-01-17,15:00:00,0.00467,1.04001
1024,11.0,-6.0,95.9,0.7,81720.0,0.0004167,0.70865,2018-01-17,16:00:00,0.00464,1.04052
1025,0.0,-6.0,97.0,1.0,81730.0,0.0004167,0.57106,2018-01-17,17:00:00,0.00463,1.04141
1026,0.0,-7.8,96.7,1.1,81720.0,0.0004167,0.57106,2018-01-17,18:00:00,0.00465,1.0409
1027,0.0,-7.8,96.2,1.3,81690.0,0.0004167,0.57106,2018-01-17,19:00:00,0.00462,1.04051
1028,0.0,-7.8,94.9,1.5,81670.0,0.0004167,0.57106,2018-01-17,20:00:00,0.00466,1.03912
1029,0.0,-9.6,91.6,2.3,81660.0,0.0004167,0.57106,2018-01-17,21:00:00,0.00473,1.03634
1030,0.0,-9.6,92.2,2.1,81720.0,0.0004167,0.57106,2018-01-17,22:00:00,0.00469,1.03786
1031,0.0,-9.6,92.8,2.2,81750.0,0.0004167,0.57106,2018-01-17,23:00:00,0.00469,1.03862
1032,0.0,-10.6,60.6,2.5,81850.0,0.0002917,0.09984,2018-01-18,00:00:00,0.0019,1.06474
1033,0.0,-10.6,73.2,3.0,81780.0,0.0002917,0.09984,2018-01-18,01:00:00,0.00223,1.06542
1034,0.0,-10.6,77.2,2.2,81700.0,0.0002917,0.09984,2018-01-18,02:00:00,0.00232,1.06518
1035,0.0,-12.0,75.8,4.5,81630.0,0.0002917,0.09984,2018-01-18,03:00:00,0.00227,1.06427
1036,0.0,-12.0,84.8,2.0,81610.0,0.0002917,0.09984,2018-01-18,04:00:00,0.00234,1.0684
1037,0.0,-12.0,80.7,5.6,81570.0,0.0002917,0.09984,2018-01-18,05:00:00,0.0026,1.05991
1038,0.0,-11.3,78.5,6.9,81560.0,0.0002917,0.09984,2018-01-18,06:00:00,0.00266,1.05702
1039,4.0,-11.3,80.4,7.4,81580.0,0.0002917,0.09984,2018-01-18,07:00:00,0.00271,1.05768
1040,42.0,-11.3,82.0,6.8,81580.0,0.0002917,0.5269,2018-01-18,08:00:00,0.00276,1.05768
1041,212.0,-9.2,78.6,8.4,81560.0,0.0002917,0.24996,2018-01-18,09:00:00,0.00283,1.05389
1042,377.0,-9.2,66.0,7.5,81500.0,0.0002917,0.04036,2018-01-18,10:00:00,0.00276,1.04536
1043,412.0,-9.2,65.6,7.1,81440.0,0.0002917,0.02,2018-01-18,11:00:00,0.003,1.03999
1044,295.0,-6.4,63.4,8.9,81400.0,0.0002917,0.22493,2018-01-18,12:00:00,0.00292,1.0391
1045,267.0,-6.4,67.8,7.3,81390.0,0.0002917,0.15045,2018-01-18,13:00:00,0.00295,1.04203
1046,106.0,-6.4,60.0,6.5,81330.0,0.0002917,0.41966,2018-01-18,14:00:00,0.0027,1.03935
1047,15.0,-5.0,61.5,7.0,81290.0,0.0002917,0.59167,2018-01-18,15:00:00,0.00273,1.0396
1048,0.0,-5.0,62.7,6.9,81270.0,0.0002917,0.22044,2018-01-18,16:00:00,0.00273,1.04049
1049,0.0,-5.0,67.1,5.8,81250.0,0.0002917,0.22044,2018-01-18,17:00:00,0.00271,1.04407
1050,0.0,-7.1,65.4,5.2,81180.0,0.0002917,0.22044,2018-01-18,18:00:00,0.0027,1.04202
1051,0.0,-7.1,68.8,6.4,81150.0,0.0002917,0.22044,2018-01-18,19:00:00,0.00293,1.0401
1052,0.0,-7.1,74.7,5.0,81070.0,0.0002917,0.22044,2018-01-18,20:00:00,0.00312,1.04022
1053,0.0,-9.2,70.4,5.3,81020.0,0.0002917,0.22044,2018-01-18,21:00:00,0.00298,1.03882
1054,0.0,-9.2,73.4,7.4,80980.0,0.0002917,0.22044,2018-01-18,22:00:00,0.00304,1.03945
1055,0.0,-9.2,73.4,7.9,80950.0,0.0002917,0.22044,2018-01-18,23:00:00,0.00309,1.0383
1056,0.0,-9.0,81.8,3.5,80840.0,0.0002375,0.07194,2018-01-19,00:00:00,0.00328,1.03957
1057,0.0,-9.0,81.3,3.6,80860.0,0.0002375,0.07194,2018-01-19,01:00:00,0.00333,1.03868
1058,0.0,-9.0,81.6,2.8,80830.0,0.0002375,0.07194,2018-01-19,02:00:00,0.00355,1.03524
1059,0.0,-10.0,86.4,3.5,80800.0,0.0002375,0.07194,2018-01-19,03:00:00,0.00381,1.03409
1060,0.0,-10.0,91.9,1.7,80740.0,0.0002375,0.07194,2018-01-19,04:00:00,0.00394,1.03485
1061,0.0,-10.0,93.8,2.1,80690.0,0.0002375,0.07194,2018-01-19,05:00:00,0.00406,1.03383
1062,0.0,-9.5,93.7,2.7,80630.0,0.0002375,0.07194,2018-01-19,06:00:00,0.0044,1.02889
1063,1.0,-9.5,89.5,5.1,80580.0,0.0002375,0.07194,2018-01-19,07:00:00,0.00459,1.02376
1064,20.0,-9.5,88.4,4.1,80580.0,0.0002375,0.78696,2018-01-19,08:00:00,0.00466,1.02226
1065,29.0,-8.0,87.8,7.1,80580.0,0.0002375,0.90098,2018-01-19,09:00:00,0.00473,1.02115
1066,58.0,-8.0,85.7,9.8,80540.0,0.0002375,0.85236,2018-01-19,10:00:00,0.00472,1.01953
1067,57.0,-8.0,86.9,10.4,80540.0,0.0002375,0.86442,2018-01-19,11:00:00,0.00468,1.02064
1068,38.0,-6.0,87.7,10.3,80570.0,0.0002375,0.90016,2018-01-19,12:00:00,0.00466,1.02177
1069,25.0,-6.0,86.5,9.5,80550.0,0.0002375,0.91434,2018-01-19,13:00:00,0.00463,1.02114
1070,9.0,-6.0,85.0,10.7,80530.0,0.0002375,0.44509,2018-01-19,14:00:00,0.00455,1.02089
1071,0.0,-5.0,88.4,9.2,80540.0,0.0002375,0.48663,2018-01-19,15:00:00,0.00466,1.02176
1072,0.0,-5.0,87.3,8.4,80520.0,0.0002375,0.44385,2018-01-19,16:00:00,0.00461,1.0215
1073,0.0,-5.0,88.9,6.5,80500.0,0.0002375,0.44385,2018-01-19,17:00:00,0.00463,1.02199
1074,0.0,-6.5,90.9,3.3,80510.0,0.0002375,0.44385,2018-01-19,18:00:00,0.00466,1.02287
1075,0.0,-6.5,92.1,2.8,80460.0,0.0002375,0.44385,2018-01-19,19:00:00,0.00469,1.0226
1076,0.0,-6.5,87.5,5.7,80420.0,0.0002375,0.44385,2018-01-19,20:00:00,0.00476,1.01875
1077,0.0,-8.0,89.6,5.7,80430.0,0.0002375,0.44385,2018-01-19,21:00:00,0.0048,1.01962
1078,0.0,-8.0,88.9,4.5,80470.0,0.0002375,0.44385,2018-01-19,22:00:00,0.0048,1.01976
1079,0.0,-8.0,90.3,4.3,80500.0,0.0002375,0.44385,2018-01-19,23:00:00,0.00487,1.02014
1080,0.0,-10.6,60.6,2.5,81850.0,0.0001875,0.09984,2018-01-20,00:00:00,0.0019,1.06474
1081,0.0,-10.6,73.2,3.0,81780.0,0.0001875,0.09984,2018-01-20,01:00:00,0.00223,1.06542
1082,0.0,-10.6,77.2,2.2,81700.0,0.0001875,0.09984,2018-01-20,02:00:00,0.00232,1.06518
1083,0.0,-12.0,75.8,4.5,81630.0,0.0001875,0.09984,2018-01-20,03:00:00,0.00227,1.06427
1084,0.0,-12.0,84.8,2.0,81610.0,0.0001875,0.09984,2018-01-20,04:00:00,0.00234,1.0684
1085,0.0,-12.0,80.7,5.6,81570.0,0.0001875,0.09984,2018-01-20,05:00:00,0.0026,1.05991
1086,0.0,-11.3,78.5,6.9,81560.0,0.0001875,0.09984,2018-01-20,06:00:00,0.00266,1.05702
1087,4.0,-11.3,80.4,7.4,81580.0,0.0001875,0.09984,2018-01-20,07:00:00,0.00271,1.05768
1088,42.0,-11.3,82.0,6.8,81580.0,0.0001875,0.5269,2018-01-20,08:00:00,0.00276,1.05768
1089,212.0,-9.2,78.6,8.4,81560.0,0.0001875,0.24996,2018-01-20,09:00:00,0.00283,1.05389
1090,377.0,-9.2,66.0,7.5,81500.0,0.0001875,0.04036,2018-01-20,10:00:00,0.00276,1.04536
1091,412.0,-9.2,65.6,7.1,81440.0,0.0001875,0.02,2018-01-20,11:00:00,0.003,1.03999
1092,295.0,-6.4,63.4,8.9,81400.0,0.0001875,0.22493,2018-01-20,12:00:00,0.00292,1.0391
1093,267.0,-6.4,67.8,7.3,81390.0,0.0001875,0.15045,2018-01-20,13:00:00,0.00295,1.04203
1094,106.0,-6.4,60.0,6.5,81330.0,0.0001875,0.41966,2018-01-20,14:00:00,0.0027,1.03935
1095,15.0,-5.0,61.5,7.0,81290.0,0.0001875,0.59167,2018-01-20,15:00:00,0.00273,1.0396
1096,0.0,-5.0,62.7,6.9,81270.0,0.0001875,0.22044,2018-01-20,16:00:00,0.00273,1.04049
1097,0.0,-5.0,67.1,5.8,81250.0,0.0001875,0.22044,2018-01-20,17:00:00,0.00271,1.04407
1098,0.0,-7.1,65.4,5.2,81180.0,0.0001875,0.22044,2018-01-20,18:00:00,0.0027,1.04202
1099,0.0,-7.1,68.8,6.4,81150.0,0.0001875,0.22044,2018-01-20,19:00:00,0.00293,1.0401
1100,0.0,-7.1,74.7,5.0,81070.0,0.0001875,0.22044,2018-01-20,20:00:00,0.00312,1.04022
1101,0.0,-9.2,70.4,5.3,81020.0,0.0001875,0.22044,2018-01-20,21:00:00,0.00298,1.03882
1102,0.0,-9.2,73.4,7.4,80980.0,0.0001875,0.22044,2018-01-20,22:00:00,0.00304,1.03945
1103,0.0,-9.2,73.4,7.9,80950.0,0.0001875,0.22044,2018-01-20,23:00:00,0.00309,1.0383
1104,0.0,-10.6,60.6,2.5,81850.0,0.000125,0.09984,2018-01-21,00:00:00,0.0019,1.06474
1105,0.0,-10.6,73.2,3.0,81780.0,0.000125,0.09984,2018-01-21,01:00:00,0.00223,1.06542
1106,0.0,-10.6,77.2,2.2,81700.0,0.000125,0.09984,2018-01-21,02:00:00,0.00232,1.06518
1107,0.0,-12.0,75.8,4.5,81630.0,0.000125,0.09984,2018-01-21,03:00:00,0.00227,1.06427
1108,0.0,-12.0,84.8,2.0,81610.0,0.000125,0.09984,2018-01-21,04:00:00,0.00234,1.0684
1109,0.0,-12.0,80.7,5.6,81570.0,0.000125,0.09984,2018-01-21,05:00:00,0.0026,1.05991
1110,0.0,-11.3,78.5,6.9,81560.0,0.000125,0.09984,2018-01-21,06:00:00,0.00266,1.05702
1111,4.0,-11.3,80.4,7.4,81580.0,0.000125,0.09984,2018-01-21,07:00:00,0.00271,1.05768
1112,42.0,-11.3,82.0,6.8,81580.0,0.000125,0.5269,2018-01-21,08:00:00,0.00276,1.05768
1113,212.0,-9.2,78.6,8.4,81560.0,0.000125,0.24996,2018-01-21,09:00:00,0.00283,1.05389
1114,377.0,-9.2,66.0,7.5,81500.0,0.000125,0.04036,2018-01-21,10:00:00,0.00276,1.04536
1115,412.0,-9.2,65.6,7.1,81440.0,0.000125,0.02,2018-01-21,11:00:00,0.003,1.03999
1116,295.0,-6.4,63.4,8.9,81400.0,0.000125,0.22493,2018-01-21,12:00:00,0.00292,1.0391
1117,267.0,-6.4,67.8,7.3,81390.0,0.000125,0.15045,2018-01-21,13:00:00,0.00295,1.04203
1118,106.0,-6.4,60.0,6.5,81330.0,0.000125,0.41966,2018-01-21,14:00:00,0.0027,1.03935
1119,15.0,-5.0,61.5,7.0,81290.0,0.000125,0.59167,2018-01-21,15:00:00,0.00273,1.0396
1120,0.0,-5.0,62.7,6.9,81270.0,0.000125,0.22044,2018-01-21,16:00:00,0.00273,1.04049
1121,0.0,-5.0,67.1,5.8,81250.0,0.000125,0.22044,2018-01-21,17:00:00,0.00271,1.04407
1122,0.0,-7.1,65.4,5.2,81180.0,0.000125,0.22044,2018-01-21,18:00:00,0.0027,1.04202
1123,0.0,-7.1,68.8,6.4,81150.0,0.000125,0.22044,2018-01-21,19:00:00,0.00293,1.0401
1124,0.0,-7.1,74.7,5.0,81070.0,0.000125,0.22044,2018-01-21,20:00:00,0.00312,1.04022
1125,0.0,-9.2,70.4,5.3,81020.0,0.000125,0.22044,2018-01-21,21:00:00,0.00298,1.03882
1126,0.0,-9.2,73.4,7.4,80980.0,0.000125,0.22044,2018-01-21,22:00:00,0.00304,1.03945
1127,0.0,-9.2,73.4,7.9,80950.0,0.000125,0.22044,2018-01-21,23:00:00,0.00309,1.0383
1128,0.0,-11.4,80.0,2.4,81830.0,0.0001562,0.21482,2018-01-22,00:00:00,0.0021,1.0737
1129,0.0,-11.4,68.4,4.3,81860.0,0.0001562,0.21482,2018-01-22,01:00:00,0.00238,1.05934
1130,0.0,-11.4,71.3,5.7,81910.0,0.0001562,0.21482,2018-01-22,02:00:00,0.0026,1.05763
1131,0.0,-13.0,91.8,3.1,81940.0,0.0001562,0.21482,2018-01-22,03:00:00,0.00292,1.06512
1132,0.0,-13.0,89.3,3.2,81990.0,0.0001562,0.21482,2018-01-22,04:00:00,0.00295,1.06378
1133,0.0,-13.0,93.3,2.3,82020.0,0.0001562,0.21482,2018-01-22,05:00:00,0.00268,1.07136
1134,0.0,-12.2,85.3,2.0,82080.0,0.0001562,0.21482,2018-01-22,06:00:00,0.00257,1.06973
1135,0.0,-12.2,72.0,3.5,82120.0,0.0001562,0.21482,2018-01-22,07:00:00,0.00235,1.06587
1136,18.0,-12.2,82.1,2.5,82200.0,0.0001562,0.59909,2018-01-22,08:00:00,0.00264,1.0677
1137,112.0,-9.8,83.3,1.3,82270.0,0.0001562,0.59348,2018-01-22,09:00:00,0.00264,1.06941
1138,134.0,-9.8,82.8,2.0,82340.0,0.0001562,0.63923,2018-01-22,10:00:00,0.00274,1.06793
1139,271.0,-9.8,86.8,1.0,82420.0,0.0001562,0.34425,2018-01-22,11:00:00,0.00289,1.06857
1140,250.0,-6.6,71.5,1.9,82410.0,0.0001562,0.41247,2018-01-22,12:00:00,0.00255,1.06487
1141,187.0,-6.6,64.4,2.6,82420.0,0.0001562,0.48522,2018-01-22,13:00:00,0.00229,1.065
1142,240.0,-6.6,52.7,5.2,82440.0,0.0001562,0.31826,2018-01-22,14:00:00,0.00198,1.0625
1143,131.0,-5.0,45.2,5.6,82470.0,0.0001562,0.06292,2018-01-22,15:00:00,0.00167,1.06367
1144,15.0,-5.0,48.4,4.9,82520.0,0.0001562,0.6027,2018-01-22,16:00:00,0.00164,1.06867
1145,0.0,-5.0,65.0,1.3,82560.0,0.0001562,0.40335,2018-01-22,17:00:00,0.0017,1.08288
1146,0.0,-7.4,77.4,1.1,82570.0,0.0001562,0.40335,2018-01-22,18:00:00,0.00171,1.09205
1147,0.0,-7.4,78.8,1.3,82610.0,0.0001562,0.40335,2018-01-22,19:00:00,0.00158,1.09758
1148,0.0,-7.4,75.1,1.4,82660.0,0.0001562,0.40335,2018-01-22,20:00:00,0.00168,1.09241
1149,0.0,-9.8,75.6,0.6,82630.0,0.0001562,0.40335,2018-01-22,21:00:00,0.00178,1.08954
1150,0.0,-9.8,80.2,0.8,82590.0,0.0001562,0.40335,2018-01-22,22:00:00,0.00195,1.08736
1151,0.0,-9.8,94.7,0.7,82560.0,0.0001562,0.40335,2018-01-22,23:00:00,0.0023,1.08697
