,When,Rad,Tair,RH,Wind,Pressure,Prec,Cl,ew,rho_air,huma,DoY
0,2017-12-06 00:00:00,0.0,-11.054,86.3,0.6,84070.0,0.0,0.05767,227.6563,1.11741,0.00169,340
1,2017-12-06 01:00:00,0.0,-11.754,88.4,1.0,84070.0,0.0,0.05767,220.52136,1.1204,0.00164,340
2,2017-12-06 02:00:00,0.0,-11.654,88.9,0.7,84060.0,0.0,0.05767,223.55087,1.11984,0.00166,340
3,2017-12-06 03:00:00,0.0,-12.654,89.4,0.8,84030.0,0.0,0.05767,207.45042,1.12373,0.00154,340
4,2017-12-06 04:00:00,0.0,-12.554,89.8,0.7,84010.0,0.0,0.05767,210.06638,1.12304,0.00156,340
5,2017-12-06 05:00:00,0.0,-13.254,89.0,0.7,84000.0,0.0,0.05767,196.73532,1.12593,0.00146,340
6,2017-12-06 06:00:00,0.0,-13.054,88.4,0.9,84000.0,0.0,0.05767,198.60262,1.12506,0.00147,340
7,2017-12-06 07:00:00,9.0,-12.954,86.7,0.8,84000.0,0.0,0.05767,196.3665,1.12463,0.00146,340
8,2017-12-06 08:00:00,83.0,-12.554,89.5,0.5,84010.0,0.0,0.33328,209.3646,1.12304,0.00155,340
9,2017-12-06 09:00:00,282.0,-10.854,90.7,0.3,84000.0,0.0,0.20586,243.09929,1.11562,0.00181,340
10,2017-12-06 10:00:00,363.0,-8.054,82.6,0.3,83980.0,0.0,0.07359,275.82104,1.10358,0.00205,340
11,2017-12-06 11:00:00,393.0,-5.454,81.0,0.3,83920.0,0.0,0.06292,330.19389,1.09208,0.00246,340
12,2017-12-06 12:00:00,365.0,-3.854,70.6,0.4,83860.0,0.0,0.06115,324.68886,1.08481,0.00242,340
13,2017-12-06 13:00:00,284.0,-1.754,57.7,0.2,83810.0,0.0,0.06916,310.12111,1.07578,0.00231,340
14,2017-12-06 14:00:00,162.0,-1.254,53.2,0.2,83780.0,0.0,0.07698,296.62733,1.07342,0.00221,340
15,2017-12-06 15:00:00,23.0,-3.054,61.0,0.5,83800.0,0.0,0.37389,297.79676,1.08083,0.00222,340
16,2017-12-06 16:00:00,0.0,-6.854,72.1,0.8,83800.0,0.0,0.11748,264.12273,1.09625,0.00197,340
17,2017-12-06 17:00:00,0.0,-7.054,73.4,0.9,83810.0,0.0,0.11748,264.78363,1.09721,0.00197,340
18,2017-12-06 18:00:00,0.0,-9.254,73.1,1.3,83810.0,0.0,0.11748,222.29446,1.10635,0.00165,340
19,2017-12-06 19:00:00,0.0,-10.054,73.3,1.2,83810.0,0.0,0.11748,209.31095,1.10972,0.00156,340
20,2017-12-06 20:00:00,0.0,-10.454,74.0,1.2,83800.0,0.0,0.11748,204.73287,1.11127,0.00152,340
21,2017-12-06 21:00:00,0.0,-11.854,77.6,1.4,83780.0,0.0,0.11748,192.03523,1.11696,0.00143,340
22,2017-12-06 22:00:00,0.0,-12.054,76.1,0.9,83780.0,0.0,0.11748,185.32602,1.11782,0.00138,340
23,2017-12-06 23:00:00,0.0,-12.054,75.8,1.1,83740.0,0.0,0.11748,184.59543,1.11728,0.00137,340
24,2017-12-07 00:00:00,0.0,-12.954,79.2,1.4,83700.0,0.0,0.05988,179.37978,1.12061,0.00134,341
25,2017-12-07 01:00:00,0.0,-12.554,79.2,0.9,83680.0,0.0,0.05988,185.27012,1.11862,0.00138,341
26,2017-12-07 02:00:00,0.0,-12.954,80.0,1.6,83660.0,0.0,0.05988,181.1917,1.12008,0.00135,341
27,2017-12-07 03:00:00,0.0,-13.754,81.8,0.8,83620.0,0.0,0.05988,173.61648,1.12299,0.00129,341
28,2017-12-07 04:00:00,0.0,-13.754,82.1,0.9,83590.0,0.0,0.05988,174.25321,1.12259,0.0013,341
29,2017-12-07 05:00:00,0.0,-13.654,81.3,1.0,83590.0,0.0,0.05988,173.96636,1.12216,0.0013,341
30,2017-12-07 06:00:00,0.0,-13.754,82.9,0.9,83580.0,0.0,0.05988,175.95117,1.12246,0.00131,341
31,2017-12-07 07:00:00,8.0,-13.854,81.9,1.0,83580.0,0.0,0.05988,172.41751,1.12289,0.00129,341
32,2017-12-07 08:00:00,80.0,-13.454,83.3,0.5,83570.0,0.0,0.35738,181.16933,1.12103,0.00135,341
33,2017-12-07 09:00:00,281.0,-10.454,76.6,0.3,83550.0,0.0,0.20868,211.92618,1.10796,0.00158,341
34,2017-12-07 10:00:00,362.0,-7.954,69.7,0.4,83500.0,0.0,0.07615,234.55665,1.09686,0.00175,341
35,2017-12-07 11:00:00,390.0,-4.254,57.0,0.5,83400.0,0.0,0.07007,254.39507,1.08047,0.0019,341
36,2017-12-07 12:00:00,361.0,-0.054,43.7,3.7,83320.0,0.0,0.07144,265.93709,1.06283,0.00199,341
37,2017-12-07 13:00:00,278.0,0.746,45.2,7.0,83260.0,0.0,0.08883,291.44731,1.05896,0.00218,341
38,2017-12-07 14:00:00,158.0,0.046,49.9,6.3,83250.0,0.0,0.09977,305.87754,1.06155,0.00229,341
39,2017-12-07 15:00:00,22.0,-1.954,59.0,4.0,83240.0,0.0,0.40111,312.47221,1.06925,0.00234,341
40,2017-12-07 16:00:00,0.0,-2.954,66.8,4.1,83240.0,0.0,0.12716,328.54538,1.07321,0.00246,341
41,2017-12-07 17:00:00,0.0,-3.754,73.9,4.3,83220.0,0.0,0.12716,342.41875,1.07614,0.00257,341
42,2017-12-07 18:00:00,0.0,-4.054,80.3,3.9,83220.0,0.0,0.12716,363.8055,1.07734,0.00273,341
43,2017-12-07 19:00:00,0.0,-4.054,81.0,3.7,83190.0,0.0,0.12716,366.9769,1.07695,0.00276,341
44,2017-12-07 20:00:00,0.0,-4.754,80.2,3.6,83160.0,0.0,0.12716,344.71534,1.07937,0.00259,341
45,2017-12-07 21:00:00,0.0,-6.854,76.0,4.6,83130.0,0.0,0.12716,278.40954,1.08749,0.00209,341
46,2017-12-07 22:00:00,0.0,-5.554,76.0,4.9,83060.0,0.0,0.12716,307.46841,1.08129,0.00231,341
47,2017-12-07 23:00:00,0.0,-4.154,75.2,5.2,82990.0,0.0,0.12716,338.15279,1.07476,0.00254,341
48,2017-12-08 00:00:00,0.0,-3.454,71.1,5.9,82910.0,0.0,0.05877,336.91291,1.07093,0.00254,342
49,2017-12-08 01:00:00,0.0,-4.954,74.5,3.0,82820.0,0.0,0.05877,315.41638,1.07575,0.00238,342
50,2017-12-08 02:00:00,0.0,-6.154,81.5,1.1,82740.0,0.0,0.05877,314.99485,1.07955,0.00238,342
51,2017-12-08 03:00:00,0.0,-3.654,78.3,2.3,82620.0,0.0,0.05877,365.52961,1.06798,0.00276,342
52,2017-12-08 04:00:00,0.0,-2.554,77.6,2.9,82530.0,0.0,0.05877,393.15961,1.06248,0.00298,342
53,2017-12-08 05:00:00,0.0,-1.854,74.5,4.3,82450.0,0.0,0.05877,397.47979,1.05871,0.00301,342
54,2017-12-08 06:00:00,0.0,-1.954,75.0,3.4,82410.0,0.0,0.05877,397.21044,1.05859,0.00301,342
55,2017-12-08 07:00:00,13.0,-1.554,73.9,3.1,82350.0,0.0,0.4904,403.07465,1.05626,0.00306,342
56,2017-12-08 08:00:00,48.0,-1.154,72.9,4.3,82290.0,0.0,0.552,409.45668,1.05394,0.00311,342
57,2017-12-08 09:00:00,51.0,-0.954,73.4,3.9,82250.0,0.0,0.83981,418.34097,1.05265,0.00318,342
58,2017-12-08 10:00:00,71.0,-0.854,73.2,4.8,82170.0,0.0,0.81927,420.26037,1.05124,0.0032,342
59,2017-12-08 11:00:00,214.0,-1.354,82.8,6.1,82060.0,0.0,0.48345,458.2963,1.05177,0.00349,342
60,2017-12-08 12:00:00,373.0,-1.254,81.4,7.8,81950.0,0.0,0.0304,453.86212,1.04997,0.00346,342
61,2017-12-08 13:00:00,285.0,-1.254,79.3,8.0,81850.0,0.0,0.05,442.15315,1.04869,0.00338,342
62,2017-12-08 14:00:00,150.0,-1.454,78.8,7.8,81790.0,0.0,0.14535,432.96826,1.04869,0.00331,342
63,2017-12-08 15:00:00,21.0,-1.554,74.5,4.0,81780.0,0.0,0.42833,406.34724,1.04895,0.00311,342
64,2017-12-08 16:00:00,0.0,-2.954,63.0,6.2,81840.0,0.0,0.22184,309.85568,1.05516,0.00236,342
65,2017-12-08 17:00:00,0.0,-3.954,66.9,5.9,81880.0,0.0,0.22184,305.37655,1.05959,0.00233,342
66,2017-12-08 18:00:00,0.0,-4.654,69.1,5.5,81900.0,0.0,0.22184,299.25353,1.06262,0.00228,342
67,2017-12-08 19:00:00,0.0,-5.454,62.6,5.6,81950.0,0.0,0.22184,255.18688,1.06644,0.00194,342
68,2017-12-08 20:00:00,0.0,-5.754,48.2,4.7,81920.0,0.0,0.22184,192.05756,1.06725,0.00146,342
69,2017-12-08 21:00:00,0.0,-5.854,42.1,5.6,81910.0,0.0,0.22184,166.4796,1.06752,0.00127,342
70,2017-12-08 22:00:00,0.0,-6.454,46.3,5.0,81870.0,0.0,0.22184,174.89144,1.0694,0.00133,342
71,2017-12-08 23:00:00,0.0,-6.754,45.9,5.9,81800.0,0.0,0.22184,169.44029,1.06969,0.00129,342
72,2017-12-09 00:00:00,0.0,-7.054,44.7,4.0,81710.0,0.0,0.08301,161.25106,1.06971,0.00123,343
73,2017-12-09 01:00:00,0.0,-7.454,55.5,3.4,81720.0,0.0,0.08301,194.13469,1.07145,0.00148,343
74,2017-12-09 02:00:00,0.0,-7.754,49.2,5.7,81760.0,0.0,0.08301,168.15381,1.07319,0.00128,343
75,2017-12-09 03:00:00,0.0,-8.854,58.2,1.6,81750.0,0.0,0.08301,182.61056,1.07753,0.00139,343
76,2017-12-09 04:00:00,0.0,-8.754,52.2,1.9,81760.0,0.0,0.08301,165.06844,1.07725,0.00126,343
77,2017-12-09 05:00:00,0.0,-9.554,66.6,1.7,81810.0,0.0,0.08301,197.8159,1.08118,0.00151,343
78,2017-12-09 06:00:00,0.0,-9.954,66.3,1.5,81870.0,0.0,0.08301,190.82144,1.08362,0.00145,343
79,2017-12-09 07:00:00,9.0,-9.954,52.7,3.7,81930.0,0.0,0.08301,151.67858,1.08441,0.00115,343
80,2017-12-09 08:00:00,44.0,-10.554,65.9,2.6,82000.0,0.0,0.5313,180.88429,1.08782,0.00138,343
81,2017-12-09 09:00:00,136.0,-10.654,73.2,1.6,82060.0,0.0,0.54973,199.33481,1.08903,0.00151,343
82,2017-12-09 10:00:00,265.0,-9.654,50.4,1.7,82070.0,0.0,0.32545,148.52637,1.08503,0.00113,343
83,2017-12-09 11:00:00,313.0,-9.154,37.1,2.3,82090.0,0.0,0.24448,113.70706,1.08324,0.00086,343
84,2017-12-09 12:00:00,307.0,-8.754,38.3,2.3,82090.0,0.0,0.20196,121.11344,1.0816,0.00092,343
85,2017-12-09 13:00:00,142.0,-9.054,40.4,2.9,82120.0,0.0,0.52667,124.79416,1.08322,0.00095,343
86,2017-12-09 14:00:00,121.0,-9.354,42.9,1.7,82130.0,0.0,0.31058,129.43847,1.08459,0.00098,343
87,2017-12-09 15:00:00,17.0,-10.554,48.1,1.1,82180.0,0.0,0.53722,132.02632,1.09021,0.001,343
88,2017-12-09 16:00:00,0.0,-12.254,56.0,0.7,82210.0,0.0,0.26187,134.20239,1.09771,0.00102,343
89,2017-12-09 17:00:00,0.0,-13.654,58.2,1.0,82240.0,0.0,0.26187,124.5368,1.10403,0.00094,343
90,2017-12-09 18:00:00,0.0,-15.354,63.7,0.8,82250.0,0.0,0.26187,118.56623,1.11145,0.0009,343
91,2017-12-09 19:00:00,0.0,-16.654,67.9,1.1,82260.0,0.0,0.26187,113.4416,1.11722,0.00086,343
92,2017-12-09 20:00:00,0.0,-17.854,71.3,1.3,82220.0,0.0,0.26187,107.69646,1.12192,0.00082,343
93,2017-12-09 21:00:00,0.0,-18.554,73.5,1.1,82220.0,0.0,0.26187,104.62573,1.12501,0.00079,343
94,2017-12-09 22:00:00,0.0,-18.754,73.5,1.1,82190.0,0.0,0.26187,102.86053,1.12548,0.00078,343
95,2017-12-09 23:00:00,0.0,-18.754,73.3,0.9,82160.0,0.0,0.26187,102.58064,1.12507,0.00078,343
96,2017-12-10 00:00:00,0.0,-19.154,74.7,1.0,82100.0,0.0,0.07631,101.03292,1.12602,0.00077,344
97,2017-12-10 01:00:00,0.0,-18.154,71.7,1.4,82050.0,0.0,0.07631,105.58698,1.12092,0.0008,344
98,2017-12-10 02:00:00,0.0,-16.354,67.3,1.3,81980.0,0.0,0.07631,115.29032,1.11212,0.00088,344
99,2017-12-10 03:00:00,0.0,-16.054,69.7,0.6,81890.0,0.0,0.07631,122.42132,1.1096,0.00093,344
100,2017-12-10 04:00:00,0.0,-15.854,71.3,0.7,81800.0,0.0,0.07631,127.32945,1.10752,0.00097,344
101,2017-12-10 05:00:00,0.0,-14.254,67.2,1.5,81740.0,0.0,0.07631,136.92257,1.09987,0.00104,344
102,2017-12-10 06:00:00,0.0,-9.054,34.4,4.8,81700.0,0.0,0.07631,106.26037,1.07768,0.00081,344
103,2017-12-10 07:00:00,7.0,-8.354,40.3,7.6,81700.0,0.0,0.07631,131.47172,1.07483,0.001,344
104,2017-12-10 08:00:00,55.0,-8.354,52.7,7.5,81670.0,0.0,0.41413,171.92455,1.07444,0.00131,344
105,2017-12-10 09:00:00,84.0,-8.054,65.2,5.4,81630.0,0.0,0.71317,217.71831,1.0727,0.00166,344
106,2017-12-10 10:00:00,106.0,-7.654,63.9,5.4,81540.0,0.0,0.73018,220.0906,1.0699,0.00168,344
107,2017-12-10 11:00:00,111.0,-6.854,64.3,5.9,81420.0,0.0,0.73597,235.54912,1.06512,0.0018,344
108,2017-12-10 12:00:00,63.0,-6.554,71.2,4.9,81330.0,0.0,0.83448,266.89628,1.06274,0.00205,344
109,2017-12-10 13:00:00,42.0,-6.254,81.1,4.2,81230.0,0.0,0.85608,311.06423,1.06024,0.00239,344
110,2017-12-10 14:00:00,25.0,-6.354,88.1,2.1,81140.0,0.0002,0.85152,335.34027,1.05946,0.00258,344
111,2017-12-10 15:00:00,4.0,-5.554,86.1,2.5,81080.0,0.0002,0.48458,348.32934,1.05552,0.00268,344
112,2017-12-10 16:00:00,0.0,-4.854,84.5,4.1,81060.0,0.0001,0.45071,360.46673,1.0525,0.00278,344
113,2017-12-10 17:00:00,0.0,-4.454,82.4,6.3,81040.0,0.0001,0.45071,362.26821,1.05068,0.00279,344
114,2017-12-10 18:00:00,0.0,-4.354,85.0,5.4,81020.0,0.0,0.45071,376.52058,1.05003,0.0029,344
115,2017-12-10 19:00:00,0.0,-4.354,86.5,2.4,80980.0,0.0001,0.45071,383.16506,1.04951,0.00296,344
116,2017-12-10 20:00:00,0.0,-4.054,82.9,4.1,80970.0,0.0,0.45071,375.585,1.04821,0.0029,344
117,2017-12-10 21:00:00,0.0,-3.654,80.8,3.4,80960.0,0.0,0.45071,377.20041,1.04652,0.00291,344
118,2017-12-10 22:00:00,0.0,-3.154,82.0,3.7,80930.0,0.0001,0.45071,397.34935,1.0442,0.00307,344
119,2017-12-10 23:00:00,0.0,-2.754,83.3,2.3,80900.0,0.0,0.45071,415.82769,1.04227,0.00321,344
120,2017-12-11 00:00:00,0.0,-2.254,81.8,3.5,80840.0,0.0,0.07194,423.73914,1.03957,0.00328,345
121,2017-12-11 01:00:00,0.0,-1.954,81.3,3.6,80860.0,0.0001,0.07194,430.57611,1.03868,0.00333,345
122,2017-12-11 02:00:00,0.0,-1.154,81.6,2.8,80830.0,0.0,0.07194,458.32188,1.03524,0.00355,345
123,2017-12-11 03:00:00,0.0,-0.954,86.4,3.5,80800.0,0.0002,0.07194,492.43406,1.03409,0.00381,345
124,2017-12-11 04:00:00,0.0,-1.354,91.9,1.7,80740.0,0.0005,0.07194,508.66461,1.03485,0.00394,345
125,2017-12-11 05:00:00,0.0,-1.254,93.8,2.1,80690.0,0.0005,0.07194,523.00083,1.03383,0.00406,345
126,2017-12-11 06:00:00,0.0,-0.154,93.7,2.7,80630.0,0.0005,0.07194,566.08926,1.02889,0.0044,345
127,2017-12-11 07:00:00,1.0,1.046,89.5,5.1,80580.0,0.0002,0.07194,589.68997,1.02376,0.00459,345
128,2017-12-11 08:00:00,20.0,1.446,88.4,4.1,80580.0,0.0006,0.78696,599.40812,1.02226,0.00466,345
129,2017-12-11 09:00:00,29.0,1.746,87.8,7.1,80580.0,0.0009,0.90098,608.26156,1.02115,0.00473,345
130,2017-12-11 10:00:00,58.0,2.046,85.7,9.8,80540.0,0.0006,0.85236,606.56778,1.01953,0.00472,345
131,2017-12-11 11:00:00,57.0,1.746,86.9,10.4,80540.0,0.0008,0.86442,602.02653,1.02064,0.00468,345
132,2017-12-11 12:00:00,38.0,1.546,87.7,10.3,80570.0,0.0007,0.90016,598.93679,1.02177,0.00466,345
133,2017-12-11 13:00:00,25.0,1.646,86.5,9.5,80550.0,0.001,0.91434,594.98498,1.02114,0.00463,345
134,2017-12-11 14:00:00,9.0,1.646,85.0,10.7,80530.0,0.0005,0.44509,584.66732,1.02089,0.00455,345
135,2017-12-11 15:00:00,0.0,1.446,88.4,9.2,80540.0,0.0016,0.48663,599.40812,1.02176,0.00466,345
136,2017-12-11 16:00:00,0.0,1.446,87.3,8.4,80520.0,0.0014,0.44385,591.94942,1.0215,0.00461,345
137,2017-12-11 17:00:00,0.0,1.246,88.9,6.5,80500.0,0.001,0.44385,594.21334,1.02199,0.00463,345
138,2017-12-11 18:00:00,0.0,1.046,90.9,3.3,80510.0,0.0032,0.44385,598.91417,1.02287,0.00466,345
139,2017-12-11 19:00:00,0.0,0.946,92.1,2.8,80460.0,0.0042,0.44385,602.47154,1.0226,0.00469,345
140,2017-12-11 20:00:00,0.0,1.846,87.5,5.7,80420.0,0.0049,0.44385,610.53045,1.01875,0.00476,345
141,2017-12-11 21:00:00,0.0,1.646,89.6,5.7,80430.0,0.0048,0.44385,616.30814,1.01962,0.0048,345
142,2017-12-11 22:00:00,0.0,1.746,88.9,4.5,80470.0,0.0044,0.44385,615.88214,1.01976,0.0048,345
143,2017-12-11 23:00:00,0.0,1.746,90.3,4.3,80500.0,0.0035,0.44385,625.58108,1.02014,0.00487,345
144,2017-12-12 00:00:00,0.0,1.146,93.2,3.0,80590.0,0.001,0.15565,618.49738,1.02351,0.00481,346
145,2017-12-12 01:00:00,0.0,0.746,93.5,4.2,80720.0,0.0015,0.15565,602.88326,1.02666,0.00468,346
146,2017-12-12 02:00:00,0.0,0.846,90.6,4.2,80890.0,0.0003,0.15565,588.40823,1.02844,0.00456,346
147,2017-12-12 03:00:00,0.0,0.646,87.6,4.2,81010.0,0.0001,0.15565,560.7822,1.03072,0.00434,346
148,2017-12-12 04:00:00,0.0,0.246,86.4,2.9,81140.0,0.0001,0.15565,537.34366,1.03389,0.00415,346
149,2017-12-12 05:00:00,0.0,-0.054,88.2,2.6,81250.0,0.0002,0.15565,536.74259,1.03643,0.00414,346
150,2017-12-12 06:00:00,0.0,-0.254,83.5,3.9,81340.0,0.0,0.15565,500.81468,1.03833,0.00385,346
151,2017-12-12 07:00:00,8.0,-0.554,84.3,3.4,81450.0,0.0,0.15565,494.69587,1.04088,0.0038,346
152,2017-12-12 08:00:00,56.0,-0.654,80.4,4.1,81550.0,0.0,0.3692,468.3835,1.04254,0.00359,346
153,2017-12-12 09:00:00,172.0,-0.354,77.7,3.8,81640.0,0.0,0.41268,462.65178,1.04255,0.00354,346
154,2017-12-12 10:00:00,277.0,-0.154,74.7,3.7,81710.0,0.0,0.29491,451.30061,1.04268,0.00345,346
155,2017-12-12 11:00:00,301.0,-0.054,73.3,3.7,81710.0,0.0,0.28403,446.06839,1.04229,0.00341,346
156,2017-12-12 12:00:00,202.0,-0.454,75.9,4.8,81720.0,0.0,0.46928,448.65761,1.04395,0.00343,346
157,2017-12-12 13:00:00,164.0,-0.854,77.0,4.2,81740.0,0.0,0.43804,442.07716,1.04574,0.00338,346
158,2017-12-12 14:00:00,79.0,-0.954,76.4,4.9,81800.0,0.0,0.53079,435.43937,1.04689,0.00333,346
159,2017-12-12 15:00:00,13.0,-1.354,80.0,4.2,81870.0,0.0,0.64611,442.79835,1.04933,0.00338,346
160,2017-12-12 16:00:00,0.0,-1.654,82.0,3.6,81920.0,0.0,0.37758,443.98005,1.05113,0.00339,346
161,2017-12-12 17:00:00,0.0,-2.454,86.2,3.0,81990.0,0.0,0.37758,439.97683,1.05514,0.00336,346
162,2017-12-12 18:00:00,0.0,-2.954,77.6,2.9,82060.0,0.0,0.37758,381.6635,1.05799,0.00291,346
163,2017-12-12 19:00:00,0.0,-3.554,71.9,6.0,82140.0,0.0,0.37758,338.16968,1.06138,0.00257,346
164,2017-12-12 20:00:00,0.0,-4.154,74.8,6.1,82210.0,0.0,0.37758,336.35411,1.06466,0.00256,346
165,2017-12-12 21:00:00,0.0,-4.054,68.7,3.6,82280.0,0.0,0.37758,311.25078,1.06517,0.00236,346
166,2017-12-12 22:00:00,0.0,-5.554,82.9,1.0,82350.0,0.0,0.37758,335.3833,1.07205,0.00254,346
167,2017-12-12 23:00:00,0.0,-7.554,90.1,0.7,82370.0,0.0,0.37758,312.73869,1.08038,0.00237,346
168,2017-12-13 00:00:00,0.0,-10.454,97.8,1.1,82390.0,0.0,0.06972,270.57938,1.09258,0.00205,347
169,2017-12-13 01:00:00,0.0,-11.154,94.3,1.4,82440.0,0.0,0.06972,246.78703,1.09616,0.00187,347
170,2017-12-13 02:00:00,0.0,-11.754,87.3,0.9,82470.0,0.0,0.06972,217.77732,1.09908,0.00165,347
171,2017-12-13 03:00:00,0.0,-13.054,89.7,0.8,82470.0,0.0,0.06972,201.52325,1.10457,0.00152,347
172,2017-12-13 04:00:00,0.0,-14.354,87.6,0.9,82480.0,0.0,0.06972,177.03299,1.11025,0.00134,347
173,2017-12-13 05:00:00,0.0,-14.954,86.0,1.0,82520.0,0.0,0.06972,165.44324,1.11337,0.00125,347
174,2017-12-13 06:00:00,0.0,-15.154,84.4,0.9,82540.0,0.0,0.06972,159.71099,1.1145,0.00121,347
175,2017-12-13 07:00:00,7.0,-15.554,84.3,0.6,82560.0,0.0,0.06972,154.33547,1.11651,0.00116,347
176,2017-12-13 08:00:00,69.0,-15.854,86.1,0.5,82560.0,0.0,0.22276,153.75969,1.11781,0.00116,347
177,2017-12-13 09:00:00,274.0,-14.554,85.8,0.5,82570.0,0.0,0.06112,170.57552,1.11232,0.00129,347
178,2017-12-13 10:00:00,358.0,-12.354,79.1,0.3,82520.0,0.0,0.08873,188.0418,1.10227,0.00142,347
179,2017-12-13 11:00:00,390.0,-10.754,72.4,0.6,82450.0,0.0,0.07233,195.59794,1.09462,0.00148,347
180,2017-12-13 12:00:00,363.0,-9.654,70.2,0.3,82380.0,0.0,0.04627,206.87602,1.08913,0.00157,347
181,2017-12-13 13:00:00,207.0,-8.354,60.8,0.6,82310.0,0.0,0.2907,198.34939,1.08286,0.0015,347
182,2017-12-13 14:00:00,111.0,-7.854,61.2,0.5,82250.0,0.0,0.34073,207.55401,1.08003,0.00157,347
183,2017-12-13 15:00:00,28.0,-8.254,72.3,0.5,82220.0,0.0,0.23778,237.70691,1.08127,0.0018,347
184,2017-12-13 16:00:00,0.0,-8.654,80.0,1.1,82200.0,0.0,0.15943,254.95956,1.08264,0.00194,347
185,2017-12-13 17:00:00,0.0,-8.454,81.6,0.9,82160.0,0.0,0.15943,264.14253,1.08129,0.00201,347
186,2017-12-13 18:00:00,0.0,-10.054,88.4,0.9,82150.0,0.0,0.15943,252.42958,1.08774,0.00192,347
187,2017-12-13 19:00:00,0.0,-9.154,80.8,2.6,82110.0,0.0,0.15943,247.64233,1.0835,0.00188,347
188,2017-12-13 20:00:00,0.0,-9.154,81.9,1.6,82000.0,0.0,0.15943,251.0137,1.08205,0.00191,347
189,2017-12-13 21:00:00,0.0,-8.154,73.0,1.8,81940.0,0.0,0.15943,241.87987,1.07718,0.00184,347
190,2017-12-13 22:00:00,0.0,-5.454,58.3,4.9,81970.0,0.0,0.15943,237.65807,1.0667,0.00181,347
191,2017-12-13 23:00:00,0.0,-5.754,65.3,2.2,81900.0,0.0,0.15943,260.19416,1.06699,0.00198,347
192,2017-12-14 00:00:00,0.0,-5.354,60.6,2.5,81850.0,0.0,0.09984,248.91494,1.06474,0.0019,348
193,2017-12-14 01:00:00,0.0,-5.754,73.2,3.0,81780.0,0.0,0.09984,291.67248,1.06542,0.00223,348
194,2017-12-14 02:00:00,0.0,-5.954,77.2,2.2,81700.0,0.0,0.09984,302.96188,1.06518,0.00232,348
195,2017-12-14 03:00:00,0.0,-5.954,75.8,4.5,81630.0,0.0,0.09984,297.46775,1.06427,0.00227,348
196,2017-12-14 04:00:00,0.0,-7.054,84.8,2.0,81610.0,0.0,0.09984,305.90806,1.0684,0.00234,348
197,2017-12-14 05:00:00,0.0,-5.054,80.7,5.6,81570.0,0.0,0.09984,339.09255,1.05991,0.0026,348
198,2017-12-14 06:00:00,0.0,-4.354,78.5,6.9,81560.0,0.0,0.09984,347.72783,1.05702,0.00266,348
199,2017-12-14 07:00:00,4.0,-4.454,80.4,7.4,81580.0,0.0,0.09984,353.47529,1.05768,0.00271,348
200,2017-12-14 08:00:00,42.0,-4.454,82.0,6.8,81580.0,0.0,0.5269,360.50963,1.05768,0.00276,348
201,2017-12-14 09:00:00,212.0,-3.554,78.6,8.4,81560.0,0.0,0.24996,369.68202,1.05389,0.00283,348
202,2017-12-14 10:00:00,377.0,-1.554,66.0,7.5,81500.0,0.0,0.04036,359.98548,1.04536,0.00276,348
203,2017-12-14 11:00:00,412.0,-0.354,65.6,7.1,81440.0,0.0,0.02,390.60434,1.03999,0.003,348
204,2017-12-14 12:00:00,295.0,-0.254,63.4,8.9,81400.0,0.0,0.22493,380.25929,1.0391,0.00292,348
205,2017-12-14 13:00:00,267.0,-1.054,67.8,7.3,81390.0,0.0,0.15045,383.60865,1.04203,0.00295,348
206,2017-12-14 14:00:00,106.0,-0.554,60.0,6.5,81330.0,0.0,0.41966,352.0967,1.03935,0.0027,348
207,2017-12-14 15:00:00,15.0,-0.754,61.5,7.0,81290.0,0.0,0.59167,355.67461,1.0396,0.00273,348
208,2017-12-14 16:00:00,0.0,-1.054,62.7,6.9,81270.0,0.0,0.22044,354.75313,1.04049,0.00273,348
209,2017-12-14 17:00:00,0.0,-2.054,67.1,5.8,81250.0,0.0,0.22044,352.76043,1.04407,0.00271,348
210,2017-12-14 18:00:00,0.0,-1.754,65.4,5.2,81180.0,0.0,0.22044,351.50642,1.04202,0.0027,348
211,2017-12-14 19:00:00,0.0,-1.354,68.8,6.4,81150.0,0.0,0.22044,380.80658,1.0401,0.00293,348
212,2017-12-14 20:00:00,0.0,-1.654,74.7,5.0,81070.0,0.0,0.22044,404.455,1.04022,0.00312,348
213,2017-12-14 21:00:00,0.0,-1.454,70.4,5.3,81020.0,0.0,0.22044,386.81429,1.03882,0.00298,348
214,2017-12-14 22:00:00,0.0,-1.754,73.4,7.4,80980.0,0.0,0.22044,394.50415,1.03945,0.00304,348
215,2017-12-14 23:00:00,0.0,-1.554,73.4,7.9,80950.0,0.0,0.22044,400.34749,1.0383,0.00309,348
216,2017-12-15 00:00:00,0.0,-1.754,74.1,6.7,80880.0,0.0,0.09286,398.26645,1.03817,0.00308,349
217,2017-12-15 01:00:00,0.0,-1.654,75.5,6.6,80820.0,0.0,0.09286,408.78651,1.03702,0.00316,349
218,2017-12-15 02:00:00,0.0,-1.754,77.4,6.0,80790.0,0.0,0.09286,416.00301,1.03701,0.00322,349
219,2017-12-15 03:00:00,0.0,-1.754,78.9,4.7,80830.0,0.0,0.09286,424.06509,1.03753,0.00328,349
220,2017-12-15 04:00:00,0.0,-2.754,91.8,1.5,80920.0,0.0009,0.09286,458.25909,1.04252,0.00354,349
221,2017-12-15 05:00:00,0.0,-2.854,90.7,1.6,80920.0,0.0006,0.09286,449.41989,1.04291,0.00347,349
222,2017-12-15 06:00:00,0.0,-3.654,94.8,1.0,80960.0,0.0005,0.09286,442.55692,1.04652,0.00342,349
223,2017-12-15 07:00:00,7.0,-4.254,96.9,1.2,80930.0,0.0001,0.09286,432.47161,1.04847,0.00334,349
224,2017-12-15 08:00:00,78.0,-5.354,96.7,1.6,80940.0,0.0,0.19537,397.19595,1.05291,0.00307,349
225,2017-12-15 09:00:00,108.0,-4.054,92.5,0.7,81010.0,0.0,0.61791,419.07856,1.04873,0.00323,349
226,2017-12-15 10:00:00,134.0,-3.654,89.4,0.6,81010.0,0.0,0.65891,417.34798,1.04717,0.00322,349
227,2017-12-15 11:00:00,189.0,-2.854,80.1,1.1,80990.0,0.0,0.55044,396.89672,1.04381,0.00306,349
228,2017-12-15 12:00:00,166.0,-3.354,71.0,1.9,80960.0,0.0,0.55185,338.95806,1.04536,0.00262,349
229,2017-12-15 13:00:00,217.0,-3.154,64.8,2.6,80930.0,0.0,0.30955,314.0029,1.0442,0.00242,349
230,2017-12-15 14:00:00,162.0,-4.154,64.7,2.9,80920.0,0.0,0.11307,290.93731,1.04795,0.00224,349
231,2017-12-15 15:00:00,26.0,-6.354,77.8,1.2,80980.0,0.0,0.29222,296.13477,1.05737,0.00228,349
232,2017-12-15 16:00:00,0.0,-8.554,89.4,0.9,81020.0,0.0,0.29919,287.14662,1.06669,0.00221,349
233,2017-12-15 17:00:00,0.0,-11.254,98.4,0.8,81040.0,0.0,0.29919,255.4727,1.07796,0.00197,349
234,2017-12-15 18:00:00,0.0,-13.454,89.0,1.2,81080.0,0.0,0.29919,193.56627,1.08762,0.00149,349
235,2017-12-15 19:00:00,0.0,-15.154,90.4,0.9,81120.0,0.0,0.29919,171.06485,1.09533,0.00131,349
236,2017-12-15 20:00:00,0.0,-14.854,85.3,1.2,81150.0,0.0,0.29919,165.45276,1.09446,0.00127,349
237,2017-12-15 21:00:00,0.0,-16.154,87.9,0.8,81170.0,0.0,0.29919,153.10904,1.10027,0.00118,349
238,2017-12-15 22:00:00,0.0,-16.754,87.5,0.9,81180.0,0.0,0.29919,144.97034,1.10298,0.00111,349
239,2017-12-15 23:00:00,0.0,-17.954,87.4,0.9,81200.0,0.0,0.29919,130.90404,1.10844,0.001,349
240,2017-12-16 00:00:00,0.0,-17.054,84.7,0.9,81200.0,0.0,0.07902,136.84873,1.10455,0.00105,350
241,2017-12-16 01:00:00,0.0,-16.854,88.2,0.8,81200.0,0.0,0.07902,144.91221,1.10368,0.00111,350
242,2017-12-16 02:00:00,0.0,-17.654,87.6,0.8,81230.0,0.0,0.07902,134.56956,1.10755,0.00103,350
243,2017-12-16 03:00:00,0.0,-15.954,84.2,0.6,81260.0,0.0,0.07902,149.12329,1.10063,0.00114,350
244,2017-12-16 04:00:00,0.0,-14.454,84.0,0.7,81290.0,0.0,0.07902,168.37228,1.09466,0.00129,350
245,2017-12-16 05:00:00,0.0,-13.754,84.0,0.3,81320.0,0.0,0.07902,178.28587,1.09211,0.00137,350
246,2017-12-16 06:00:00,0.0,-13.054,83.1,0.7,81370.0,0.0,0.07902,186.69545,1.08984,0.00143,350
247,2017-12-16 07:00:00,6.0,-12.554,85.0,0.7,81430.0,0.0,0.07902,198.83789,1.08855,0.00152,350
248,2017-12-16 08:00:00,44.0,-11.554,82.9,0.8,81500.0,0.0,0.54611,210.1369,1.08532,0.00161,350
249,2017-12-16 09:00:00,122.0,-10.754,81.6,0.6,81580.0,0.0,0.56838,220.45293,1.08307,0.00169,350
250,2017-12-16 10:00:00,198.0,-9.354,76.8,0.4,81640.0,0.0,0.496,231.72202,1.07812,0.00177,350
251,2017-12-16 11:00:00,192.0,-8.154,73.8,0.7,81670.0,0.0,0.5433,244.53061,1.07363,0.00187,350
252,2017-12-16 12:00:00,241.0,-6.954,70.7,0.8,81700.0,0.0,0.34937,257.01213,1.06918,0.00196,350
253,2017-12-16 13:00:00,165.0,-5.654,66.3,0.9,81710.0,0.0,0.475,266.19541,1.06411,0.00203,350
254,2017-12-16 14:00:00,115.0,-4.954,60.1,1.1,81760.0,0.0,0.37039,254.44999,1.06199,0.00194,350
255,2017-12-16 15:00:00,20.0,-5.954,89.2,2.4,81850.0,0.0,0.45556,350.0544,1.06713,0.00267,350
256,2017-12-16 16:00:00,0.0,-6.554,94.7,0.6,81910.0,0.0,0.30315,354.98705,1.07032,0.00271,350
257,2017-12-16 17:00:00,0.0,-6.954,95.4,1.1,81970.0,0.0,0.30315,346.80279,1.07271,0.00264,350
258,2017-12-16 18:00:00,0.0,-7.454,93.9,1.2,82010.0,0.0,0.30315,328.4549,1.07526,0.0025,350
259,2017-12-16 19:00:00,0.0,-7.154,94.4,1.6,82090.0,0.0002,0.30315,337.92871,1.07509,0.00257,350
260,2017-12-16 20:00:00,0.0,-7.254,94.4,1.0,82160.0,0.0,0.30315,335.33608,1.07641,0.00255,350
261,2017-12-16 21:00:00,0.0,-8.654,95.9,1.2,82210.0,0.0,0.30315,305.63277,1.08277,0.00232,350
262,2017-12-16 22:00:00,0.0,-8.854,94.6,1.8,82260.0,0.0,0.30315,296.82059,1.08425,0.00225,350
263,2017-12-16 23:00:00,0.0,-9.554,94.6,1.1,82290.0,0.0,0.30315,280.98174,1.08752,0.00213,350
264,2017-12-17 00:00:00,0.0,-9.254,94.0,1.2,82290.0,0.0,0.07262,285.8506,1.08629,0.00217,351
265,2017-12-17 01:00:00,0.0,-9.154,94.9,1.1,82320.0,0.0003,0.07262,290.85714,1.08627,0.00221,351
266,2017-12-17 02:00:00,0.0,-8.954,95.5,1.6,82350.0,0.0003,0.07262,297.31219,1.08584,0.00225,351
267,2017-12-17 03:00:00,0.0,-8.954,93.5,1.9,82350.0,0.0,0.07262,291.08575,1.08584,0.00221,351
268,2017-12-17 04:00:00,0.0,-9.054,94.2,0.7,82370.0,0.0,0.07262,290.98043,1.08652,0.00221,351
269,2017-12-17 05:00:00,0.0,-8.854,96.7,1.0,82410.0,0.0004,0.07262,303.40963,1.08622,0.0023,351
270,2017-12-17 06:00:00,0.0,-9.254,97.9,0.6,82450.0,0.0001,0.07262,297.71036,1.0884,0.00225,351
271,2017-12-17 07:00:00,6.0,-9.654,97.5,0.6,82510.0,0.0,0.07262,287.3278,1.09084,0.00217,351
272,2017-12-17 08:00:00,73.0,-9.354,94.3,1.4,82570.0,0.0001,0.24695,284.52326,1.0904,0.00215,351
273,2017-12-17 09:00:00,183.0,-8.454,89.6,1.1,82620.0,0.0,0.34547,290.03886,1.08735,0.00219,351
274,2017-12-17 10:00:00,297.0,-7.454,82.0,0.5,82650.0,0.0,0.244,286.82963,1.08365,0.00217,351
275,2017-12-17 11:00:00,224.0,-6.654,62.6,2.7,82650.0,0.0,0.46718,232.86757,1.08039,0.00176,351
276,2017-12-17 12:00:00,323.0,-6.354,52.5,2.5,82620.0,0.0,0.12799,199.83387,1.07879,0.00151,351
277,2017-12-17 13:00:00,224.0,-6.554,56.1,3.6,82620.0,0.0,0.28727,210.29328,1.0796,0.00159,351
278,2017-12-17 14:00:00,108.0,-8.154,61.0,2.7,82660.0,0.0,0.40872,202.1188,1.08664,0.00152,351
279,2017-12-17 15:00:00,19.0,-9.554,64.6,2.8,82720.0,0.0,0.45235,191.87548,1.09321,0.00145,351
280,2017-12-17 16:00:00,0.0,-10.254,70.6,1.3,82800.0,0.0,0.23824,198.4415,1.09718,0.00149,351
281,2017-12-17 17:00:00,0.0,-10.354,75.7,0.9,82870.0,0.0,0.23824,211.10046,1.09852,0.00159,351
282,2017-12-17 18:00:00,0.0,-10.154,77.8,1.5,82930.0,0.0,0.23824,220.41389,1.09848,0.00166,351
283,2017-12-17 19:00:00,0.0,-11.254,78.7,1.0,82960.0,0.0,0.23824,204.32624,1.10349,0.00154,351
284,2017-12-17 20:00:00,0.0,-11.354,73.4,1.3,83000.0,0.0,0.23824,189.05199,1.10445,0.00142,351
285,2017-12-17 21:00:00,0.0,-12.654,70.4,1.2,83000.0,0.0,0.23824,163.36141,1.10996,0.00123,351
286,2017-12-17 22:00:00,0.0,-14.054,72.4,1.3,83030.0,0.0,0.23824,149.94997,1.11636,0.00113,351
287,2017-12-17 23:00:00,0.0,-15.054,76.0,1.1,83030.0,0.0,0.23824,145.00622,1.12069,0.00109,351
288,2017-12-18 00:00:00,0.0,-17.054,83.1,1.2,83000.0,0.0,0.04314,134.26363,1.12903,0.00101,352
289,2017-12-18 01:00:00,0.0,-17.854,80.4,1.8,83000.0,0.0,0.04314,121.44174,1.13257,0.00091,352
290,2017-12-18 02:00:00,0.0,-18.854,81.5,1.4,82970.0,0.0,0.04314,113.0887,1.13661,0.00085,352
291,2017-12-18 03:00:00,0.0,-19.554,83.5,1.4,82910.0,0.0,0.04314,109.13313,1.13892,0.00082,352
292,2017-12-18 04:00:00,0.0,-18.754,81.7,1.5,82860.0,0.0,0.04314,114.33612,1.13466,0.00086,352
293,2017-12-18 05:00:00,0.0,-18.554,81.7,0.9,82820.0,0.0,0.04314,116.29826,1.13322,0.00087,352
294,2017-12-18 06:00:00,0.0,-17.754,80.8,1.0,82770.0,0.0,0.04314,123.0808,1.12899,0.00093,352
295,2017-12-18 07:00:00,16.0,-16.154,80.3,0.5,82770.0,0.0,0.3728,139.87095,1.12196,0.00105,352
296,2017-12-18 08:00:00,54.0,-15.154,83.0,0.4,82770.0,0.0001,0.44295,157.06176,1.11761,0.00118,352
297,2017-12-18 09:00:00,116.0,-13.854,86.3,0.3,82740.0,0.0006,0.58511,181.68047,1.1116,0.00137,352
298,2017-12-18 10:00:00,150.0,-12.754,86.9,0.3,82720.0,0.0005,0.61818,200.0277,1.10664,0.00151,352
299,2017-12-18 11:00:00,232.0,-11.654,85.9,0.2,82690.0,0.0001,0.44816,216.00697,1.10159,0.00163,352
300,2017-12-18 12:00:00,292.0,-10.454,84.6,0.4,82660.0,0.0,0.21168,234.05947,1.09616,0.00177,352
301,2017-12-18 13:00:00,308.0,-8.554,78.5,0.5,82620.0,0.0,0.02,252.13657,1.08776,0.0019,352
302,2017-12-18 14:00:00,91.0,-7.554,80.4,1.3,82660.0,0.0,0.50179,279.06982,1.08419,0.00211,352
303,2017-12-18 15:00:00,20.0,-7.954,90.1,0.5,82700.0,0.0,0.42353,303.20737,1.08635,0.00229,352
304,2017-12-18 16:00:00,0.0,-7.754,88.1,0.8,82750.0,0.0,0.22842,301.10469,1.08619,0.00227,352
305,2017-12-18 17:00:00,0.0,-7.754,92.4,0.7,82820.0,0.0,0.22842,315.80106,1.0871,0.00238,352
306,2017-12-18 18:00:00,0.0,-7.754,94.6,1.0,82860.0,0.0,0.22842,323.32013,1.08763,0.00244,352
307,2017-12-18 19:00:00,0.0,-7.954,96.3,0.6,82920.0,0.0,0.22842,324.07181,1.08924,0.00244,352
308,2017-12-18 20:00:00,0.0,-9.254,95.9,0.5,82970.0,0.0,0.22842,291.62843,1.09526,0.00219,352
309,2017-12-18 21:00:00,0.0,-9.954,97.7,0.7,83020.0,0.0,0.22842,281.1954,1.09884,0.00211,352
310,2017-12-18 22:00:00,0.0,-10.154,96.7,0.5,83060.0,0.0,0.22842,273.95917,1.1002,0.00206,352
311,2017-12-18 23:00:00,0.0,-10.454,98.3,0.9,83090.0,0.0,0.22842,271.96271,1.10186,0.00204,352
312,2017-12-19 00:00:00,0.0,-11.354,95.3,0.8,83120.0,0.0,0.10137,245.45851,1.10605,0.00184,353
313,2017-12-19 01:00:00,0.0,-12.854,87.0,1.3,83160.0,0.0,0.10137,198.64613,1.11295,0.00149,353
314,2017-12-19 02:00:00,0.0,-13.354,86.4,1.1,83210.0,0.0,0.10137,189.44419,1.11577,0.00142,353
315,2017-12-19 03:00:00,0.0,-14.054,86.3,1.0,83230.0,0.0,0.10137,178.73871,1.11905,0.00134,353
316,2017-12-19 04:00:00,0.0,-14.054,88.2,0.7,83230.0,0.0,0.10137,182.67386,1.11905,0.00137,353
317,2017-12-19 05:00:00,0.0,-14.854,87.8,0.8,83270.0,0.0,0.10137,170.3019,1.12306,0.00127,353
318,2017-12-19 06:00:00,0.0,-14.754,86.3,1.1,83320.0,0.0,0.10137,168.77458,1.12329,0.00126,353
319,2017-12-19 07:00:00,13.0,-14.054,85.6,0.5,83410.0,0.0,0.20375,177.28891,1.12147,0.00132,353
320,2017-12-19 08:00:00,95.0,-12.554,85.4,0.5,83480.0,0.0,0.02,199.77359,1.11595,0.00149,353
321,2017-12-19 09:00:00,269.0,-10.754,85.9,0.3,83520.0,0.0,0.03788,232.06994,1.10883,0.00173,353
322,2017-12-19 10:00:00,344.0,-8.954,82.7,0.6,83530.0,0.0,0.10578,257.46301,1.1014,0.00192,353
323,2017-12-19 11:00:00,383.0,-7.454,78.1,0.7,83510.0,0.0,0.08898,273.18773,1.09492,0.00204,353
324,2017-12-19 12:00:00,353.0,-7.054,80.6,0.5,83460.0,0.0,0.047,290.75695,1.09262,0.00217,353
325,2017-12-19 13:00:00,279.0,-6.254,79.7,0.9,83470.0,0.0,0.11227,305.69444,1.08948,0.00229,353
326,2017-12-19 14:00:00,159.0,-5.554,73.7,0.8,83490.0,0.0,0.1295,298.16344,1.08689,0.00223,353
327,2017-12-19 15:00:00,26.0,-7.254,81.9,0.9,83470.0,0.0,0.25059,290.93247,1.09358,0.00218,353
328,2017-12-19 16:00:00,0.0,-11.254,89.9,1.9,83500.0,0.0,0.16255,233.40443,1.11068,0.00174,353
329,2017-12-19 17:00:00,0.0,-12.354,85.3,1.3,83530.0,0.0,0.16255,202.78085,1.11576,0.00151,353
330,2017-12-19 18:00:00,0.0,-12.954,87.2,1.1,83550.0,0.0,0.16255,197.49895,1.1186,0.00147,353
331,2017-12-19 19:00:00,0.0,-13.654,86.5,1.2,83540.0,0.0,0.16255,185.09336,1.12149,0.00138,353
332,2017-12-19 20:00:00,0.0,-12.454,84.3,1.1,83570.0,0.0,0.16255,198.79623,1.11673,0.00148,353
333,2017-12-19 21:00:00,0.0,-10.754,84.2,1.4,83530.0,0.0,0.16255,227.47717,1.10896,0.0017,353
334,2017-12-19 22:00:00,0.0,-10.254,84.0,1.1,83510.0,0.0,0.16255,236.10604,1.10659,0.00176,353
335,2017-12-19 23:00:00,0.0,-9.254,83.2,0.8,83480.0,0.0,0.16255,253.00819,1.102,0.00189,353
336,2017-12-20 00:00:00,0.0,-8.554,84.1,0.8,83430.0,0.0,0.21244,270.12339,1.09842,0.00202,354
337,2017-12-20 01:00:00,0.0,-7.954,90.7,1.1,83420.0,0.0,0.21244,305.22651,1.09581,0.00228,354
338,2017-12-20 02:00:00,0.0,-7.654,90.8,0.9,83430.0,0.0,0.21244,312.7422,1.0947,0.00234,354
339,2017-12-20 03:00:00,0.0,-7.754,95.3,0.7,83420.0,0.0,0.21244,325.71256,1.09498,0.00244,354
340,2017-12-20 04:00:00,0.0,-7.454,96.0,0.8,83420.0,0.0,0.21244,335.80054,1.09374,0.00251,354
341,2017-12-20 05:00:00,0.0,-7.154,96.1,1.1,83450.0,0.0,0.21244,344.01429,1.0929,0.00257,354
342,2017-12-20 06:00:00,0.0,-7.054,96.6,0.7,83490.0,0.0,0.21244,348.47545,1.09302,0.00261,354
343,2017-12-20 07:00:00,6.0,-7.754,98.7,0.5,83530.0,0.0001,0.21244,337.33295,1.09642,0.00252,354
344,2017-12-20 08:00:00,56.0,-9.354,99.0,0.8,83580.0,0.0,0.42232,298.70416,1.10373,0.00223,354
345,2017-12-20 09:00:00,241.0,-8.654,97.2,1.0,83630.0,0.0,0.13169,309.77587,1.10147,0.00231,354
346,2017-12-20 10:00:00,349.0,-7.354,93.2,1.0,83630.0,0.0,0.09279,328.53115,1.09608,0.00245,354
347,2017-12-20 11:00:00,381.0,-6.654,89.3,1.1,83610.0,0.0,0.09374,332.18968,1.09294,0.00248,354
348,2017-12-20 12:00:00,358.0,-4.754,71.2,1.4,83570.0,0.0,0.02273,306.03157,1.08469,0.00229,354
349,2017-12-20 13:00:00,280.0,-4.554,65.5,4.6,83550.0,0.0,0.10909,285.80828,1.08362,0.00214,354
350,2017-12-20 14:00:00,163.0,-5.354,66.3,5.1,83570.0,0.0,0.1076,272.32773,1.08712,0.00203,354
351,2017-12-20 15:00:00,26.0,-6.654,70.5,4.0,83610.0,0.0,0.25059,262.25501,1.09294,0.00196,354
352,2017-12-20 16:00:00,0.0,-11.654,82.6,1.4,83660.0,0.0,0.26882,207.70868,1.11451,0.00155,354
353,2017-12-20 17:00:00,0.0,-13.654,83.7,1.5,83710.0,0.0,0.26882,179.1019,1.12377,0.00133,354
354,2017-12-20 18:00:00,0.0,-14.054,84.4,1.6,83760.0,0.0,0.26882,174.80356,1.12618,0.0013,354
355,2017-12-20 19:00:00,0.0,-15.654,86.1,1.1,83800.0,0.0,0.26882,156.33092,1.13371,0.00116,354
356,2017-12-20 20:00:00,0.0,-16.154,85.1,0.9,83840.0,0.0,0.26882,148.23185,1.13646,0.0011,354
357,2017-12-20 21:00:00,0.0,-16.554,86.6,0.8,83840.0,0.0,0.26882,145.8978,1.13823,0.00108,354
358,2017-12-20 22:00:00,0.0,-17.954,86.9,1.0,83870.0,0.0,0.26882,130.15516,1.14489,0.00097,354
359,2017-12-20 23:00:00,0.0,-18.554,87.4,1.0,83900.0,0.0,0.26882,124.41209,1.148,0.00092,354
360,2017-12-21 00:00:00,0.0,-18.454,86.3,0.9,83910.0,0.0,0.27199,123.89446,1.14768,0.00092,355
361,2017-12-21 01:00:00,0.0,-18.254,85.0,0.9,83890.0,0.0,0.27199,124.11665,1.14651,0.00092,355
362,2017-12-21 02:00:00,0.0,-16.154,84.4,0.7,83890.0,0.0,0.27199,147.01255,1.13714,0.00109,355
363,2017-12-21 03:00:00,0.0,-16.454,85.4,0.6,83890.0,0.0,0.27199,145.08209,1.13847,0.00108,355
364,2017-12-21 04:00:00,0.0,-14.254,84.7,0.5,83890.0,0.0,0.27199,172.57949,1.1288,0.00128,355
365,2017-12-21 05:00:00,0.0,-12.754,81.7,0.6,83930.0,0.0,0.27199,188.05826,1.12283,0.0014,355
366,2017-12-21 06:00:00,0.0,-13.254,85.5,0.5,83940.0,0.0,0.27199,188.99854,1.12512,0.0014,355
367,2017-12-21 07:00:00,6.0,-14.254,87.6,0.6,83990.0,0.0,0.27199,178.48836,1.13014,0.00132,355
368,2017-12-21 08:00:00,44.0,-13.954,86.4,1.2,84040.0,0.0,0.54611,180.41304,1.1295,0.00134,355
369,2017-12-21 09:00:00,272.0,-12.254,84.4,0.5,84050.0,0.0,0.02,202.26217,1.12228,0.0015,355
370,2017-12-21 10:00:00,351.0,-10.254,78.0,0.7,84050.0,0.0,0.02,219.24132,1.11374,0.00163,355
371,2017-12-21 11:00:00,368.0,-8.554,73.3,0.6,84020.0,0.0,0.05838,235.43453,1.10619,0.00175,355
372,2017-12-21 12:00:00,344.0,-5.554,64.0,0.6,83960.0,0.0,0.06356,258.92077,1.09301,0.00192,355
373,2017-12-21 13:00:00,272.0,-4.754,62.9,0.3,83930.0,0.0,0.13455,270.35654,1.08936,0.00201,355
374,2017-12-21 14:00:00,162.0,-4.754,69.0,0.4,83910.0,0.0,0.11307,296.57554,1.0891,0.00221,355
375,2017-12-21 15:00:00,21.0,-6.254,79.1,0.9,83910.0,0.0,0.39471,303.3931,1.09522,0.00226,355
376,2017-12-21 16:00:00,0.0,-7.054,89.6,1.1,83950.0,0.0,0.33735,323.22361,1.09904,0.0024,355
377,2017-12-21 17:00:00,0.0,-6.154,90.3,1.3,83940.0,0.0,0.33735,349.00656,1.0952,0.0026,355
378,2017-12-21 18:00:00,0.0,-5.454,90.1,1.1,83920.0,0.0,0.33735,367.28974,1.09208,0.00273,355
379,2017-12-21 19:00:00,0.0,-4.954,90.3,1.0,83920.0,0.0,0.33735,382.31006,1.09004,0.00285,355
380,2017-12-21 20:00:00,0.0,-4.354,92.3,1.0,83910.0,0.0,0.33735,408.85705,1.08748,0.00305,355
381,2017-12-21 21:00:00,0.0,-3.654,90.8,1.1,83930.0,0.0001,0.33735,423.88363,1.08491,0.00316,355
382,2017-12-21 22:00:00,0.0,-3.154,90.6,1.1,83940.0,0.0001,0.33735,439.02257,1.08303,0.00327,355
383,2017-12-21 23:00:00,0.0,-3.054,91.4,1.3,83960.0,0.0,0.33735,446.20694,1.08289,0.00332,355
384,2017-12-22 00:00:00,0.0,-3.254,91.9,1.2,83920.0,0.0,0.07401,442.01804,1.08318,0.00329,356
385,2017-12-22 01:00:00,0.0,-3.954,92.5,1.1,83910.0,0.0,0.07401,422.23215,1.08586,0.00315,356
386,2017-12-22 02:00:00,0.0,-5.454,97.4,1.3,83900.0,0.0,0.07401,397.04796,1.09182,0.00296,356
387,2017-12-22 03:00:00,0.0,-6.754,98.8,0.9,83890.0,0.0,0.07401,364.72115,1.09702,0.00272,356
388,2017-12-22 04:00:00,0.0,-8.454,99.8,1.4,83900.0,0.0,0.07401,323.05668,1.10419,0.0024,356
389,2017-12-22 05:00:00,0.0,-8.354,99.7,1.4,83930.0,0.0,0.07401,325.25385,1.10417,0.00242,356
390,2017-12-22 06:00:00,0.0,-9.654,100.0,1.0,83950.0,0.0,0.07401,294.69518,1.10988,0.00219,356
391,2017-12-22 07:00:00,6.0,-9.254,98.9,1.1,83960.0,0.0,0.07401,300.75132,1.10833,0.00224,356
392,2017-12-22 08:00:00,42.0,-7.654,96.2,1.2,83980.0,0.0,0.56674,331.34141,1.10192,0.00246,356
393,2017-12-22 09:00:00,82.0,-5.954,92.1,0.9,83980.0,0.0,0.70456,361.43509,1.0949,0.00269,356
394,2017-12-22 10:00:00,113.0,-5.154,92.2,0.7,83940.0,0.0,0.6845,384.49403,1.09112,0.00286,356
395,2017-12-22 11:00:00,292.0,-4.054,88.4,0.6,83890.0,0.0,0.25285,400.50319,1.08601,0.00298,356
396,2017-12-22 12:00:00,95.0,-2.454,81.2,0.6,83830.0,0.0,0.74139,414.45614,1.07882,0.00309,356
397,2017-12-22 13:00:00,122.0,-1.554,79.7,0.6,83810.0,0.0,0.61182,434.70974,1.07499,0.00324,356
398,2017-12-22 14:00:00,64.0,-1.254,79.7,0.4,83780.0,0.0,0.64961,444.38343,1.07342,0.00332,356
399,2017-12-22 15:00:00,8.0,-1.454,86.3,0.4,83790.0,0.0,0.38314,474.17717,1.07433,0.00354,356
400,2017-12-22 16:00:00,0.0,-1.454,88.5,1.1,83800.0,0.0,0.35095,486.26512,1.07446,0.00363,356
401,2017-12-22 17:00:00,0.0,-1.454,89.5,1.3,83810.0,0.0,0.35095,491.75964,1.07459,0.00367,356
402,2017-12-22 18:00:00,0.0,-1.554,90.1,1.4,83820.0,0.0,0.35095,491.43472,1.07511,0.00367,356
403,2017-12-22 19:00:00,0.0,-2.654,92.6,1.1,83840.0,0.0,0.35095,465.69343,1.07974,0.00347,356
404,2017-12-22 20:00:00,0.0,-2.954,93.4,1.0,83900.0,0.0,0.35095,459.37334,1.08172,0.00342,356
405,2017-12-22 21:00:00,0.0,-5.054,96.7,1.0,83940.0,0.0,0.35095,406.32279,1.09071,0.00303,356
406,2017-12-22 22:00:00,0.0,-6.154,98.5,0.9,83950.0,0.0,0.35095,380.69929,1.09533,0.00283,356
407,2017-12-22 23:00:00,0.0,-7.754,100.0,0.8,83950.0,0.0,0.35095,341.77603,1.10194,0.00254,356
408,2017-12-23 00:00:00,0.0,-8.754,100.0,0.9,83970.0,0.0,0.0564,316.22307,1.10637,0.00235,357
409,2017-12-23 01:00:00,0.0,-9.354,100.0,1.0,83980.0,0.0,0.0564,301.72137,1.10902,0.00224,357
410,2017-12-23 02:00:00,0.0,-10.354,99.4,1.2,83950.0,0.0,0.0564,277.19136,1.11284,0.00206,357
411,2017-12-23 03:00:00,0.0,-10.254,100.0,0.9,83920.0,0.0,0.0564,281.07862,1.11202,0.00209,357
412,2017-12-23 04:00:00,0.0,-11.654,100.0,0.7,83930.0,0.0,0.0564,251.4633,1.1181,0.00187,357
413,2017-12-23 05:00:00,0.0,-12.254,98.0,0.7,83940.0,0.0,0.0564,234.85418,1.12081,0.00175,357
414,2017-12-23 06:00:00,0.0,-12.354,93.4,0.8,83940.0,0.0,0.0564,222.03671,1.12124,0.00165,357
415,2017-12-23 07:00:00,4.0,-13.054,91.8,0.8,83970.0,0.0,0.0564,206.24118,1.12466,0.00153,357
416,2017-12-23 08:00:00,48.0,-12.354,90.5,1.0,84050.0,0.0,0.50484,215.14264,1.12271,0.0016,357
417,2017-12-23 09:00:00,221.0,-11.754,91.1,0.4,84100.0,0.0,0.20375,227.25674,1.1208,0.00169,357
418,2017-12-23 10:00:00,309.0,-8.254,91.8,0.5,84110.0,0.0,0.13726,301.81873,1.10612,0.00224,357
419,2017-12-23 11:00:00,359.0,-5.954,88.7,0.5,84060.0,0.0,0.08141,348.09221,1.09595,0.00259,357
420,2017-12-23 12:00:00,341.0,-4.254,80.6,0.5,84020.0,0.0,0.07172,359.72355,1.0885,0.00267,357
421,2017-12-23 13:00:00,276.0,-2.654,72.9,0.5,84010.0,0.0,0.12182,366.62043,1.08193,0.00273,357
422,2017-12-23 14:00:00,61.0,-3.754,79.3,0.9,84030.0,0.0,0.66603,367.43988,1.08661,0.00273,357
423,2017-12-23 15:00:00,19.0,-4.454,83.4,1.6,84070.0,0.0,0.45235,366.66467,1.08996,0.00272,357
424,2017-12-23 16:00:00,0.0,-6.754,85.0,2.0,84100.0,0.0,0.18395,313.77832,1.09976,0.00233,357
425,2017-12-23 17:00:00,0.0,-8.654,93.1,1.1,84120.0,0.0,0.18395,296.70919,1.10793,0.0022,357
426,2017-12-23 18:00:00,0.0,-9.454,89.0,0.9,84150.0,0.0,0.18395,266.43298,1.11168,0.00198,357
427,2017-12-23 19:00:00,0.0,-9.754,86.3,1.4,84170.0,0.0,0.18395,252.32888,1.11321,0.00187,357
428,2017-12-23 20:00:00,0.0,-10.554,88.8,0.8,84150.0,0.0,0.18395,243.74089,1.11634,0.00181,357
429,2017-12-23 21:00:00,0.0,-11.554,91.0,0.7,84150.0,0.0,0.18395,230.66898,1.12061,0.00171,357
430,2017-12-23 22:00:00,0.0,-12.454,90.6,0.8,84130.0,0.0,0.18395,213.65289,1.12421,0.00158,357
431,2017-12-23 23:00:00,0.0,-12.354,93.4,0.8,84120.0,0.0,0.18395,222.03671,1.12364,0.00165,357
432,2017-12-24 00:00:00,0.0,-13.654,92.8,1.1,84120.0,0.0,0.05352,198.57415,1.12927,0.00147,358
433,2017-12-24 01:00:00,0.0,-14.054,93.0,1.1,84110.0,0.0,0.05352,192.61529,1.13088,0.00143,358
434,2017-12-24 02:00:00,0.0,-13.454,91.3,1.0,84090.0,0.0,0.05352,198.56855,1.128,0.00147,358
435,2017-12-24 03:00:00,0.0,-14.454,89.5,1.1,84050.0,0.0,0.05352,179.39666,1.13182,0.00133,358
436,2017-12-24 04:00:00,0.0,-14.754,91.9,0.8,84010.0,0.0,0.05352,179.72635,1.1326,0.00133,358
437,2017-12-24 05:00:00,0.0,-14.554,91.6,0.8,83980.0,0.0,0.05352,182.10627,1.13132,0.00135,358
438,2017-12-24 06:00:00,0.0,-15.754,92.9,0.7,83980.0,0.0,0.05352,167.28532,1.13659,0.00124,358
439,2017-12-24 07:00:00,5.0,-14.754,90.3,0.9,83970.0,0.0,0.05352,176.59728,1.13206,0.00131,358
440,2017-12-24 08:00:00,47.0,-15.054,90.7,0.5,83960.0,0.0,0.51516,173.05347,1.13324,0.00128,358
441,2017-12-24 09:00:00,256.0,-12.854,91.7,0.3,83950.0,0.0,0.07765,209.37759,1.12353,0.00156,358
442,2017-12-24 10:00:00,344.0,-9.454,83.7,0.4,83930.0,0.0,0.03954,250.56675,1.10878,0.00186,358
443,2017-12-24 11:00:00,379.0,-6.054,84.3,0.3,83850.0,0.0,0.03023,328.31236,1.09362,0.00244,358
444,2017-12-24 12:00:00,359.0,-4.654,79.1,0.3,83790.0,0.0,0.02272,342.56085,1.08714,0.00255,358
445,2017-12-24 13:00:00,286.0,-2.754,68.6,0.3,83740.0,0.0,0.09,342.44633,1.07885,0.00255,358
446,2017-12-24 14:00:00,170.0,-3.054,73.4,0.6,83720.0,0.0,0.06927,358.33249,1.0798,0.00267,358
447,2017-12-24 15:00:00,30.0,-4.954,80.5,1.2,83700.0,0.0,0.13529,340.81904,1.08719,0.00254,358
448,2017-12-24 16:00:00,0.0,-6.354,87.3,1.0,83700.0,0.0,0.08578,332.29518,1.09289,0.00248,358
449,2017-12-24 17:00:00,0.0,-7.754,91.9,1.2,83720.0,0.0,0.08578,314.09218,1.09892,0.00234,358
450,2017-12-24 18:00:00,0.0,-10.054,98.7,1.0,83740.0,0.0,0.08578,281.84162,1.10879,0.0021,358
451,2017-12-24 19:00:00,0.0,-10.154,97.0,1.0,83740.0,0.0,0.08578,274.80909,1.10921,0.00205,358
452,2017-12-24 20:00:00,0.0,-11.354,95.7,0.9,83730.0,0.0,0.08578,246.48877,1.11416,0.00184,358
453,2017-12-24 21:00:00,0.0,-11.754,89.3,1.1,83720.0,0.0,0.08578,222.76649,1.11573,0.00166,358
454,2017-12-24 22:00:00,0.0,-12.754,89.7,1.2,83710.0,0.0,0.08578,206.47278,1.11988,0.00154,358
455,2017-12-24 23:00:00,0.0,-12.854,93.6,1.0,83690.0,0.0,0.08578,213.71584,1.12005,0.00159,358
456,2017-12-25 00:00:00,0.0,-13.754,89.6,0.9,83660.0,0.0,0.15985,190.17159,1.12353,0.00142,359
457,2017-12-25 01:00:00,0.0,-13.854,91.0,1.1,83640.0,0.0,0.15985,191.57501,1.1237,0.00143,359
458,2017-12-25 02:00:00,0.0,-13.854,89.5,1.1,83600.0,0.0,0.15985,188.41718,1.12316,0.00141,359
459,2017-12-25 03:00:00,0.0,-13.754,90.8,0.6,83560.0,0.0,0.15985,192.71854,1.12219,0.00144,359
460,2017-12-25 04:00:00,0.0,-13.854,87.9,1.1,83520.0,0.0,0.15985,185.04883,1.12208,0.00138,359
461,2017-12-25 05:00:00,0.0,-14.254,90.4,1.1,83500.0,0.0,0.15985,184.19346,1.12355,0.00138,359
462,2017-12-25 06:00:00,0.0,-14.054,89.4,1.0,83480.0,0.0,0.15985,185.15922,1.12241,0.00138,359
463,2017-12-25 07:00:00,5.0,-13.954,90.4,0.8,83460.0,0.0,0.15985,188.7655,1.12171,0.00141,359
464,2017-12-25 08:00:00,45.0,-14.554,88.8,0.8,83450.0,0.0,0.53579,176.5397,1.12418,0.00132,359
465,2017-12-25 09:00:00,255.0,-11.454,88.5,0.4,83440.0,0.0,0.08125,226.13161,1.11073,0.00169,359
466,2017-12-25 10:00:00,344.0,-8.654,90.6,0.3,83390.0,0.0,0.04768,288.7417,1.09831,0.00216,359
467,2017-12-25 11:00:00,381.0,-5.854,82.4,0.5,83290.0,0.0,0.05234,325.8413,1.0855,0.00244,359
468,2017-12-25 12:00:00,360.0,-3.454,75.3,0.4,83190.0,0.0,0.08364,356.81494,1.07455,0.00268,359
469,2017-12-25 13:00:00,287.0,-1.554,65.6,0.4,83120.0,0.0,0.0234,357.80375,1.06614,0.00269,359
470,2017-12-25 14:00:00,172.0,-1.354,65.2,0.7,83090.0,0.0,0.0368,360.88066,1.06497,0.00271,359
471,2017-12-25 15:00:00,30.0,-2.154,61.5,2.8,83080.0,0.0,0.13529,320.94289,1.06798,0.00241,359
472,2017-12-25 16:00:00,0.0,-4.054,69.8,3.1,83070.0,0.0,0.19144,316.23442,1.07539,0.00238,359
473,2017-12-25 17:00:00,0.0,-7.454,78.1,1.7,83050.0,0.0,0.19144,273.18773,1.08889,0.00205,359
474,2017-12-25 18:00:00,0.0,-7.954,85.7,1.6,83030.0,0.0,0.19144,288.40035,1.09068,0.00217,359
475,2017-12-25 19:00:00,0.0,-6.054,82.7,3.4,83000.0,0.0,0.19144,322.08105,1.08253,0.00242,359
476,2017-12-25 20:00:00,0.0,-3.254,86.1,5.1,82980.0,0.0,0.19144,414.12137,1.07104,0.00312,359
477,2017-12-25 21:00:00,0.0,-2.554,86.8,5.2,82950.0,0.0,0.19144,439.77132,1.06789,0.00332,359
478,2017-12-25 22:00:00,0.0,-3.454,85.7,4.3,82920.0,0.0,0.19144,406.09615,1.07106,0.00306,359
479,2017-12-25 23:00:00,0.0,-5.154,83.4,3.8,82890.0,0.0,0.19144,347.79612,1.07747,0.00262,359
480,2017-12-26 00:00:00,0.0,-4.854,82.9,3.2,82830.0,0.0,0.33507,353.64133,1.07548,0.00267,360
481,2017-12-26 01:00:00,0.0,-2.754,79.1,4.6,82770.0,0.0,0.33507,394.86159,1.06636,0.00298,360
482,2017-12-26 02:00:00,0.0,-4.354,81.9,1.8,82730.0,0.0,0.33507,362.78865,1.07219,0.00274,360
483,2017-12-26 03:00:00,0.0,-8.054,92.1,1.6,82660.0,0.0,0.33507,307.5438,1.08623,0.00232,360
484,2017-12-26 04:00:00,0.0,-8.054,90.7,1.3,82590.0,0.0,0.33507,302.86887,1.08531,0.00229,360
485,2017-12-26 05:00:00,0.0,-8.654,92.2,1.8,82510.0,0.0,0.33507,293.84089,1.08672,0.00222,360
486,2017-12-26 06:00:00,0.0,-8.954,93.5,1.8,82460.0,0.0,0.33507,291.08575,1.0873,0.0022,360
487,2017-12-26 07:00:00,4.0,-8.854,94.7,1.6,82430.0,0.0,0.33507,297.13436,1.08649,0.00225,360
488,2017-12-26 08:00:00,78.0,-7.854,93.2,1.4,82400.0,0.0,0.02,316.07899,1.082,0.0024,360
489,2017-12-26 09:00:00,216.0,-5.454,88.7,0.8,82360.0,0.0,0.22176,361.58269,1.07178,0.00274,360
490,2017-12-26 10:00:00,262.0,-1.354,82.1,2.7,82290.0,0.0,0.27469,454.42181,1.05471,0.00345,360
491,2017-12-26 11:00:00,183.0,-0.054,78.3,4.6,82230.0,0.0,0.54482,476.49598,1.04893,0.00363,360
492,2017-12-26 12:00:00,146.0,-0.054,76.6,5.4,82150.0,0.0,0.62836,466.1506,1.04791,0.00355,360
493,2017-12-26 13:00:00,154.0,0.046,73.0,4.2,82080.0,0.0,0.47415,447.47615,1.04663,0.00341,360
494,2017-12-26 14:00:00,62.0,-0.554,80.0,3.6,82050.0,0.0,0.6528,469.46227,1.04855,0.00358,360
495,2017-12-26 15:00:00,21.0,-1.154,85.1,3.2,82030.0,0.0,0.39471,477.98029,1.05061,0.00365,360
496,2017-12-26 16:00:00,0.0,-1.354,86.2,2.5,82010.0,0.0,0.58254,477.11523,1.05112,0.00364,360
497,2017-12-26 17:00:00,0.0,-1.754,90.8,1.4,81950.0,0.0002,0.58254,488.0242,1.0519,0.00373,360
498,2017-12-26 18:00:00,0.0,-2.054,93.3,1.0,81890.0,0.0007,0.58254,490.49997,1.0523,0.00375,360
499,2017-12-26 19:00:00,0.0,-2.154,94.5,0.8,81820.0,0.0006,0.58254,493.15614,1.05178,0.00377,360
500,2017-12-26 20:00:00,0.0,-1.954,91.7,1.1,81710.0,0.0001,0.58254,485.65596,1.0496,0.00372,360
501,2017-12-26 21:00:00,0.0,-1.654,89.9,1.7,81620.0,0.0002,0.58254,486.75374,1.04728,0.00373,360
502,2017-12-26 22:00:00,0.0,-1.754,91.5,1.7,81540.0,0.0003,0.58254,491.78651,1.04664,0.00377,360
503,2017-12-26 23:00:00,0.0,-1.854,91.7,2.5,81450.0,0.0001,0.58254,489.24693,1.04587,0.00376,360
504,2017-12-27 00:00:00,0.0,-1.954,88.9,3.2,81370.0,0.0001,0.13711,470.82677,1.04523,0.00362,361
505,2017-12-27 01:00:00,0.0,-1.954,89.1,1.8,81250.0,0.0,0.13711,471.886,1.04369,0.00363,361
506,2017-12-27 02:00:00,0.0,-1.954,88.7,1.4,81120.0,0.0002,0.13711,469.76754,1.04202,0.00362,361
507,2017-12-27 03:00:00,0.0,-2.354,87.1,3.0,81010.0,0.0,0.13711,447.87147,1.04214,0.00346,361
508,2017-12-27 04:00:00,0.0,-2.454,85.5,4.2,80920.0,0.0,0.13711,436.40394,1.04137,0.00337,361
509,2017-12-27 05:00:00,0.0,-2.254,82.9,5.0,80830.0,0.0,0.13711,429.43734,1.03944,0.00332,361
510,2017-12-27 06:00:00,0.0,-2.254,86.2,4.6,80800.0,0.0,0.13711,446.53195,1.03906,0.00346,361
511,2017-12-27 07:00:00,4.0,-1.954,84.9,4.0,80730.0,0.0,0.13711,449.64221,1.03701,0.00348,361
512,2017-12-27 08:00:00,39.0,-2.154,85.7,2.1,80660.0,0.0,0.51,447.23261,1.03687,0.00347,361
513,2017-12-27 09:00:00,69.0,-2.754,93.8,0.4,80610.0,0.0002,0.7514,468.24294,1.03853,0.00363,361
514,2017-12-27 10:00:00,100.0,-2.654,93.7,1.3,80490.0,0.0,0.72316,471.22543,1.0366,0.00366,361
515,2017-12-27 11:00:00,67.0,-2.454,94.7,1.6,80360.0,0.0007,0.83335,483.36202,1.03416,0.00376,361
516,2017-12-27 12:00:00,54.0,-2.154,95.3,1.6,80230.0,0.0008,0.86255,497.33101,1.03135,0.00388,361
517,2017-12-27 13:00:00,37.0,-2.154,96.7,1.2,80140.0,0.0018,0.87625,504.63703,1.03019,0.00394,361
518,2017-12-27 14:00:00,18.0,-2.054,97.0,0.9,80050.0,0.0014,0.91046,509.95174,1.02865,0.00399,361
519,2017-12-27 15:00:00,1.0,-2.054,95.9,1.6,79990.0,0.0016,0.56929,504.16878,1.02788,0.00395,361
520,2017-12-27 16:00:00,0.0,-2.154,96.3,1.5,79930.0,0.0014,0.53503,502.54959,1.02749,0.00394,361
521,2017-12-27 17:00:00,0.0,-2.254,96.6,1.6,79920.0,0.001,0.53503,500.40588,1.02774,0.00392,361
522,2017-12-27 18:00:00,0.0,-2.254,96.1,1.7,79920.0,0.0006,0.53503,497.81578,1.02774,0.0039,361
523,2017-12-27 19:00:00,0.0,-2.154,93.6,2.6,79890.0,0.0003,0.53503,488.45942,1.02698,0.00383,361
524,2017-12-27 20:00:00,0.0,-2.154,88.8,5.0,79870.0,0.0002,0.53503,463.41022,1.02672,0.00363,361
525,2017-12-27 21:00:00,0.0,-3.054,85.4,5.9,79930.0,0.0001,0.53503,416.91546,1.03091,0.00326,361
526,2017-12-27 22:00:00,0.0,-4.454,85.6,4.7,80040.0,0.0,0.53503,376.33688,1.03771,0.00294,361
527,2017-12-27 23:00:00,0.0,-4.954,87.5,4.0,80080.0,0.0,0.53503,370.45548,1.04016,0.00289,361
528,2017-12-28 00:00:00,0.0,-5.254,83.3,3.6,80110.0,0.0,0.06899,344.75843,1.04172,0.00269,362
529,2017-12-28 01:00:00,0.0,-5.854,86.6,1.4,80180.0,0.0,0.06899,342.44972,1.04497,0.00267,362
530,2017-12-28 02:00:00,0.0,-6.454,93.6,0.7,80240.0,0.0,0.06899,353.56024,1.0481,0.00275,362
531,2017-12-28 03:00:00,0.0,-6.454,93.4,1.1,80270.0,0.0,0.06899,352.80477,1.0485,0.00275,362
532,2017-12-28 04:00:00,0.0,-6.654,94.0,1.0,80300.0,0.0,0.06899,349.67335,1.04968,0.00272,362
533,2017-12-28 05:00:00,0.0,-6.954,94.4,1.2,80360.0,0.0,0.06899,343.16754,1.05164,0.00267,362
534,2017-12-28 06:00:00,0.0,-7.654,96.3,0.6,80410.0,0.0,0.06899,331.68584,1.05507,0.00258,362
535,2017-12-28 07:00:00,4.0,-7.454,93.8,1.0,80480.0,0.0,0.06899,328.10511,1.0552,0.00255,362
536,2017-12-28 08:00:00,49.0,-6.954,90.5,1.4,80540.0,0.0,0.38436,328.99007,1.054,0.00255,362
537,2017-12-28 09:00:00,105.0,-6.154,81.9,1.2,80610.0,0.0,0.60575,316.54083,1.05175,0.00245,362
538,2017-12-28 10:00:00,124.0,-6.354,79.9,1.8,80670.0,0.0,0.65672,304.12812,1.05333,0.00235,362
539,2017-12-28 11:00:00,126.0,-6.554,84.1,1.0,80690.0,0.0,0.6866,315.25249,1.05438,0.00244,362
540,2017-12-28 12:00:00,127.0,-6.954,88.3,1.9,80700.0,0.0001,0.67673,320.99252,1.05609,0.00248,362
541,2017-12-28 13:00:00,110.0,-7.354,87.3,1.2,80770.0,0.0,0.63208,307.73358,1.0586,0.00238,362
542,2017-12-28 14:00:00,75.0,-7.554,85.0,0.7,80860.0,0.0,0.6269,295.0365,1.06058,0.00228,362
543,2017-12-28 15:00:00,22.0,-7.754,77.9,2.4,80960.0,0.0,0.5688,266.24353,1.06269,0.00205,362
544,2017-12-28 16:00:00,0.0,-8.054,76.8,2.8,81040.0,0.0,0.38964,256.45346,1.06494,0.00197,362
545,2017-12-28 17:00:00,0.0,-8.454,77.6,2.5,81100.0,0.0,0.38964,251.19437,1.06734,0.00193,362
546,2017-12-28 18:00:00,0.0,-8.954,80.1,1.9,81190.0,0.0,0.38964,249.36865,1.07055,0.00192,362
547,2017-12-28 19:00:00,0.0,-9.554,87.1,1.2,81260.0,0.0,0.38964,258.70518,1.07391,0.00199,362
548,2017-12-28 20:00:00,0.0,-10.354,93.0,0.6,81330.0,0.0,0.38964,259.34403,1.07811,0.00199,362
549,2017-12-28 21:00:00,0.0,-10.854,96.1,0.3,81380.0,0.0,0.38964,257.57268,1.08083,0.00197,362
550,2017-12-28 22:00:00,0.0,-11.054,94.3,0.6,81460.0,0.0,0.38964,248.76001,1.08272,0.00191,362
551,2017-12-28 23:00:00,0.0,-11.354,83.1,0.7,81530.0,0.0,0.38964,214.0357,1.08489,0.00164,362
552,2017-12-29 00:00:00,0.0,-11.854,78.4,1.2,81580.0,0.0,0.06055,194.01498,1.08763,0.00148,363
553,2017-12-29 01:00:00,0.0,-12.654,79.2,1.0,81660.0,0.0,0.06055,183.78158,1.09204,0.0014,363
554,2017-12-29 02:00:00,0.0,-13.354,78.8,1.0,81720.0,0.0,0.06055,172.78011,1.09579,0.00132,363
555,2017-12-29 03:00:00,0.0,-13.354,80.1,0.7,81770.0,0.0,0.06055,175.63055,1.09646,0.00134,363
556,2017-12-29 04:00:00,0.0,-14.654,78.5,1.1,81790.0,0.0,0.06055,154.78685,1.10224,0.00118,363
557,2017-12-29 05:00:00,0.0,-17.054,84.3,0.7,81840.0,0.0,0.06055,136.20246,1.11325,0.00104,363
558,2017-12-29 06:00:00,0.0,-18.054,84.8,0.8,81890.0,0.0,0.06055,125.94006,1.1183,0.00096,363
559,2017-12-29 07:00:00,5.0,-19.554,86.8,0.8,81950.0,0.0,0.06055,113.44618,1.12574,0.00086,363
560,2017-12-29 08:00:00,43.0,-19.954,84.2,1.0,81980.0,0.0,0.45974,106.33023,1.12793,0.00081,363
561,2017-12-29 09:00:00,261.0,-18.554,82.4,0.5,81980.0,0.0,0.02,117.2947,1.12173,0.00089,363
562,2017-12-29 10:00:00,354.0,-16.554,79.2,0.5,81960.0,0.0,0.02,133.43078,1.11271,0.00101,363
563,2017-12-29 11:00:00,394.0,-15.854,75.8,0.5,81910.0,0.0,0.02,135.36567,1.10901,0.00103,363
564,2017-12-29 12:00:00,385.0,-13.354,67.3,0.5,81910.0,0.0,0.02,147.56474,1.09833,0.00112,363
565,2017-12-29 13:00:00,200.0,-12.254,60.2,0.8,81890.0,0.0,0.33106,144.26757,1.09344,0.0011,363
566,2017-12-29 14:00:00,95.0,-12.054,63.3,0.9,81910.0,0.0,0.52741,154.15423,1.09287,0.00117,363
567,2017-12-29 15:00:00,24.0,-12.254,69.6,0.6,81910.0,0.0,0.5296,166.7944,1.0937,0.00127,363
568,2017-12-29 16:00:00,0.0,-11.954,75.6,1.0,81890.0,0.0,0.18122,185.59179,1.09218,0.00141,363
569,2017-12-29 17:00:00,0.0,-12.054,78.0,1.1,81940.0,0.0,0.18122,189.95308,1.09327,0.00145,363
570,2017-12-29 18:00:00,0.0,-12.554,79.5,1.0,81910.0,0.0,0.18122,185.9719,1.09496,0.00142,363
571,2017-12-29 19:00:00,0.0,-11.954,78.6,1.3,81910.0,0.0,0.18122,192.95655,1.09245,0.00147,363
572,2017-12-29 20:00:00,0.0,-11.254,78.3,1.2,81870.0,0.0,0.18122,203.28773,1.089,0.00155,363
573,2017-12-29 21:00:00,0.0,-11.154,78.5,1.1,81820.0,0.0,0.18122,205.43777,1.08792,0.00157,363
574,2017-12-29 22:00:00,0.0,-10.054,84.4,1.4,81940.0,0.001,0.18122,241.00742,1.08496,0.00183,363
575,2017-12-29 23:00:00,0.0,-10.254,87.6,2.2,81970.0,0.0008,0.18122,246.22487,1.08618,0.00187,363
576,2017-12-30 00:00:00,0.0,-10.254,89.5,1.4,82010.0,0.0005,0.06239,251.56536,1.08671,0.00191,364
577,2017-12-30 01:00:00,0.0,-10.054,85.7,1.1,82060.0,0.0,0.06239,244.71962,1.08654,0.00186,364
578,2017-12-30 02:00:00,0.0,-9.954,84.7,1.6,82080.0,0.0,0.06239,243.77943,1.0864,0.00185,364
579,2017-12-30 03:00:00,0.0,-9.654,85.0,1.2,82080.0,0.0,0.06239,250.4909,1.08516,0.0019,364
580,2017-12-30 04:00:00,0.0,-8.854,88.3,1.3,82130.0,0.0004,0.06239,277.05347,1.08253,0.00211,364
581,2017-12-30 05:00:00,0.0,-8.154,96.7,1.1,82130.0,0.0004,0.06239,320.40799,1.07967,0.00244,364
582,2017-12-30 06:00:00,0.0,-7.754,96.6,1.1,82140.0,0.0001,0.06239,330.15565,1.07818,0.00251,364
583,2017-12-30 07:00:00,2.0,-7.554,98.0,0.5,82170.0,0.001,0.06239,340.15973,1.07776,0.00259,364
584,2017-12-30 08:00:00,29.0,-7.254,97.9,0.9,82180.0,0.0004,0.63564,347.76909,1.07668,0.00264,364
585,2017-12-30 09:00:00,79.0,-7.054,98.3,0.4,82180.0,0.0005,0.70337,354.60804,1.07587,0.0027,364
586,2017-12-30 10:00:00,98.0,-6.454,96.8,0.2,82230.0,0.0006,0.7287,365.64777,1.0741,0.00278,364
587,2017-12-30 11:00:00,126.0,-5.554,94.6,0.6,82230.0,0.0002,0.6866,382.71726,1.07049,0.00291,364
588,2017-12-30 12:00:00,116.0,-4.954,94.5,0.3,82230.0,0.0,0.70473,400.09192,1.06809,0.00304,364
589,2017-12-30 13:00:00,92.0,-4.254,92.2,1.2,82250.0,0.0001,0.69229,411.49518,1.06557,0.00313,364
590,2017-12-30 14:00:00,62.0,-4.454,91.7,0.9,82290.0,0.0,0.69157,403.15528,1.06688,0.00306,364
591,2017-12-30 15:00:00,20.0,-3.954,91.5,0.7,82370.0,0.0,0.608,417.66748,1.06594,0.00317,364
592,2017-12-30 16:00:00,0.0,-3.854,92.3,1.2,82430.0,0.0,0.40505,424.487,1.06632,0.00322,364
593,2017-12-30 17:00:00,0.0,-3.154,91.5,1.5,82460.0,0.0,0.40505,443.38373,1.06394,0.00336,364
594,2017-12-30 18:00:00,0.0,-2.454,90.4,1.5,82510.0,0.0,0.40505,461.41422,1.06183,0.0035,364
595,2017-12-30 19:00:00,0.0,-1.154,89.0,1.4,82570.0,0.0,0.40505,499.88538,1.05752,0.00379,364
596,2017-12-30 20:00:00,0.0,-0.754,92.0,1.3,82620.0,0.0,0.40505,532.06609,1.05661,0.00403,364
597,2017-12-30 21:00:00,0.0,-0.854,93.1,0.8,82630.0,0.0,0.40505,534.51148,1.05713,0.00405,364
598,2017-12-30 22:00:00,0.0,-1.854,95.3,1.2,82650.0,0.0,0.40505,508.45401,1.06128,0.00385,364
599,2017-12-30 23:00:00,0.0,-2.154,93.8,1.6,82620.0,0.0,0.40505,489.50313,1.06207,0.00371,364
600,2017-12-31 00:00:00,0.0,-2.054,93.3,1.6,82640.0,0.0,0.05121,490.49997,1.06193,0.00371,365
601,2017-12-31 01:00:00,0.0,-4.154,99.0,1.0,82690.0,0.0,0.05121,445.17455,1.07087,0.00337,365
602,2017-12-31 02:00:00,0.0,-6.054,99.6,1.2,82700.0,0.0,0.05121,387.8993,1.07862,0.00293,365
603,2017-12-31 03:00:00,0.0,-6.654,99.9,0.8,82720.0,0.0,0.05121,371.62093,1.08131,0.00281,365
604,2017-12-31 04:00:00,0.0,-8.454,100.0,0.7,82750.0,0.0,0.05121,323.70408,1.08906,0.00244,365
605,2017-12-31 05:00:00,0.0,-9.254,99.5,1.0,82780.0,0.0,0.05121,302.5759,1.09276,0.00228,365
606,2017-12-31 06:00:00,0.0,-10.754,100.0,0.8,82800.0,0.0,0.05121,270.1629,1.09927,0.00204,365
607,2017-12-31 07:00:00,4.0,-9.254,99.1,0.9,82830.0,0.0,0.05121,301.35952,1.09342,0.00227,365
608,2017-12-31 08:00:00,38.0,-11.554,96.6,0.8,82850.0,0.0,0.52256,244.86399,1.1033,0.00184,365
609,2017-12-31 09:00:00,248.0,-8.454,97.9,0.7,82840.0,0.0,0.06881,316.9063,1.09024,0.00239,365
610,2017-12-31 10:00:00,339.0,-7.754,98.8,0.4,82830.0,0.0,0.06153,337.67472,1.08724,0.00255,365
611,2017-12-31 11:00:00,378.0,-5.254,93.7,0.6,82770.0,0.0,0.0598,387.8015,1.07631,0.00293,365
612,2017-12-31 12:00:00,361.0,-3.254,90.3,0.6,82710.0,0.0,0.08109,434.32241,1.06756,0.00328,365
613,2017-12-31 13:00:00,293.0,-2.754,89.1,0.6,82650.0,0.0,0.02,444.78088,1.06481,0.00337,365
614,2017-12-31 14:00:00,197.0,0.246,77.8,2.5,82610.0,0.0,0.02,483.85807,1.05262,0.00366,365
615,2017-12-31 15:00:00,50.0,0.746,75.4,4.5,82570.0,0.0,0.02,486.17538,1.05019,0.00368,365
616,2017-12-31 16:00:00,0.0,-1.054,85.0,3.5,82520.0,0.0,0.07308,480.9253,1.05649,0.00365,365
617,2017-12-31 17:00:00,0.0,-0.754,87.2,4.9,82500.0,0.0,0.07308,504.30612,1.05508,0.00383,365
618,2017-12-31 18:00:00,0.0,-0.554,87.6,4.8,82470.0,0.0,0.07308,514.06118,1.05392,0.0039,365
619,2017-12-31 19:00:00,0.0,-0.054,85.6,4.3,82450.0,0.0,0.07308,520.92025,1.05173,0.00395,365
620,2017-12-31 20:00:00,0.0,-0.154,84.7,3.9,82440.0,0.0,0.07308,511.71569,1.05199,0.00388,365
621,2017-12-31 21:00:00,0.0,-0.854,84.3,3.8,82400.0,0.0,0.07308,483.98837,1.05418,0.00367,365
622,2017-12-31 22:00:00,0.0,-1.554,85.7,4.1,82350.0,0.0,0.07308,467.43569,1.05626,0.00355,365
623,2017-12-31 23:00:00,0.0,-1.954,85.5,3.1,82320.0,0.0,0.07308,452.8199,1.05743,0.00344,365
624,2018-01-01 00:00:00,0.0,-2.154,86.1,2.6,82300.0,0.0,0.13169,449.32004,1.05796,0.00341,1
625,2018-01-01 01:00:00,0.0,-1.554,83.2,2.7,82270.0,0.0,0.13169,453.79988,1.05523,0.00345,1
626,2018-01-01 02:00:00,0.0,-2.554,87.1,1.2,82240.0,0.0,0.13169,441.29126,1.05875,0.00336,1
627,2018-01-01 03:00:00,0.0,-2.854,89.4,1.2,82200.0,0.0,0.13169,442.97837,1.05941,0.00337,1
628,2018-01-01 04:00:00,0.0,-3.354,93.5,0.7,82150.0,0.0003,0.13169,446.37435,1.06072,0.0034,1
629,2018-01-01 05:00:00,0.0,-3.054,96.0,0.6,82100.0,0.0003,0.13169,468.66375,1.0589,0.00357,1
630,2018-01-01 06:00:00,0.0,-3.154,95.8,0.4,82070.0,0.0008,0.13169,464.22034,1.05891,0.00354,1
631,2018-01-01 07:00:00,0.0,-1.754,88.8,5.5,82140.0,0.0004,0.13169,477.27477,1.05434,0.00364,1
632,2018-01-01 08:00:00,6.0,-1.954,86.2,4.2,82240.0,0.0,0.13169,456.52719,1.0564,0.00347,1
633,2018-01-01 09:00:00,52.0,-3.154,90.7,1.7,82270.0,0.0,0.80324,439.50715,1.06149,0.00334,1
634,2018-01-01 10:00:00,101.0,-3.354,90.8,0.9,82280.0,0.0,0.7172,433.4844,1.0624,0.00329,1
635,2018-01-01 11:00:00,229.0,-3.154,88.2,0.9,82210.0,0.0,0.42896,427.39284,1.06071,0.00325,1
636,2018-01-01 12:00:00,221.0,-2.554,79.3,1.1,82130.0,0.0,0.48062,401.77264,1.05733,0.00306,1
637,2018-01-01 13:00:00,356.0,-2.254,67.2,3.3,82070.0,0.0,0.02,348.10844,1.05539,0.00265,1
638,2018-01-01 14:00:00,265.0,-2.154,61.8,2.1,82020.0,0.0,0.24725,322.50846,1.05436,0.00246,1
639,2018-01-01 15:00:00,110.0,-3.954,72.2,1.1,81950.0,0.0,0.21314,329.56931,1.0605,0.00251,1
640,2018-01-01 16:00:00,15.0,-6.454,86.7,1.3,81910.0,0.0,0.6027,327.4965,1.06992,0.0025,1
641,2018-01-01 17:00:00,0.0,-9.254,94.1,0.8,81850.0,0.0,0.30729,286.1547,1.08048,0.00218,1
642,2018-01-01 18:00:00,0.0,-9.754,92.3,1.2,81800.0,0.0,0.30729,269.87202,1.08187,0.00206,1
643,2018-01-01 19:00:00,0.0,-10.154,95.5,1.3,81760.0,0.0,0.30729,270.55947,1.08298,0.00207,1
644,2018-01-01 20:00:00,0.0,-11.254,97.3,1.7,81750.0,0.0,0.30729,252.61681,1.0874,0.00193,1
645,2018-01-01 21:00:00,0.0,-10.754,85.5,1.0,81780.0,0.0,0.30729,230.98928,1.08573,0.00176,1
646,2018-01-01 22:00:00,0.0,-9.454,83.4,1.7,81790.0,0.0,0.30729,249.66866,1.08051,0.0019,1
647,2018-01-01 23:00:00,0.0,-9.354,84.7,1.2,81800.0,0.0,0.30729,255.558,1.08023,0.00195,1
648,2018-01-02 00:00:00,0.0,-7.654,80.0,2.4,81830.0,0.0,0.21482,275.54379,1.0737,0.0021,2
649,2018-01-02 01:00:00,0.0,-3.954,68.4,4.3,81860.0,0.0,0.21482,312.22356,1.05934,0.00238,2
650,2018-01-02 02:00:00,0.0,-3.354,71.3,5.7,81910.0,0.0,0.21482,340.39028,1.05763,0.0026,2
651,2018-01-02 03:00:00,0.0,-5.154,91.8,3.1,81940.0,0.0,0.21482,382.82595,1.06512,0.00292,2
652,2018-01-02 04:00:00,0.0,-4.654,89.3,3.2,81990.0,0.0,0.21482,386.73431,1.06378,0.00295,2
653,2018-01-02 05:00:00,0.0,-6.454,93.3,2.3,82020.0,0.0,0.21482,352.42703,1.07136,0.00268,2
654,2018-01-02 06:00:00,0.0,-5.854,85.3,2.0,82080.0,0.0,0.21482,337.30902,1.06973,0.00257,2
655,2018-01-02 07:00:00,0.0,-4.754,72.0,3.5,82120.0,0.0,0.21482,309.47013,1.06587,0.00235,2
656,2018-01-02 08:00:00,18.0,-4.954,82.1,2.5,82200.0,0.0,0.59909,347.59309,1.0677,0.00264,2
657,2018-01-02 09:00:00,112.0,-5.154,83.3,1.3,82270.0,0.0,0.59348,347.3791,1.06941,0.00264,2
658,2018-01-02 10:00:00,134.0,-4.554,82.8,2.0,82340.0,0.0,0.63923,361.29657,1.06793,0.00274,2
659,2018-01-02 11:00:00,271.0,-4.454,86.8,1.0,82420.0,0.0001,0.34425,381.61263,1.06857,0.00289,2
660,2018-01-02 12:00:00,250.0,-3.554,71.5,1.9,82410.0,0.0,0.41247,336.28835,1.06487,0.00255,2
661,2018-01-02 13:00:00,187.0,-3.554,64.4,2.6,82420.0,0.0,0.48522,302.89468,1.065,0.00229,2
662,2018-01-02 14:00:00,240.0,-2.854,52.7,5.2,82440.0,0.0,0.31826,261.12931,1.0625,0.00198,2
663,2018-01-02 15:00:00,131.0,-3.054,45.2,5.6,82470.0,0.0,0.06292,220.66251,1.06367,0.00167,2
664,2018-01-02 16:00:00,15.0,-4.154,48.4,4.9,82520.0,0.0,0.6027,217.64089,1.06867,0.00164,2
665,2018-01-02 17:00:00,0.0,-7.554,65.0,1.3,82560.0,0.0,0.40335,225.61615,1.08288,0.0017,2
666,2018-01-02 18:00:00,0.0,-9.754,77.4,1.1,82570.0,0.0,0.40335,226.30655,1.09205,0.00171,2
667,2018-01-02 19:00:00,0.0,-10.954,78.8,1.3,82610.0,0.0,0.40335,209.53199,1.09758,0.00158,2
668,2018-01-02 20:00:00,0.0,-9.554,75.1,1.4,82660.0,0.0,0.40335,223.06267,1.09241,0.00168,2
669,2018-01-02 21:00:00,0.0,-8.954,75.6,0.6,82630.0,0.0,0.40335,235.35918,1.08954,0.00178,2
670,2018-01-02 22:00:00,0.0,-8.554,80.2,0.8,82590.0,0.0,0.40335,257.59686,1.08736,0.00195,2
671,2018-01-02 23:00:00,0.0,-8.554,94.7,0.7,82560.0,0.0003,0.40335,304.16985,1.08697,0.0023,2
672,2018-01-03 00:00:00,0.0,-8.454,97.6,0.7,82520.0,0.0006,0.13047,315.93519,1.08603,0.00239,3
673,2018-01-03 01:00:00,0.0,-7.354,94.6,2.1,82480.0,0.0005,0.13047,333.46617,1.08101,0.00252,3
674,2018-01-03 02:00:00,0.0,-7.054,96.2,1.1,82440.0,0.0003,0.13047,347.03249,1.07927,0.00263,3
675,2018-01-03 03:00:00,0.0,-6.654,94.7,0.7,82380.0,0.0,0.13047,352.2773,1.07687,0.00267,3
676,2018-01-03 04:00:00,0.0,-7.154,95.3,1.2,82310.0,0.0,0.13047,341.15049,1.07797,0.00259,3
677,2018-01-03 05:00:00,0.0,-6.754,94.9,0.8,82220.0,0.0,0.13047,350.32427,1.07518,0.00266,3
678,2018-01-03 06:00:00,0.0,-6.454,93.5,1.2,82120.0,0.0,0.13047,353.1825,1.07266,0.00269,3
679,2018-01-03 07:00:00,0.0,-6.154,95.4,1.2,81980.0,0.0,0.13047,368.7179,1.06963,0.00281,3
680,2018-01-03 08:00:00,34.0,-1.554,82.3,5.6,81850.0,0.0,0.35923,448.89098,1.04985,0.00343,3
681,2018-01-03 09:00:00,38.0,-1.154,79.8,9.6,81730.0,0.0,0.86207,448.21184,1.04677,0.00343,3
682,2018-01-03 10:00:00,104.0,-0.954,83.0,9.7,81620.0,0.0,0.72,473.05586,1.04459,0.00363,3
683,2018-01-03 11:00:00,59.0,-0.954,83.7,9.7,81500.0,0.0,0.85723,477.04549,1.04305,0.00366,3
684,2018-01-03 12:00:00,70.0,-1.554,89.0,9.4,81410.0,0.0002,0.83549,485.43496,1.0442,0.00373,3
685,2018-01-03 13:00:00,53.0,0.546,83.7,6.4,81330.0,0.0002,0.8541,531.9631,1.03517,0.0041,3
686,2018-01-03 14:00:00,26.0,-0.354,85.5,7.2,81480.0,0.0009,0.92614,509.09559,1.0405,0.00391,3
687,2018-01-03 15:00:00,18.0,-1.754,77.4,10.0,81700.0,0.0001,0.87124,416.00301,1.04869,0.00318,3
688,2018-01-03 16:00:00,1.0,-2.354,73.4,7.5,81740.0,0.0,0.55248,377.42556,1.05153,0.00289,3
689,2018-01-03 17:00:00,0.0,-2.254,60.2,7.3,81800.0,0.0,0.55248,311.84714,1.05192,0.00238,3
690,2018-01-03 18:00:00,0.0,-3.254,74.3,1.4,81790.0,0.0,0.55248,357.36606,1.05568,0.00273,3
691,2018-01-03 19:00:00,0.0,-3.854,81.3,2.2,81780.0,0.0,0.55248,373.89808,1.05791,0.00286,3
692,2018-01-03 20:00:00,0.0,-3.954,87.4,1.8,81840.0,0.0002,0.55248,398.95232,1.05908,0.00305,3
693,2018-01-03 21:00:00,0.0,-3.554,80.6,3.4,81890.0,0.0,0.55248,379.08869,1.05815,0.00289,3
694,2018-01-03 22:00:00,0.0,-2.654,63.6,3.9,81870.0,0.0,0.55248,319.84992,1.05437,0.00244,3
695,2018-01-03 23:00:00,0.0,-3.954,85.4,2.5,81910.0,0.0001,0.55248,389.82298,1.05998,0.00297,3
696,2018-01-04 00:00:00,0.0,-4.254,90.4,2.3,81900.0,0.0004,0.15095,403.46165,1.06104,0.00308,4
697,2018-01-04 01:00:00,0.0,-4.454,92.3,2.7,81880.0,0.0003,0.15095,405.79315,1.06157,0.0031,4
698,2018-01-04 02:00:00,0.0,-4.654,95.0,1.9,81870.0,0.0011,0.15095,411.41948,1.06223,0.00314,4
699,2018-01-04 03:00:00,0.0,-4.654,96.2,1.8,81830.0,0.0011,0.15095,416.61635,1.06171,0.00318,4
700,2018-01-04 04:00:00,0.0,-4.354,93.9,2.3,81820.0,0.0007,0.15095,415.9445,1.06039,0.00318,4
701,2018-01-04 05:00:00,0.0,-3.854,90.2,2.9,81840.0,0.0002,0.15095,414.82912,1.05868,0.00317,4
702,2018-01-04 06:00:00,0.0,-4.054,91.5,3.1,81810.0,0.0002,0.15095,414.54798,1.05908,0.00317,4
703,2018-01-04 07:00:00,0.0,-4.154,92.6,3.6,81810.0,0.0003,0.15095,416.39559,1.05948,0.00318,4
704,2018-01-04 08:00:00,3.0,-3.854,92.7,2.7,81790.0,0.0005,0.15095,426.3266,1.05804,0.00326,4
705,2018-01-04 09:00:00,23.0,-3.754,92.8,2.3,81810.0,0.0005,0.91652,429.9927,1.0579,0.00329,4
706,2018-01-04 10:00:00,34.0,-3.354,94.3,1.6,81830.0,0.0014,0.90846,450.1936,1.05659,0.00344,4
707,2018-01-04 11:00:00,54.0,-2.854,94.3,1.1,81800.0,0.0012,0.86933,467.25794,1.05425,0.00357,4
708,2018-01-04 12:00:00,52.0,-2.554,95.3,0.4,81750.0,0.0018,0.87779,482.83648,1.05244,0.0037,4
709,2018-01-04 13:00:00,65.0,-1.954,96.6,0.4,81710.0,0.0026,0.82107,511.60704,1.0496,0.00392,4
710,2018-01-04 14:00:00,45.0,-0.354,95.9,0.6,81710.0,0.0021,0.87217,571.02067,1.04344,0.00438,4
711,2018-01-04 15:00:00,43.0,0.546,95.9,0.9,81710.0,0.0013,0.69241,609.50133,1.04001,0.00467,4
712,2018-01-04 16:00:00,11.0,0.446,95.9,0.7,81720.0,0.0006,0.70865,605.11514,1.04052,0.00464,4
713,2018-01-04 17:00:00,0.0,0.246,97.0,1.0,81730.0,0.0007,0.57106,603.26777,1.04141,0.00463,4
714,2018-01-04 18:00:00,0.0,0.346,96.7,1.1,81720.0,0.0001,0.57106,605.76847,1.0409,0.00465,4
715,2018-01-04 19:00:00,0.0,0.346,96.2,1.3,81690.0,0.0,0.57106,602.63626,1.04051,0.00462,4
716,2018-01-04 20:00:00,0.0,0.646,94.9,1.5,81670.0,0.0,0.57106,607.51406,1.03912,0.00466,4
717,2018-01-04 21:00:00,0.0,1.346,91.6,2.3,81660.0,0.0,0.57106,616.66918,1.03634,0.00473,4
718,2018-01-04 22:00:00,0.0,1.146,92.2,2.1,81720.0,0.0,0.57106,611.86114,1.03786,0.00469,4
719,2018-01-04 23:00:00,0.0,1.046,92.8,2.2,81750.0,0.0,0.57106,611.43273,1.03862,0.00469,4
720,2018-01-05 00:00:00,0.0,0.946,93.3,2.1,81740.0,0.0,0.37611,610.32133,1.03887,0.00468,5
721,2018-01-05 01:00:00,0.0,0.946,93.4,2.3,81740.0,0.0,0.37611,610.97548,1.03887,0.00468,5
722,2018-01-05 02:00:00,0.0,-0.354,94.7,2.0,81750.0,0.0,0.37611,563.87547,1.04395,0.00432,5
723,2018-01-05 03:00:00,0.0,-0.554,93.2,2.8,81770.0,0.0,0.37611,546.92354,1.04497,0.00419,5
724,2018-01-05 04:00:00,0.0,-1.754,95.3,1.8,81770.0,0.0,0.37611,512.21043,1.04959,0.00392,5
725,2018-01-05 05:00:00,0.0,-2.654,98.1,1.0,81800.0,0.0,0.37611,493.35341,1.05347,0.00377,5
726,2018-01-05 06:00:00,0.0,-4.554,99.7,1.1,81820.0,0.0,0.37611,435.03947,1.06118,0.00332,5
727,2018-01-05 07:00:00,0.0,-4.554,100.0,1.0,81880.0,0.0,0.37611,436.34851,1.06196,0.00333,5
728,2018-01-05 08:00:00,10.0,-5.654,99.3,1.1,81920.0,0.0,0.89897,398.69086,1.06685,0.00304,5
729,2018-01-05 09:00:00,90.0,-5.354,97.9,0.8,81930.0,0.0,0.67692,402.12496,1.06578,0.00307,5
730,2018-01-05 10:00:00,166.0,-4.554,95.1,1.2,81950.0,0.0,0.56032,414.96743,1.06287,0.00317,5
731,2018-01-05 11:00:00,349.0,-1.654,90.0,1.0,81910.0,0.0,0.17386,487.29518,1.051,0.00372,5
732,2018-01-05 12:00:00,336.0,0.046,88.4,1.1,81820.0,0.0,0.21036,541.87523,1.04332,0.00415,5
733,2018-01-05 13:00:00,272.0,2.146,79.4,1.2,81810.0,0.0,0.25124,565.99794,1.03523,0.00433,5
734,2018-01-05 14:00:00,345.0,3.546,69.8,1.9,81810.0,0.0,0.02,549.44943,1.02999,0.00421,5
735,2018-01-05 15:00:00,137.0,3.046,74.0,3.4,81820.0,0.0,0.02,562.30935,1.03198,0.0043,5
736,2018-01-05 16:00:00,37.0,2.246,77.7,4.1,81820.0,0.0,0.02,557.83874,1.03498,0.00427,5
737,2018-01-05 17:00:00,0.0,1.246,82.3,5.1,81810.0,0.0,0.47909,550.09851,1.03863,0.00421,5
738,2018-01-05 18:00:00,0.0,0.146,87.5,4.5,81820.0,0.0,0.47909,540.25906,1.04293,0.00413,5
739,2018-01-05 19:00:00,0.0,0.746,86.2,4.3,81880.0,0.0,0.47909,555.81323,1.04141,0.00425,5
740,2018-01-05 20:00:00,0.0,0.446,86.2,1.9,81910.0,0.0,0.47909,543.90954,1.04294,0.00416,5
741,2018-01-05 21:00:00,0.0,-1.454,91.3,1.5,81930.0,0.0,0.47909,501.64978,1.05049,0.00383,5
742,2018-01-05 22:00:00,0.0,-0.854,89.6,1.3,81960.0,0.0,0.47909,514.41706,1.04855,0.00393,5
743,2018-01-05 23:00:00,0.0,-0.154,89.7,0.7,81970.0,0.0,0.47909,541.92323,1.04599,0.00414,5
744,2018-01-06 00:00:00,0.0,-1.554,94.6,0.6,81970.0,0.0,0.11035,515.97919,1.05139,0.00394,6
745,2018-01-06 01:00:00,0.0,-2.954,94.6,0.8,81950.0,0.0,0.11035,465.27535,1.05658,0.00355,6
746,2018-01-06 02:00:00,0.0,-2.854,92.7,1.3,81960.0,0.0,0.11035,459.32992,1.05631,0.00351,6
747,2018-01-06 03:00:00,0.0,-2.854,94.6,0.8,81960.0,0.0,0.11035,468.74445,1.05631,0.00358,6
748,2018-01-06 04:00:00,0.0,-3.054,94.3,1.1,81930.0,0.0,0.11035,460.36449,1.05671,0.00351,6
749,2018-01-06 05:00:00,0.0,-3.054,96.4,0.7,81960.0,0.0,0.11035,470.61651,1.0571,0.00359,6
750,2018-01-06 06:00:00,0.0,-4.354,98.7,1.0,81970.0,0.0,0.11035,437.20683,1.06234,0.00334,6
751,2018-01-06 07:00:00,0.0,-4.054,95.3,1.6,82000.0,0.0,0.11035,431.76418,1.06154,0.00329,6
752,2018-01-06 08:00:00,18.0,0.446,83.0,3.7,82040.0,0.0,0.81814,523.718,1.04459,0.004,6
753,2018-01-06 09:00:00,125.0,1.346,79.0,3.9,82070.0,0.0,0.55128,531.84351,1.04155,0.00406,6
754,2018-01-06 10:00:00,228.0,1.746,79.6,3.5,82100.0,0.0,0.39611,551.45353,1.04041,0.00421,6
755,2018-01-06 11:00:00,149.0,1.646,79.6,4.4,82130.0,0.0,0.64729,547.52375,1.04117,0.00417,6
756,2018-01-06 12:00:00,249.0,2.146,74.5,4.4,82130.0,0.0,0.41482,531.06859,1.03928,0.00405,6
757,2018-01-06 13:00:00,209.0,2.346,71.7,3.3,82110.0,0.0,0.42466,518.43891,1.03827,0.00395,6
758,2018-01-06 14:00:00,111.0,1.846,78.3,3.0,82130.0,0.0,0.6847,546.33753,1.04041,0.00417,6
759,2018-01-06 15:00:00,51.0,1.446,82.4,2.9,82200.0,0.0,0.63518,558.72431,1.04282,0.00426,6
760,2018-01-06 16:00:00,10.0,1.046,84.8,1.3,82220.0,0.0,0.73514,558.72301,1.04459,0.00426,6
761,2018-01-06 17:00:00,0.0,0.546,89.7,1.3,82260.0,0.0,0.37725,570.09666,1.04701,0.00434,6
762,2018-01-06 18:00:00,0.0,0.346,88.6,1.7,82290.0,0.0,0.37725,555.02675,1.04816,0.00422,6
763,2018-01-06 19:00:00,0.0,-0.054,89.1,1.0,82340.0,0.0,0.37725,542.21956,1.05033,0.00412,6
764,2018-01-06 20:00:00,0.0,-1.654,94.0,0.6,82410.0,0.0,0.37725,508.95274,1.05742,0.00387,6
765,2018-01-06 21:00:00,0.0,-1.654,94.4,0.7,82450.0,0.0,0.37725,511.1185,1.05793,0.00388,6
766,2018-01-06 22:00:00,0.0,-2.354,95.3,0.8,82480.0,0.0,0.37725,490.03618,1.06105,0.00372,6
767,2018-01-06 23:00:00,0.0,-3.454,97.5,1.5,82510.0,0.0,0.37725,462.01138,1.06577,0.0035,6
768,2018-01-07 00:00:00,0.0,-3.154,95.3,0.6,82530.0,0.0,0.26595,461.79748,1.06484,0.0035,7
769,2018-01-07 01:00:00,0.0,-3.154,95.1,0.8,82530.0,0.0,0.26595,460.82833,1.06484,0.00349,7
770,2018-01-07 02:00:00,0.0,-2.554,93.7,0.5,82560.0,0.0,0.26595,474.7301,1.06287,0.0036,7
771,2018-01-07 03:00:00,0.0,-3.354,96.4,0.5,82570.0,0.0,0.26595,460.21912,1.06615,0.00349,7
772,2018-01-07 04:00:00,0.0,-2.954,96.0,0.7,82590.0,0.0,0.26595,472.16103,1.06483,0.00358,7
773,2018-01-07 05:00:00,0.0,-3.554,97.4,0.7,82610.0,0.0,0.26595,458.10469,1.06745,0.00347,7
774,2018-01-07 06:00:00,0.0,-4.254,98.3,0.8,82640.0,0.0,0.26595,438.71991,1.07062,0.00332,7
775,2018-01-07 07:00:00,0.0,-4.854,98.3,0.6,82700.0,0.0,0.26595,419.33586,1.0738,0.00317,7
776,2018-01-07 08:00:00,17.0,-4.354,97.0,0.9,82760.0,0.0,0.82825,429.67642,1.07258,0.00325,7
777,2018-01-07 09:00:00,54.0,-3.354,95.8,0.8,82810.0,0.0,0.80615,457.35468,1.06925,0.00345,7
778,2018-01-07 10:00:00,119.0,-2.554,94.4,0.4,82840.0,0.0,0.68481,478.27664,1.06647,0.00361,7
779,2018-01-07 11:00:00,141.0,-1.754,91.2,0.4,82830.0,0.0,0.66623,490.17409,1.0632,0.0037,7
780,2018-01-07 12:00:00,164.0,-0.354,84.4,0.9,82800.0,0.0,0.61458,502.54582,1.05736,0.0038,7
781,2018-01-07 13:00:00,229.0,0.846,81.7,1.4,82760.0,0.0,0.36961,530.60654,1.05222,0.00401,7
782,2018-01-07 14:00:00,152.0,3.446,63.0,4.6,82750.0,0.0,0.56823,492.4386,1.0422,0.00372,7
783,2018-01-07 15:00:00,78.0,3.646,60.4,5.2,82780.0,0.0,0.44204,478.81476,1.04183,0.00362,7
784,2018-01-07 16:00:00,16.0,3.346,62.0,4.9,82810.0,0.0,0.57622,481.21591,1.04334,0.00364,7
785,2018-01-07 17:00:00,0.0,2.946,64.9,4.4,82850.0,0.0,0.54474,489.68304,1.04535,0.0037,7
786,2018-01-07 18:00:00,0.0,2.346,66.2,3.2,82910.0,0.0,0.54474,478.67024,1.04839,0.00361,7
787,2018-01-07 19:00:00,0.0,0.846,72.9,1.9,82960.0,0.0,0.54474,473.45431,1.05476,0.00357,7
788,2018-01-07 20:00:00,0.0,-0.954,81.5,1.2,83000.0,0.0,0.54474,464.50666,1.06225,0.0035,7
789,2018-01-07 21:00:00,0.0,-2.454,85.7,1.9,83020.0,0.0,0.54474,437.42476,1.06839,0.00329,7
790,2018-01-07 22:00:00,0.0,-3.154,84.4,1.4,83050.0,0.0,0.54474,408.97909,1.07155,0.00308,7
791,2018-01-07 23:00:00,0.0,-3.654,86.1,1.1,83080.0,0.0,0.54474,401.94252,1.07393,0.00302,7
792,2018-01-08 00:00:00,0.0,-3.754,89.1,0.6,83090.0,0.0,0.27796,412.84859,1.07445,0.00311,8
793,2018-01-08 01:00:00,0.0,-4.654,91.5,0.8,83100.0,0.0,0.27796,396.26192,1.07819,0.00298,8
794,2018-01-08 02:00:00,0.0,-4.154,90.2,0.7,83120.0,0.0,0.27796,405.60348,1.07644,0.00305,8
795,2018-01-08 03:00:00,0.0,-3.754,89.2,0.7,83130.0,0.0,0.27796,413.31195,1.07497,0.00311,8
796,2018-01-08 04:00:00,0.0,-3.454,90.2,0.8,83150.0,0.0,0.27796,427.41975,1.07403,0.00321,8
797,2018-01-08 05:00:00,0.0,-3.154,89.7,0.6,83150.0,0.0,0.27796,434.66142,1.07284,0.00327,8
798,2018-01-08 06:00:00,0.0,-3.554,91.2,0.8,83140.0,0.0,0.27796,428.94402,1.0743,0.00323,8
799,2018-01-08 07:00:00,0.0,-4.754,93.5,0.8,83160.0,0.0,0.27796,401.88135,1.07937,0.00302,8
800,2018-01-08 08:00:00,18.0,-5.954,94.2,1.0,83160.0,0.0,0.81814,369.67629,1.08421,0.00278,8
801,2018-01-08 09:00:00,50.0,-5.154,93.4,0.8,83160.0,0.0,0.82051,389.49829,1.08098,0.00293,8
802,2018-01-08 10:00:00,78.0,-5.454,91.8,1.1,83170.0,0.0,0.79341,374.21974,1.08232,0.00281,8
803,2018-01-08 11:00:00,155.0,-4.454,88.7,1.4,83140.0,0.0,0.63309,389.9659,1.0779,0.00293,8
804,2018-01-08 12:00:00,138.0,-2.054,80.1,1.2,83070.0,0.0,0.67568,421.10448,1.06746,0.00317,8
805,2018-01-08 13:00:00,237.0,1.046,70.1,2.0,83000.0,0.0,0.29189,461.8689,1.0545,0.00348,8
806,2018-01-08 14:00:00,156.0,3.146,63.1,3.2,83000.0,0.0,0.55687,482.88495,1.04649,0.00364,8
807,2018-01-08 15:00:00,71.0,2.946,71.1,6.7,83050.0,0.0,0.49212,536.46324,1.04788,0.00404,8
808,2018-01-08 16:00:00,9.0,2.346,72.4,3.9,83060.0,0.0,0.56488,523.50038,1.05028,0.00395,8
809,2018-01-08 17:00:00,0.0,1.046,77.0,1.3,83060.0,0.0,0.56488,507.33104,1.05526,0.00382,8
810,2018-01-08 18:00:00,0.0,-0.654,84.1,1.3,83040.0,0.0,0.56488,489.93846,1.06159,0.00369,8
811,2018-01-08 19:00:00,0.0,-1.254,85.8,1.2,83020.0,0.0,0.56488,478.39521,1.06368,0.0036,8
812,2018-01-08 20:00:00,0.0,2.646,62.8,3.8,83020.0,0.0,0.56488,463.86898,1.04864,0.00349,8
813,2018-01-08 21:00:00,0.0,4.846,49.1,2.6,82990.0,0.0,0.56488,423.36901,1.03996,0.00319,8
814,2018-01-08 22:00:00,0.0,2.646,61.0,2.8,82960.0,0.0,0.56488,450.57338,1.04788,0.0034,8
815,2018-01-08 23:00:00,0.0,0.946,73.6,2.4,82930.0,0.0,0.56488,481.45391,1.054,0.00363,8
